Processors = 12,,,
Duration = 432000 seconds,,,
Rain_application_duration = 0 hours,,,
Time_step = 60 seconds,,,
cfl = 0.70000000000000007,,,
Time_step_min = 60 seconds,,,
Time_steps = 7200,,,
mult = 0,,,
addition = 0.028000001,,,
InitialWaterLevel = 0 meter,,,
Minutes_to_seconds = 60,,,
Hour_to_minute = 60,,,
Rain_duration_seconds = 0,,,
sea_level = 4.6999998 meter,,,
seconds_per_day = 86400,,,
current_time = 0 seconds,,,
------------------------------,,,
Time step,Time [hours],Max difference in water depth [m],Rainfall situation
0,0.0166667,0,Rainfall has stopped.
1,0.0333333,0.0275631,Rainfall has stopped.
2,0.05,0.053144,Rainfall has stopped.
3,0.0666667,0.0767517,Rainfall has stopped.
4,0.0833333,0.0983629,Rainfall has stopped.
5,0.1,0.118018,Rainfall has stopped.
6,0.116667,0.135777,Rainfall has stopped.
7,0.133333,0.151721,Rainfall has stopped.
8,0.15,0.16595,Rainfall has stopped.
9,0.166667,0.178569,Rainfall has stopped.
10,0.183333,0.189697,Rainfall has stopped.
11,0.2,0.199818,Rainfall has stopped.
12,0.216667,0.20967,Rainfall has stopped.
13,0.233333,0.218332,Rainfall has stopped.
14,0.25,0.225903,Rainfall has stopped.
15,0.266667,0.232482,Rainfall has stopped.
16,0.283333,0.238166,Rainfall has stopped.
17,0.3,0.243046,Rainfall has stopped.
18,0.316667,0.247206,Rainfall has stopped.
19,0.333333,0.250731,Rainfall has stopped.
20,0.35,0.253698,Rainfall has stopped.
21,0.366667,0.256179,Rainfall has stopped.
22,0.383333,0.258239,Rainfall has stopped.
23,0.4,0.259935,Rainfall has stopped.
24,0.416667,0.261319,Rainfall has stopped.
25,0.433333,0.262439,Rainfall has stopped.
26,0.45,0.263334,Rainfall has stopped.
27,0.466667,0.264041,Rainfall has stopped.
28,0.483333,0.2646,Rainfall has stopped.
29,0.5,0.265046,Rainfall has stopped.
30,0.516667,0.265889,Rainfall has stopped.
31,0.533333,0.266992,Rainfall has stopped.
32,0.55,0.267999,Rainfall has stopped.
33,0.566667,0.268922,Rainfall has stopped.
34,0.583333,0.269771,Rainfall has stopped.
35,0.6,0.270554,Rainfall has stopped.
36,0.616667,0.271279,Rainfall has stopped.
37,0.633333,0.271952,Rainfall has stopped.
38,0.65,0.272579,Rainfall has stopped.
39,0.666667,0.273164,Rainfall has stopped.
40,0.683333,0.273712,Rainfall has stopped.
41,0.7,0.274227,Rainfall has stopped.
42,0.716667,0.286133,Rainfall has stopped.
43,0.733333,0.310977,Rainfall has stopped.
44,0.75,0.335318,Rainfall has stopped.
45,0.766667,0.359054,Rainfall has stopped.
46,0.783333,0.382085,Rainfall has stopped.
47,0.8,0.40428,Rainfall has stopped.
48,0.816667,0.425588,Rainfall has stopped.
49,0.833333,0.445971,Rainfall has stopped.
50,0.85,0.465403,Rainfall has stopped.
51,0.866667,0.483867,Rainfall has stopped.
52,0.883333,0.501358,Rainfall has stopped.
53,0.9,0.517878,Rainfall has stopped.
54,0.916667,0.533434,Rainfall has stopped.
55,0.933333,0.548042,Rainfall has stopped.
56,0.95,0.561723,Rainfall has stopped.
57,0.966667,0.5745,Rainfall has stopped.
58,0.983333,0.586401,Rainfall has stopped.
59,1,0.597459,Rainfall has stopped.
60,1.01667,0.609227,Rainfall has stopped.
61,1.03333,0.621365,Rainfall has stopped.
62,1.05,0.632592,Rainfall has stopped.
63,1.06667,0.642943,Rainfall has stopped.
64,1.08333,0.656709,Rainfall has stopped.
65,1.1,0.669905,Rainfall has stopped.
66,1.11667,0.682214,Rainfall has stopped.
67,1.13333,0.693659,Rainfall has stopped.
68,1.15,0.704269,Rainfall has stopped.
69,1.16667,0.714074,Rainfall has stopped.
70,1.18333,0.723104,Rainfall has stopped.
71,1.2,0.731391,Rainfall has stopped.
72,1.21667,0.738969,Rainfall has stopped.
73,1.23333,0.745869,Rainfall has stopped.
74,1.25,0.752127,Rainfall has stopped.
75,1.26667,0.757776,Rainfall has stopped.
76,1.28333,0.762848,Rainfall has stopped.
77,1.3,0.767378,Rainfall has stopped.
78,1.31667,0.771397,Rainfall has stopped.
79,1.33333,0.774937,Rainfall has stopped.
80,1.35,0.778029,Rainfall has stopped.
81,1.36667,0.780703,Rainfall has stopped.
82,1.38333,0.782987,Rainfall has stopped.
83,1.4,0.784911,Rainfall has stopped.
84,1.41667,0.7865,Rainfall has stopped.
85,1.43333,0.787781,Rainfall has stopped.
86,1.45,0.788778,Rainfall has stopped.
87,1.46667,0.789514,Rainfall has stopped.
88,1.48333,0.790012,Rainfall has stopped.
89,1.5,0.790294,Rainfall has stopped.
90,1.51667,0.790378,Rainfall has stopped.
91,1.53333,0.790284,Rainfall has stopped.
92,1.55,0.79003,Rainfall has stopped.
93,1.56667,0.789631,Rainfall has stopped.
94,1.58333,0.789105,Rainfall has stopped.
95,1.6,0.788464,Rainfall has stopped.
96,1.61667,0.787724,Rainfall has stopped.
97,1.63333,0.786896,Rainfall has stopped.
98,1.65,0.785991,Rainfall has stopped.
99,1.66667,0.785022,Rainfall has stopped.
100,1.68333,0.783998,Rainfall has stopped.
101,1.7,0.782927,Rainfall has stopped.
102,1.71667,0.781819,Rainfall has stopped.
103,1.73333,0.780681,Rainfall has stopped.
104,1.75,0.77952,Rainfall has stopped.
105,1.76667,0.778342,Rainfall has stopped.
106,1.78333,0.777153,Rainfall has stopped.
107,1.8,0.775959,Rainfall has stopped.
108,1.81667,0.774764,Rainfall has stopped.
109,1.83333,0.773572,Rainfall has stopped.
110,1.85,0.772387,Rainfall has stopped.
111,1.86667,0.771212,Rainfall has stopped.
112,1.88333,0.770051,Rainfall has stopped.
113,1.9,0.768905,Rainfall has stopped.
114,1.91667,0.767777,Rainfall has stopped.
115,1.93333,0.766669,Rainfall has stopped.
116,1.95,0.765583,Rainfall has stopped.
117,1.96667,0.764519,Rainfall has stopped.
118,1.98333,0.763479,Rainfall has stopped.
119,2,0.762465,Rainfall has stopped.
120,2.01667,0.761476,Rainfall has stopped.
121,2.03333,0.760513,Rainfall has stopped.
122,2.05,0.759577,Rainfall has stopped.
123,2.06667,0.758667,Rainfall has stopped.
124,2.08333,0.757785,Rainfall has stopped.
125,2.1,0.75693,Rainfall has stopped.
126,2.11667,0.756101,Rainfall has stopped.
127,2.13333,0.7553,Rainfall has stopped.
128,2.15,0.754524,Rainfall has stopped.
129,2.16667,0.753776,Rainfall has stopped.
130,2.18333,0.753052,Rainfall has stopped.
131,2.2,0.752355,Rainfall has stopped.
132,2.21667,0.751682,Rainfall has stopped.
133,2.23333,0.751034,Rainfall has stopped.
134,2.25,0.750409,Rainfall has stopped.
135,2.26667,0.749808,Rainfall has stopped.
136,2.28333,0.749229,Rainfall has stopped.
137,2.3,0.748673,Rainfall has stopped.
138,2.31667,0.748139,Rainfall has stopped.
139,2.33333,0.747625,Rainfall has stopped.
140,2.35,0.747132,Rainfall has stopped.
141,2.36667,0.746658,Rainfall has stopped.
142,2.38333,0.746204,Rainfall has stopped.
143,2.4,0.745768,Rainfall has stopped.
144,2.41667,0.74535,Rainfall has stopped.
145,2.43333,0.74495,Rainfall has stopped.
146,2.45,0.744566,Rainfall has stopped.
147,2.46667,0.744199,Rainfall has stopped.
148,2.48333,0.743847,Rainfall has stopped.
149,2.5,0.74351,Rainfall has stopped.
150,2.51667,0.743189,Rainfall has stopped.
151,2.53333,0.742881,Rainfall has stopped.
152,2.55,0.742586,Rainfall has stopped.
153,2.56667,0.742305,Rainfall has stopped.
154,2.58333,0.742036,Rainfall has stopped.
155,2.6,0.741779,Rainfall has stopped.
156,2.61667,0.741534,Rainfall has stopped.
157,2.63333,0.7413,Rainfall has stopped.
158,2.65,0.741077,Rainfall has stopped.
159,2.66667,0.740864,Rainfall has stopped.
160,2.68333,0.74066,Rainfall has stopped.
161,2.7,0.740466,Rainfall has stopped.
162,2.71667,0.740282,Rainfall has stopped.
163,2.73333,0.740105,Rainfall has stopped.
164,2.75,0.739938,Rainfall has stopped.
165,2.76667,0.739778,Rainfall has stopped.
166,2.78333,0.739625,Rainfall has stopped.
167,2.8,0.73948,Rainfall has stopped.
168,2.81667,0.739342,Rainfall has stopped.
169,2.83333,0.73921,Rainfall has stopped.
170,2.85,0.739085,Rainfall has stopped.
171,2.86667,0.738965,Rainfall has stopped.
172,2.88333,0.738852,Rainfall has stopped.
173,2.9,0.738744,Rainfall has stopped.
174,2.91667,0.738641,Rainfall has stopped.
175,2.93333,0.738542,Rainfall has stopped.
176,2.95,0.738449,Rainfall has stopped.
177,2.96667,0.73836,Rainfall has stopped.
178,2.98333,0.738275,Rainfall has stopped.
179,3,0.738194,Rainfall has stopped.
180,3.01667,0.738117,Rainfall has stopped.
181,3.03333,0.738043,Rainfall has stopped.
182,3.05,0.737973,Rainfall has stopped.
183,3.06667,0.737906,Rainfall has stopped.
184,3.08333,0.737842,Rainfall has stopped.
185,3.1,0.737781,Rainfall has stopped.
186,3.11667,0.737722,Rainfall has stopped.
187,3.13333,0.737666,Rainfall has stopped.
188,3.15,0.737612,Rainfall has stopped.
189,3.16667,0.737561,Rainfall has stopped.
190,3.18333,0.737511,Rainfall has stopped.
191,3.2,0.737463,Rainfall has stopped.
192,3.21667,0.737417,Rainfall has stopped.
193,3.23333,0.737373,Rainfall has stopped.
194,3.25,0.73733,Rainfall has stopped.
195,3.26667,0.737289,Rainfall has stopped.
196,3.28333,0.737249,Rainfall has stopped.
197,3.3,0.737211,Rainfall has stopped.
198,3.31667,0.737173,Rainfall has stopped.
199,3.33333,0.737137,Rainfall has stopped.
200,3.35,0.737101,Rainfall has stopped.
201,3.36667,0.737066,Rainfall has stopped.
202,3.38333,0.737032,Rainfall has stopped.
203,3.4,0.736999,Rainfall has stopped.
204,3.41667,0.736967,Rainfall has stopped.
205,3.43333,0.736935,Rainfall has stopped.
206,3.45,0.736904,Rainfall has stopped.
207,3.46667,0.736873,Rainfall has stopped.
208,3.48333,0.736843,Rainfall has stopped.
209,3.5,0.736813,Rainfall has stopped.
210,3.51667,0.736784,Rainfall has stopped.
211,3.53333,0.736754,Rainfall has stopped.
212,3.55,0.736726,Rainfall has stopped.
213,3.56667,0.736697,Rainfall has stopped.
214,3.58333,0.736669,Rainfall has stopped.
215,3.6,0.736641,Rainfall has stopped.
216,3.61667,0.736614,Rainfall has stopped.
217,3.63333,0.736586,Rainfall has stopped.
218,3.65,0.736559,Rainfall has stopped.
219,3.66667,0.736531,Rainfall has stopped.
220,3.68333,0.736504,Rainfall has stopped.
221,3.7,0.736477,Rainfall has stopped.
222,3.71667,0.73645,Rainfall has stopped.
223,3.73333,0.736423,Rainfall has stopped.
224,3.75,0.736396,Rainfall has stopped.
225,3.76667,0.73637,Rainfall has stopped.
226,3.78333,0.736343,Rainfall has stopped.
227,3.8,0.736317,Rainfall has stopped.
228,3.81667,0.73629,Rainfall has stopped.
229,3.83333,0.736263,Rainfall has stopped.
230,3.85,0.736237,Rainfall has stopped.
231,3.86667,0.73621,Rainfall has stopped.
232,3.88333,0.736184,Rainfall has stopped.
233,3.9,0.736157,Rainfall has stopped.
234,3.91667,0.736131,Rainfall has stopped.
235,3.93333,0.736105,Rainfall has stopped.
236,3.95,0.736079,Rainfall has stopped.
237,3.96667,0.736053,Rainfall has stopped.
238,3.98333,0.736026,Rainfall has stopped.
239,4,0.736,Rainfall has stopped.
240,4.01667,0.735974,Rainfall has stopped.
241,4.03333,0.735948,Rainfall has stopped.
242,4.05,0.735922,Rainfall has stopped.
243,4.06667,0.735897,Rainfall has stopped.
244,4.08333,0.735871,Rainfall has stopped.
245,4.1,0.735845,Rainfall has stopped.
246,4.11667,0.73582,Rainfall has stopped.
247,4.13333,0.735794,Rainfall has stopped.
248,4.15,0.735769,Rainfall has stopped.
249,4.16667,0.735744,Rainfall has stopped.
250,4.18333,0.735718,Rainfall has stopped.
251,4.2,0.735693,Rainfall has stopped.
252,4.21667,0.735668,Rainfall has stopped.
253,4.23333,0.735644,Rainfall has stopped.
254,4.25,0.735619,Rainfall has stopped.
255,4.26667,0.735594,Rainfall has stopped.
256,4.28333,0.73557,Rainfall has stopped.
257,4.3,0.735545,Rainfall has stopped.
258,4.31667,0.735521,Rainfall has stopped.
259,4.33333,0.735497,Rainfall has stopped.
260,4.35,0.735473,Rainfall has stopped.
261,4.36667,0.73545,Rainfall has stopped.
262,4.38333,0.735426,Rainfall has stopped.
263,4.4,0.735403,Rainfall has stopped.
264,4.41667,0.73538,Rainfall has stopped.
265,4.43333,0.735357,Rainfall has stopped.
266,4.45,0.735334,Rainfall has stopped.
267,4.46667,0.735312,Rainfall has stopped.
268,4.48333,0.735289,Rainfall has stopped.
269,4.5,0.735267,Rainfall has stopped.
270,4.51667,0.735245,Rainfall has stopped.
271,4.53333,0.735223,Rainfall has stopped.
272,4.55,0.735201,Rainfall has stopped.
273,4.56667,0.73518,Rainfall has stopped.
274,4.58333,0.735159,Rainfall has stopped.
275,4.6,0.735138,Rainfall has stopped.
276,4.61667,0.735117,Rainfall has stopped.
277,4.63333,0.735096,Rainfall has stopped.
278,4.65,0.735076,Rainfall has stopped.
279,4.66667,0.735056,Rainfall has stopped.
280,4.68333,0.735036,Rainfall has stopped.
281,4.7,0.735016,Rainfall has stopped.
282,4.71667,0.734997,Rainfall has stopped.
283,4.73333,0.734977,Rainfall has stopped.
284,4.75,0.734958,Rainfall has stopped.
285,4.76667,0.734939,Rainfall has stopped.
286,4.78333,0.73492,Rainfall has stopped.
287,4.8,0.734901,Rainfall has stopped.
288,4.81667,0.734883,Rainfall has stopped.
289,4.83333,0.734865,Rainfall has stopped.
290,4.85,0.734847,Rainfall has stopped.
291,4.86667,0.734829,Rainfall has stopped.
292,4.88333,0.734812,Rainfall has stopped.
293,4.9,0.734794,Rainfall has stopped.
294,4.91667,0.734777,Rainfall has stopped.
295,4.93333,0.73476,Rainfall has stopped.
296,4.95,0.734744,Rainfall has stopped.
297,4.96667,0.734727,Rainfall has stopped.
298,4.98333,0.734711,Rainfall has stopped.
299,5,0.734694,Rainfall has stopped.
300,5.01667,0.734679,Rainfall has stopped.
301,5.03333,0.734663,Rainfall has stopped.
302,5.05,0.734648,Rainfall has stopped.
303,5.06667,0.734632,Rainfall has stopped.
304,5.08333,0.734617,Rainfall has stopped.
305,5.1,0.734602,Rainfall has stopped.
306,5.11667,0.734587,Rainfall has stopped.
307,5.13333,0.734572,Rainfall has stopped.
308,5.15,0.734558,Rainfall has stopped.
309,5.16667,0.734544,Rainfall has stopped.
310,5.18333,0.73453,Rainfall has stopped.
311,5.2,0.734516,Rainfall has stopped.
312,5.21667,0.734502,Rainfall has stopped.
313,5.23333,0.734489,Rainfall has stopped.
314,5.25,0.734476,Rainfall has stopped.
315,5.26667,0.734462,Rainfall has stopped.
316,5.28333,0.73445,Rainfall has stopped.
317,5.3,0.734437,Rainfall has stopped.
318,5.31667,0.734424,Rainfall has stopped.
319,5.33333,0.734412,Rainfall has stopped.
320,5.35,0.7344,Rainfall has stopped.
321,5.36667,0.734387,Rainfall has stopped.
322,5.38333,0.734375,Rainfall has stopped.
323,5.4,0.734363,Rainfall has stopped.
324,5.41667,0.734352,Rainfall has stopped.
325,5.43333,0.73434,Rainfall has stopped.
326,5.45,0.734329,Rainfall has stopped.
327,5.46667,0.734328,Rainfall has stopped.
328,5.48333,0.734328,Rainfall has stopped.
329,5.5,0.734328,Rainfall has stopped.
330,5.51667,0.734328,Rainfall has stopped.
331,5.53333,0.734329,Rainfall has stopped.
332,5.55,0.734329,Rainfall has stopped.
333,5.56667,0.734329,Rainfall has stopped.
334,5.58333,0.734329,Rainfall has stopped.
335,5.6,0.734329,Rainfall has stopped.
336,5.61667,0.734329,Rainfall has stopped.
337,5.63333,0.734329,Rainfall has stopped.
338,5.65,0.734329,Rainfall has stopped.
339,5.66667,0.734329,Rainfall has stopped.
340,5.68333,0.734329,Rainfall has stopped.
341,5.7,0.73433,Rainfall has stopped.
342,5.71667,0.73433,Rainfall has stopped.
343,5.73333,0.73433,Rainfall has stopped.
344,5.75,0.73433,Rainfall has stopped.
345,5.76667,0.73433,Rainfall has stopped.
346,5.78333,0.73433,Rainfall has stopped.
347,5.8,0.73433,Rainfall has stopped.
348,5.81667,0.73433,Rainfall has stopped.
349,5.83333,0.73433,Rainfall has stopped.
350,5.85,0.73433,Rainfall has stopped.
351,5.86667,0.73433,Rainfall has stopped.
352,5.88333,0.73433,Rainfall has stopped.
353,5.9,0.73433,Rainfall has stopped.
354,5.91667,0.73433,Rainfall has stopped.
355,5.93333,0.734331,Rainfall has stopped.
356,5.95,0.734331,Rainfall has stopped.
357,5.96667,0.734331,Rainfall has stopped.
358,5.98333,0.734331,Rainfall has stopped.
359,6,0.734331,Rainfall has stopped.
360,6.01667,0.734331,Rainfall has stopped.
361,6.03333,0.734331,Rainfall has stopped.
362,6.05,0.734331,Rainfall has stopped.
363,6.06667,0.734331,Rainfall has stopped.
364,6.08333,0.734332,Rainfall has stopped.
365,6.1,0.734332,Rainfall has stopped.
366,6.11667,0.734332,Rainfall has stopped.
367,6.13333,0.734332,Rainfall has stopped.
368,6.15,0.734332,Rainfall has stopped.
369,6.16667,0.734332,Rainfall has stopped.
370,6.18333,0.734332,Rainfall has stopped.
371,6.2,0.734332,Rainfall has stopped.
372,6.21667,0.734332,Rainfall has stopped.
373,6.23333,0.734332,Rainfall has stopped.
374,6.25,0.734332,Rainfall has stopped.
375,6.26667,0.734332,Rainfall has stopped.
376,6.28333,0.734332,Rainfall has stopped.
377,6.3,0.734332,Rainfall has stopped.
378,6.31667,0.734332,Rainfall has stopped.
379,6.33333,0.734332,Rainfall has stopped.
380,6.35,0.734333,Rainfall has stopped.
381,6.36667,0.734333,Rainfall has stopped.
382,6.38333,0.734333,Rainfall has stopped.
383,6.4,0.734333,Rainfall has stopped.
384,6.41667,0.734333,Rainfall has stopped.
385,6.43333,0.734333,Rainfall has stopped.
386,6.45,0.734333,Rainfall has stopped.
387,6.46667,0.734333,Rainfall has stopped.
388,6.48333,0.734333,Rainfall has stopped.
389,6.5,0.734333,Rainfall has stopped.
390,6.51667,0.734333,Rainfall has stopped.
391,6.53333,0.734333,Rainfall has stopped.
392,6.55,0.734333,Rainfall has stopped.
393,6.56667,0.734333,Rainfall has stopped.
394,6.58333,0.734333,Rainfall has stopped.
395,6.6,0.734333,Rainfall has stopped.
396,6.61667,0.734333,Rainfall has stopped.
397,6.63333,0.734334,Rainfall has stopped.
398,6.65,0.734334,Rainfall has stopped.
399,6.66667,0.734334,Rainfall has stopped.
400,6.68333,0.734334,Rainfall has stopped.
401,6.7,0.734334,Rainfall has stopped.
402,6.71667,0.734334,Rainfall has stopped.
403,6.73333,0.734334,Rainfall has stopped.
404,6.75,0.734334,Rainfall has stopped.
405,6.76667,0.734334,Rainfall has stopped.
406,6.78333,0.734334,Rainfall has stopped.
407,6.8,0.734334,Rainfall has stopped.
408,6.81667,0.734335,Rainfall has stopped.
409,6.83333,0.734335,Rainfall has stopped.
410,6.85,0.734335,Rainfall has stopped.
411,6.86667,0.734335,Rainfall has stopped.
412,6.88333,0.734335,Rainfall has stopped.
413,6.9,0.734335,Rainfall has stopped.
414,6.91667,0.734335,Rainfall has stopped.
415,6.93333,0.734335,Rainfall has stopped.
416,6.95,0.734335,Rainfall has stopped.
417,6.96667,0.734336,Rainfall has stopped.
418,6.98333,0.734336,Rainfall has stopped.
419,7,0.734336,Rainfall has stopped.
420,7.01667,0.734336,Rainfall has stopped.
421,7.03333,0.734336,Rainfall has stopped.
422,7.05,0.734336,Rainfall has stopped.
423,7.06667,0.734336,Rainfall has stopped.
424,7.08333,0.734336,Rainfall has stopped.
425,7.1,0.734336,Rainfall has stopped.
426,7.11667,0.734336,Rainfall has stopped.
427,7.13333,0.734337,Rainfall has stopped.
428,7.15,0.734337,Rainfall has stopped.
429,7.16667,0.734337,Rainfall has stopped.
430,7.18333,0.734337,Rainfall has stopped.
431,7.2,0.734337,Rainfall has stopped.
432,7.21667,0.734337,Rainfall has stopped.
433,7.23333,0.734337,Rainfall has stopped.
434,7.25,0.734337,Rainfall has stopped.
435,7.26667,0.734337,Rainfall has stopped.
436,7.28333,0.734337,Rainfall has stopped.
437,7.3,0.734337,Rainfall has stopped.
438,7.31667,0.734337,Rainfall has stopped.
439,7.33333,0.734337,Rainfall has stopped.
440,7.35,0.734337,Rainfall has stopped.
441,7.36667,0.734337,Rainfall has stopped.
442,7.38333,0.734337,Rainfall has stopped.
443,7.4,0.734337,Rainfall has stopped.
444,7.41667,0.734337,Rainfall has stopped.
445,7.43333,0.734337,Rainfall has stopped.
446,7.45,0.734338,Rainfall has stopped.
447,7.46667,0.734338,Rainfall has stopped.
448,7.48333,0.734338,Rainfall has stopped.
449,7.5,0.734338,Rainfall has stopped.
450,7.51667,0.734338,Rainfall has stopped.
451,7.53333,0.734338,Rainfall has stopped.
452,7.55,0.734338,Rainfall has stopped.
453,7.56667,0.734338,Rainfall has stopped.
454,7.58333,0.734338,Rainfall has stopped.
455,7.6,0.734338,Rainfall has stopped.
456,7.61667,0.734338,Rainfall has stopped.
457,7.63333,0.734338,Rainfall has stopped.
458,7.65,0.734338,Rainfall has stopped.
459,7.66667,0.734339,Rainfall has stopped.
460,7.68333,0.734339,Rainfall has stopped.
461,7.7,0.734339,Rainfall has stopped.
462,7.71667,0.734339,Rainfall has stopped.
463,7.73333,0.734339,Rainfall has stopped.
464,7.75,0.734339,Rainfall has stopped.
465,7.76667,0.734339,Rainfall has stopped.
466,7.78333,0.734339,Rainfall has stopped.
467,7.8,0.73434,Rainfall has stopped.
468,7.81667,0.73434,Rainfall has stopped.
469,7.83333,0.73434,Rainfall has stopped.
470,7.85,0.73434,Rainfall has stopped.
471,7.86667,0.73434,Rainfall has stopped.
472,7.88333,0.734341,Rainfall has stopped.
473,7.9,0.734341,Rainfall has stopped.
474,7.91667,0.734341,Rainfall has stopped.
475,7.93333,0.734341,Rainfall has stopped.
476,7.95,0.734341,Rainfall has stopped.
477,7.96667,0.734341,Rainfall has stopped.
478,7.98333,0.734341,Rainfall has stopped.
479,8,0.734341,Rainfall has stopped.
480,8.01667,0.734342,Rainfall has stopped.
481,8.03333,0.734342,Rainfall has stopped.
482,8.05,0.734342,Rainfall has stopped.
483,8.06667,0.734342,Rainfall has stopped.
484,8.08333,0.734342,Rainfall has stopped.
485,8.1,0.734342,Rainfall has stopped.
486,8.11667,0.734342,Rainfall has stopped.
487,8.13333,0.734342,Rainfall has stopped.
488,8.15,0.734342,Rainfall has stopped.
489,8.16667,0.734342,Rainfall has stopped.
490,8.18333,0.734343,Rainfall has stopped.
491,8.2,0.734343,Rainfall has stopped.
492,8.21667,0.734343,Rainfall has stopped.
493,8.23333,0.734343,Rainfall has stopped.
494,8.25,0.734343,Rainfall has stopped.
495,8.26667,0.734343,Rainfall has stopped.
496,8.28333,0.734344,Rainfall has stopped.
497,8.3,0.734344,Rainfall has stopped.
498,8.31667,0.734344,Rainfall has stopped.
499,8.33333,0.734344,Rainfall has stopped.
500,8.35,0.734344,Rainfall has stopped.
501,8.36667,0.734344,Rainfall has stopped.
502,8.38333,0.734344,Rainfall has stopped.
503,8.4,0.734344,Rainfall has stopped.
504,8.41667,0.734344,Rainfall has stopped.
505,8.43333,0.734345,Rainfall has stopped.
506,8.45,0.734345,Rainfall has stopped.
507,8.46667,0.734345,Rainfall has stopped.
508,8.48333,0.734345,Rainfall has stopped.
509,8.5,0.734345,Rainfall has stopped.
510,8.51667,0.734345,Rainfall has stopped.
511,8.53333,0.734345,Rainfall has stopped.
512,8.55,0.734346,Rainfall has stopped.
513,8.56667,0.734346,Rainfall has stopped.
514,8.58333,0.734346,Rainfall has stopped.
515,8.6,0.734346,Rainfall has stopped.
516,8.61667,0.734346,Rainfall has stopped.
517,8.63333,0.734346,Rainfall has stopped.
518,8.65,0.734346,Rainfall has stopped.
519,8.66667,0.734346,Rainfall has stopped.
520,8.68333,0.734346,Rainfall has stopped.
521,8.7,0.734346,Rainfall has stopped.
522,8.71667,0.734347,Rainfall has stopped.
523,8.73333,0.734347,Rainfall has stopped.
524,8.75,0.734347,Rainfall has stopped.
525,8.76667,0.734347,Rainfall has stopped.
526,8.78333,0.734347,Rainfall has stopped.
527,8.8,0.734347,Rainfall has stopped.
528,8.81667,0.734347,Rainfall has stopped.
529,8.83333,0.734348,Rainfall has stopped.
530,8.85,0.734348,Rainfall has stopped.
531,8.86667,0.734348,Rainfall has stopped.
532,8.88333,0.734348,Rainfall has stopped.
533,8.9,0.734348,Rainfall has stopped.
534,8.91667,0.734348,Rainfall has stopped.
535,8.93333,0.734348,Rainfall has stopped.
536,8.95,0.734349,Rainfall has stopped.
537,8.96667,0.734349,Rainfall has stopped.
538,8.98333,0.734349,Rainfall has stopped.
539,9,0.734349,Rainfall has stopped.
540,9.01667,0.734349,Rainfall has stopped.
541,9.03333,0.734349,Rainfall has stopped.
542,9.05,0.734349,Rainfall has stopped.
543,9.06667,0.734349,Rainfall has stopped.
544,9.08333,0.734349,Rainfall has stopped.
545,9.1,0.734349,Rainfall has stopped.
546,9.11667,0.734349,Rainfall has stopped.
547,9.13333,0.734349,Rainfall has stopped.
548,9.15,0.734349,Rainfall has stopped.
549,9.16667,0.734349,Rainfall has stopped.
550,9.18333,0.734349,Rainfall has stopped.
551,9.2,0.734349,Rainfall has stopped.
552,9.21667,0.734349,Rainfall has stopped.
553,9.23333,0.734349,Rainfall has stopped.
554,9.25,0.734349,Rainfall has stopped.
555,9.26667,0.73435,Rainfall has stopped.
556,9.28333,0.73435,Rainfall has stopped.
557,9.3,0.73435,Rainfall has stopped.
558,9.31667,0.73435,Rainfall has stopped.
559,9.33333,0.73435,Rainfall has stopped.
560,9.35,0.73435,Rainfall has stopped.
561,9.36667,0.73435,Rainfall has stopped.
562,9.38333,0.73435,Rainfall has stopped.
563,9.4,0.73435,Rainfall has stopped.
564,9.41667,0.734351,Rainfall has stopped.
565,9.43333,0.734351,Rainfall has stopped.
566,9.45,0.734351,Rainfall has stopped.
567,9.46667,0.734351,Rainfall has stopped.
568,9.48333,0.734351,Rainfall has stopped.
569,9.5,0.734351,Rainfall has stopped.
570,9.51667,0.734351,Rainfall has stopped.
571,9.53333,0.734351,Rainfall has stopped.
572,9.55,0.734351,Rainfall has stopped.
573,9.56667,0.734351,Rainfall has stopped.
574,9.58333,0.734351,Rainfall has stopped.
575,9.6,0.734351,Rainfall has stopped.
576,9.61667,0.734351,Rainfall has stopped.
577,9.63333,0.734351,Rainfall has stopped.
578,9.65,0.734351,Rainfall has stopped.
579,9.66667,0.734352,Rainfall has stopped.
580,9.68333,0.734352,Rainfall has stopped.
581,9.7,0.734352,Rainfall has stopped.
582,9.71667,0.734352,Rainfall has stopped.
583,9.73333,0.734352,Rainfall has stopped.
584,9.75,0.734352,Rainfall has stopped.
585,9.76667,0.734352,Rainfall has stopped.
586,9.78333,0.734352,Rainfall has stopped.
587,9.8,0.734352,Rainfall has stopped.
588,9.81667,0.734352,Rainfall has stopped.
589,9.83333,0.734352,Rainfall has stopped.
590,9.85,0.734352,Rainfall has stopped.
591,9.86667,0.734352,Rainfall has stopped.
592,9.88333,0.734352,Rainfall has stopped.
593,9.9,0.734352,Rainfall has stopped.
594,9.91667,0.734352,Rainfall has stopped.
595,9.93333,0.734353,Rainfall has stopped.
596,9.95,0.734353,Rainfall has stopped.
597,9.96667,0.734353,Rainfall has stopped.
598,9.98333,0.734353,Rainfall has stopped.
599,10,0.734353,Rainfall has stopped.
600,10.0167,0.734353,Rainfall has stopped.
601,10.0333,0.734353,Rainfall has stopped.
602,10.05,0.734353,Rainfall has stopped.
603,10.0667,0.734353,Rainfall has stopped.
604,10.0833,0.734353,Rainfall has stopped.
605,10.1,0.734353,Rainfall has stopped.
606,10.1167,0.734354,Rainfall has stopped.
607,10.1333,0.734354,Rainfall has stopped.
608,10.15,0.734354,Rainfall has stopped.
609,10.1667,0.734354,Rainfall has stopped.
610,10.1833,0.734354,Rainfall has stopped.
611,10.2,0.734354,Rainfall has stopped.
612,10.2167,0.734354,Rainfall has stopped.
613,10.2333,0.734354,Rainfall has stopped.
614,10.25,0.734354,Rainfall has stopped.
615,10.2667,0.734354,Rainfall has stopped.
616,10.2833,0.734354,Rainfall has stopped.
617,10.3,0.734354,Rainfall has stopped.
618,10.3167,0.734354,Rainfall has stopped.
619,10.3333,0.734354,Rainfall has stopped.
620,10.35,0.734354,Rainfall has stopped.
621,10.3667,0.734354,Rainfall has stopped.
622,10.3833,0.734354,Rainfall has stopped.
623,10.4,0.734354,Rainfall has stopped.
624,10.4167,0.734354,Rainfall has stopped.
625,10.4333,0.734355,Rainfall has stopped.
626,10.45,0.734355,Rainfall has stopped.
627,10.4667,0.734355,Rainfall has stopped.
628,10.4833,0.734355,Rainfall has stopped.
629,10.5,0.734355,Rainfall has stopped.
630,10.5167,0.734355,Rainfall has stopped.
631,10.5333,0.734355,Rainfall has stopped.
632,10.55,0.734355,Rainfall has stopped.
633,10.5667,0.734355,Rainfall has stopped.
634,10.5833,0.734355,Rainfall has stopped.
635,10.6,0.734355,Rainfall has stopped.
636,10.6167,0.734356,Rainfall has stopped.
637,10.6333,0.734356,Rainfall has stopped.
638,10.65,0.734356,Rainfall has stopped.
639,10.6667,0.734356,Rainfall has stopped.
640,10.6833,0.734356,Rainfall has stopped.
641,10.7,0.734356,Rainfall has stopped.
642,10.7167,0.734356,Rainfall has stopped.
643,10.7333,0.734356,Rainfall has stopped.
644,10.75,0.734356,Rainfall has stopped.
645,10.7667,0.734356,Rainfall has stopped.
646,10.7833,0.734356,Rainfall has stopped.
647,10.8,0.734357,Rainfall has stopped.
648,10.8167,0.734357,Rainfall has stopped.
649,10.8333,0.734357,Rainfall has stopped.
650,10.85,0.734357,Rainfall has stopped.
651,10.8667,0.734357,Rainfall has stopped.
652,10.8833,0.734357,Rainfall has stopped.
653,10.9,0.734357,Rainfall has stopped.
654,10.9167,0.734357,Rainfall has stopped.
655,10.9333,0.734357,Rainfall has stopped.
656,10.95,0.734357,Rainfall has stopped.
657,10.9667,0.734357,Rainfall has stopped.
658,10.9833,0.734357,Rainfall has stopped.
659,11,0.734357,Rainfall has stopped.
660,11.0167,0.734357,Rainfall has stopped.
661,11.0333,0.734357,Rainfall has stopped.
662,11.05,0.734357,Rainfall has stopped.
663,11.0667,0.734357,Rainfall has stopped.
664,11.0833,0.734357,Rainfall has stopped.
665,11.1,0.734357,Rainfall has stopped.
666,11.1167,0.734357,Rainfall has stopped.
667,11.1333,0.734357,Rainfall has stopped.
668,11.15,0.734357,Rainfall has stopped.
669,11.1667,0.734357,Rainfall has stopped.
670,11.1833,0.734357,Rainfall has stopped.
671,11.2,0.734357,Rainfall has stopped.
672,11.2167,0.734358,Rainfall has stopped.
673,11.2333,0.734358,Rainfall has stopped.
674,11.25,0.734358,Rainfall has stopped.
675,11.2667,0.734358,Rainfall has stopped.
676,11.2833,0.734358,Rainfall has stopped.
677,11.3,0.734358,Rainfall has stopped.
678,11.3167,0.734358,Rainfall has stopped.
679,11.3333,0.734358,Rainfall has stopped.
680,11.35,0.734358,Rainfall has stopped.
681,11.3667,0.734358,Rainfall has stopped.
682,11.3833,0.734358,Rainfall has stopped.
683,11.4,0.734358,Rainfall has stopped.
684,11.4167,0.734358,Rainfall has stopped.
685,11.4333,0.734358,Rainfall has stopped.
686,11.45,0.734358,Rainfall has stopped.
687,11.4667,0.734359,Rainfall has stopped.
688,11.4833,0.734359,Rainfall has stopped.
689,11.5,0.734359,Rainfall has stopped.
690,11.5167,0.734359,Rainfall has stopped.
691,11.5333,0.734359,Rainfall has stopped.
692,11.55,0.734359,Rainfall has stopped.
693,11.5667,0.734359,Rainfall has stopped.
694,11.5833,0.734359,Rainfall has stopped.
695,11.6,0.734359,Rainfall has stopped.
696,11.6167,0.734359,Rainfall has stopped.
697,11.6333,0.734359,Rainfall has stopped.
698,11.65,0.734359,Rainfall has stopped.
699,11.6667,0.734359,Rainfall has stopped.
700,11.6833,0.734359,Rainfall has stopped.
701,11.7,0.734359,Rainfall has stopped.
702,11.7167,0.734359,Rainfall has stopped.
703,11.7333,0.734359,Rainfall has stopped.
704,11.75,0.734359,Rainfall has stopped.
705,11.7667,0.734359,Rainfall has stopped.
706,11.7833,0.734359,Rainfall has stopped.
707,11.8,0.734359,Rainfall has stopped.
708,11.8167,0.734359,Rainfall has stopped.
709,11.8333,0.734359,Rainfall has stopped.
710,11.85,0.734359,Rainfall has stopped.
711,11.8667,0.734359,Rainfall has stopped.
712,11.8833,0.734359,Rainfall has stopped.
713,11.9,0.734359,Rainfall has stopped.
714,11.9167,0.734359,Rainfall has stopped.
715,11.9333,0.734359,Rainfall has stopped.
716,11.95,0.734359,Rainfall has stopped.
717,11.9667,0.734359,Rainfall has stopped.
718,11.9833,0.734359,Rainfall has stopped.
719,12,0.734359,Rainfall has stopped.
720,12.0167,0.73436,Rainfall has stopped.
721,12.0333,0.73436,Rainfall has stopped.
722,12.05,0.73436,Rainfall has stopped.
723,12.0667,0.73436,Rainfall has stopped.
724,12.0833,0.73436,Rainfall has stopped.
725,12.1,0.73436,Rainfall has stopped.
726,12.1167,0.73436,Rainfall has stopped.
727,12.1333,0.73436,Rainfall has stopped.
728,12.15,0.73436,Rainfall has stopped.
729,12.1667,0.73436,Rainfall has stopped.
730,12.1833,0.73436,Rainfall has stopped.
731,12.2,0.73436,Rainfall has stopped.
732,12.2167,0.73436,Rainfall has stopped.
733,12.2333,0.73436,Rainfall has stopped.
734,12.25,0.73436,Rainfall has stopped.
735,12.2667,0.73436,Rainfall has stopped.
736,12.2833,0.73436,Rainfall has stopped.
737,12.3,0.73436,Rainfall has stopped.
738,12.3167,0.73436,Rainfall has stopped.
739,12.3333,0.73436,Rainfall has stopped.
740,12.35,0.73436,Rainfall has stopped.
741,12.3667,0.73436,Rainfall has stopped.
742,12.3833,0.73436,Rainfall has stopped.
743,12.4,0.73436,Rainfall has stopped.
744,12.4167,0.73436,Rainfall has stopped.
745,12.4333,0.73436,Rainfall has stopped.
746,12.45,0.73436,Rainfall has stopped.
747,12.4667,0.73436,Rainfall has stopped.
748,12.4833,0.73436,Rainfall has stopped.
749,12.5,0.73436,Rainfall has stopped.
750,12.5167,0.73436,Rainfall has stopped.
751,12.5333,0.73436,Rainfall has stopped.
752,12.55,0.73436,Rainfall has stopped.
753,12.5667,0.73436,Rainfall has stopped.
754,12.5833,0.73436,Rainfall has stopped.
755,12.6,0.73436,Rainfall has stopped.
756,12.6167,0.73436,Rainfall has stopped.
757,12.6333,0.73436,Rainfall has stopped.
758,12.65,0.73436,Rainfall has stopped.
759,12.6667,0.73436,Rainfall has stopped.
760,12.6833,0.73436,Rainfall has stopped.
761,12.7,0.73436,Rainfall has stopped.
762,12.7167,0.734361,Rainfall has stopped.
763,12.7333,0.734361,Rainfall has stopped.
764,12.75,0.734361,Rainfall has stopped.
765,12.7667,0.734361,Rainfall has stopped.
766,12.7833,0.734361,Rainfall has stopped.
767,12.8,0.734361,Rainfall has stopped.
768,12.8167,0.734361,Rainfall has stopped.
769,12.8333,0.734361,Rainfall has stopped.
770,12.85,0.734361,Rainfall has stopped.
771,12.8667,0.734361,Rainfall has stopped.
772,12.8833,0.734361,Rainfall has stopped.
773,12.9,0.734361,Rainfall has stopped.
774,12.9167,0.734361,Rainfall has stopped.
775,12.9333,0.734361,Rainfall has stopped.
776,12.95,0.734361,Rainfall has stopped.
777,12.9667,0.734361,Rainfall has stopped.
778,12.9833,0.734361,Rainfall has stopped.
779,13,0.734361,Rainfall has stopped.
780,13.0167,0.734361,Rainfall has stopped.
781,13.0333,0.734361,Rainfall has stopped.
782,13.05,0.734361,Rainfall has stopped.
783,13.0667,0.734361,Rainfall has stopped.
784,13.0833,0.734361,Rainfall has stopped.
785,13.1,0.734361,Rainfall has stopped.
786,13.1167,0.734361,Rainfall has stopped.
787,13.1333,0.734361,Rainfall has stopped.
788,13.15,0.734361,Rainfall has stopped.
789,13.1667,0.734361,Rainfall has stopped.
790,13.1833,0.734361,Rainfall has stopped.
791,13.2,0.734361,Rainfall has stopped.
792,13.2167,0.734361,Rainfall has stopped.
793,13.2333,0.734361,Rainfall has stopped.
794,13.25,0.734361,Rainfall has stopped.
795,13.2667,0.734361,Rainfall has stopped.
796,13.2833,0.734361,Rainfall has stopped.
797,13.3,0.734361,Rainfall has stopped.
798,13.3167,0.734361,Rainfall has stopped.
799,13.3333,0.734361,Rainfall has stopped.
800,13.35,0.734361,Rainfall has stopped.
801,13.3667,0.734361,Rainfall has stopped.
802,13.3833,0.734361,Rainfall has stopped.
803,13.4,0.734361,Rainfall has stopped.
804,13.4167,0.734361,Rainfall has stopped.
805,13.4333,0.734361,Rainfall has stopped.
806,13.45,0.734361,Rainfall has stopped.
807,13.4667,0.734361,Rainfall has stopped.
808,13.4833,0.734361,Rainfall has stopped.
809,13.5,0.734361,Rainfall has stopped.
810,13.5167,0.734361,Rainfall has stopped.
811,13.5333,0.734361,Rainfall has stopped.
812,13.55,0.734361,Rainfall has stopped.
813,13.5667,0.734361,Rainfall has stopped.
814,13.5833,0.734361,Rainfall has stopped.
815,13.6,0.734361,Rainfall has stopped.
816,13.6167,0.734361,Rainfall has stopped.
817,13.6333,0.734361,Rainfall has stopped.
818,13.65,0.734361,Rainfall has stopped.
819,13.6667,0.734361,Rainfall has stopped.
820,13.6833,0.734361,Rainfall has stopped.
821,13.7,0.734361,Rainfall has stopped.
822,13.7167,0.734361,Rainfall has stopped.
823,13.7333,0.734361,Rainfall has stopped.
824,13.75,0.734361,Rainfall has stopped.
825,13.7667,0.734361,Rainfall has stopped.
826,13.7833,0.734361,Rainfall has stopped.
827,13.8,0.734361,Rainfall has stopped.
828,13.8167,0.734361,Rainfall has stopped.
829,13.8333,0.734361,Rainfall has stopped.
830,13.85,0.734361,Rainfall has stopped.
831,13.8667,0.734361,Rainfall has stopped.
832,13.8833,0.734361,Rainfall has stopped.
833,13.9,0.734361,Rainfall has stopped.
834,13.9167,0.734361,Rainfall has stopped.
835,13.9333,0.734361,Rainfall has stopped.
836,13.95,0.734361,Rainfall has stopped.
837,13.9667,0.734361,Rainfall has stopped.
838,13.9833,0.734361,Rainfall has stopped.
839,14,0.734361,Rainfall has stopped.
840,14.0167,0.734361,Rainfall has stopped.
841,14.0333,0.734361,Rainfall has stopped.
842,14.05,0.734361,Rainfall has stopped.
843,14.0667,0.734361,Rainfall has stopped.
844,14.0833,0.734361,Rainfall has stopped.
845,14.1,0.734361,Rainfall has stopped.
846,14.1167,0.734361,Rainfall has stopped.
847,14.1333,0.734361,Rainfall has stopped.
848,14.15,0.734361,Rainfall has stopped.
849,14.1667,0.734361,Rainfall has stopped.
850,14.1833,0.734361,Rainfall has stopped.
851,14.2,0.734361,Rainfall has stopped.
852,14.2167,0.734361,Rainfall has stopped.
853,14.2333,0.734361,Rainfall has stopped.
854,14.25,0.734361,Rainfall has stopped.
855,14.2667,0.734361,Rainfall has stopped.
856,14.2833,0.734361,Rainfall has stopped.
857,14.3,0.734361,Rainfall has stopped.
858,14.3167,0.734361,Rainfall has stopped.
859,14.3333,0.734361,Rainfall has stopped.
860,14.35,0.734361,Rainfall has stopped.
861,14.3667,0.734361,Rainfall has stopped.
862,14.3833,0.734361,Rainfall has stopped.
863,14.4,0.734361,Rainfall has stopped.
864,14.4167,0.734361,Rainfall has stopped.
865,14.4333,0.734361,Rainfall has stopped.
866,14.45,0.734361,Rainfall has stopped.
867,14.4667,0.734361,Rainfall has stopped.
868,14.4833,0.734361,Rainfall has stopped.
869,14.5,0.734361,Rainfall has stopped.
870,14.5167,0.734361,Rainfall has stopped.
871,14.5333,0.734361,Rainfall has stopped.
872,14.55,0.734361,Rainfall has stopped.
873,14.5667,0.734361,Rainfall has stopped.
874,14.5833,0.734361,Rainfall has stopped.
875,14.6,0.734361,Rainfall has stopped.
876,14.6167,0.734361,Rainfall has stopped.
877,14.6333,0.734361,Rainfall has stopped.
878,14.65,0.734361,Rainfall has stopped.
879,14.6667,0.734361,Rainfall has stopped.
880,14.6833,0.734361,Rainfall has stopped.
881,14.7,0.734361,Rainfall has stopped.
882,14.7167,0.734361,Rainfall has stopped.
883,14.7333,0.734361,Rainfall has stopped.
884,14.75,0.734361,Rainfall has stopped.
885,14.7667,0.734361,Rainfall has stopped.
886,14.7833,0.734361,Rainfall has stopped.
887,14.8,0.734361,Rainfall has stopped.
888,14.8167,0.734361,Rainfall has stopped.
889,14.8333,0.734361,Rainfall has stopped.
890,14.85,0.734361,Rainfall has stopped.
891,14.8667,0.734361,Rainfall has stopped.
892,14.8833,0.734361,Rainfall has stopped.
893,14.9,0.734361,Rainfall has stopped.
894,14.9167,0.734361,Rainfall has stopped.
895,14.9333,0.734361,Rainfall has stopped.
896,14.95,0.734361,Rainfall has stopped.
897,14.9667,0.734361,Rainfall has stopped.
898,14.9833,0.734361,Rainfall has stopped.
899,15,0.734361,Rainfall has stopped.
900,15.0167,0.734361,Rainfall has stopped.
901,15.0333,0.734361,Rainfall has stopped.
902,15.05,0.734361,Rainfall has stopped.
903,15.0667,0.734361,Rainfall has stopped.
904,15.0833,0.734361,Rainfall has stopped.
905,15.1,0.734361,Rainfall has stopped.
906,15.1167,0.734361,Rainfall has stopped.
907,15.1333,0.734361,Rainfall has stopped.
908,15.15,0.734361,Rainfall has stopped.
909,15.1667,0.734361,Rainfall has stopped.
910,15.1833,0.734361,Rainfall has stopped.
911,15.2,0.734361,Rainfall has stopped.
912,15.2167,0.734361,Rainfall has stopped.
913,15.2333,0.734361,Rainfall has stopped.
914,15.25,0.734361,Rainfall has stopped.
915,15.2667,0.734361,Rainfall has stopped.
916,15.2833,0.734361,Rainfall has stopped.
917,15.3,0.734361,Rainfall has stopped.
918,15.3167,0.734361,Rainfall has stopped.
919,15.3333,0.734361,Rainfall has stopped.
920,15.35,0.734361,Rainfall has stopped.
921,15.3667,0.734361,Rainfall has stopped.
922,15.3833,0.734361,Rainfall has stopped.
923,15.4,0.734361,Rainfall has stopped.
924,15.4167,0.734361,Rainfall has stopped.
925,15.4333,0.734361,Rainfall has stopped.
926,15.45,0.73436,Rainfall has stopped.
927,15.4667,0.73436,Rainfall has stopped.
928,15.4833,0.73436,Rainfall has stopped.
929,15.5,0.73436,Rainfall has stopped.
930,15.5167,0.73436,Rainfall has stopped.
931,15.5333,0.734359,Rainfall has stopped.
932,15.55,0.734359,Rainfall has stopped.
933,15.5667,0.734359,Rainfall has stopped.
934,15.5833,0.734359,Rainfall has stopped.
935,15.6,0.734359,Rainfall has stopped.
936,15.6167,0.734359,Rainfall has stopped.
937,15.6333,0.734359,Rainfall has stopped.
938,15.65,0.734359,Rainfall has stopped.
939,15.6667,0.734359,Rainfall has stopped.
940,15.6833,0.734359,Rainfall has stopped.
941,15.7,0.734359,Rainfall has stopped.
942,15.7167,0.734359,Rainfall has stopped.
943,15.7333,0.734359,Rainfall has stopped.
944,15.75,0.734359,Rainfall has stopped.
945,15.7667,0.734359,Rainfall has stopped.
946,15.7833,0.734359,Rainfall has stopped.
947,15.8,0.734359,Rainfall has stopped.
948,15.8167,0.734359,Rainfall has stopped.
949,15.8333,0.734359,Rainfall has stopped.
950,15.85,0.734359,Rainfall has stopped.
951,15.8667,0.734359,Rainfall has stopped.
952,15.8833,0.734359,Rainfall has stopped.
953,15.9,0.734359,Rainfall has stopped.
954,15.9167,0.734359,Rainfall has stopped.
955,15.9333,0.734358,Rainfall has stopped.
956,15.95,0.734358,Rainfall has stopped.
957,15.9667,0.734358,Rainfall has stopped.
958,15.9833,0.734358,Rainfall has stopped.
959,16,0.734358,Rainfall has stopped.
960,16.0167,0.734358,Rainfall has stopped.
961,16.0333,0.734358,Rainfall has stopped.
962,16.05,0.734358,Rainfall has stopped.
963,16.0667,0.734358,Rainfall has stopped.
964,16.0833,0.734358,Rainfall has stopped.
965,16.1,0.734358,Rainfall has stopped.
966,16.1167,0.734358,Rainfall has stopped.
967,16.1333,0.734358,Rainfall has stopped.
968,16.15,0.734358,Rainfall has stopped.
969,16.1667,0.734358,Rainfall has stopped.
970,16.1833,0.734358,Rainfall has stopped.
971,16.2,0.734357,Rainfall has stopped.
972,16.2167,0.734357,Rainfall has stopped.
973,16.2333,0.734357,Rainfall has stopped.
974,16.25,0.734357,Rainfall has stopped.
975,16.2667,0.734357,Rainfall has stopped.
976,16.2833,0.734357,Rainfall has stopped.
977,16.3,0.734357,Rainfall has stopped.
978,16.3167,0.734357,Rainfall has stopped.
979,16.3333,0.734357,Rainfall has stopped.
980,16.35,0.734357,Rainfall has stopped.
981,16.3667,0.734357,Rainfall has stopped.
982,16.3833,0.734357,Rainfall has stopped.
983,16.4,0.734357,Rainfall has stopped.
984,16.4167,0.734357,Rainfall has stopped.
985,16.4333,0.734356,Rainfall has stopped.
986,16.45,0.734356,Rainfall has stopped.
987,16.4667,0.734356,Rainfall has stopped.
988,16.4833,0.734356,Rainfall has stopped.
989,16.5,0.734356,Rainfall has stopped.
990,16.5167,0.734356,Rainfall has stopped.
991,16.5333,0.734356,Rainfall has stopped.
992,16.55,0.734356,Rainfall has stopped.
993,16.5667,0.734356,Rainfall has stopped.
994,16.5833,0.734356,Rainfall has stopped.
995,16.6,0.734356,Rainfall has stopped.
996,16.6167,0.734355,Rainfall has stopped.
997,16.6333,0.734355,Rainfall has stopped.
998,16.65,0.734355,Rainfall has stopped.
999,16.6667,0.734355,Rainfall has stopped.
1000,16.6833,0.734355,Rainfall has stopped.
1001,16.7,0.734355,Rainfall has stopped.
1002,16.7167,0.734355,Rainfall has stopped.
1003,16.7333,0.734355,Rainfall has stopped.
1004,16.75,0.734355,Rainfall has stopped.
1005,16.7667,0.734355,Rainfall has stopped.
1006,16.7833,0.734354,Rainfall has stopped.
1007,16.8,0.734354,Rainfall has stopped.
1008,16.8167,0.734354,Rainfall has stopped.
1009,16.8333,0.734354,Rainfall has stopped.
1010,16.85,0.734354,Rainfall has stopped.
1011,16.8667,0.734354,Rainfall has stopped.
1012,16.8833,0.734354,Rainfall has stopped.
1013,16.9,0.734354,Rainfall has stopped.
1014,16.9167,0.734354,Rainfall has stopped.
1015,16.9333,0.734354,Rainfall has stopped.
1016,16.95,0.734353,Rainfall has stopped.
1017,16.9667,0.734353,Rainfall has stopped.
1018,16.9833,0.734353,Rainfall has stopped.
1019,17,0.734353,Rainfall has stopped.
1020,17.0167,0.734353,Rainfall has stopped.
1021,17.0333,0.734353,Rainfall has stopped.
1022,17.05,0.734353,Rainfall has stopped.
1023,17.0667,0.734353,Rainfall has stopped.
1024,17.0833,0.734352,Rainfall has stopped.
1025,17.1,0.734352,Rainfall has stopped.
1026,17.1167,0.734352,Rainfall has stopped.
1027,17.1333,0.734352,Rainfall has stopped.
1028,17.15,0.734352,Rainfall has stopped.
1029,17.1667,0.734352,Rainfall has stopped.
1030,17.1833,0.734352,Rainfall has stopped.
1031,17.2,0.734352,Rainfall has stopped.
1032,17.2167,0.734351,Rainfall has stopped.
1033,17.2333,0.734351,Rainfall has stopped.
1034,17.25,0.734351,Rainfall has stopped.
1035,17.2667,0.734351,Rainfall has stopped.
1036,17.2833,0.734351,Rainfall has stopped.
1037,17.3,0.734351,Rainfall has stopped.
1038,17.3167,0.734351,Rainfall has stopped.
1039,17.3333,0.73435,Rainfall has stopped.
1040,17.35,0.73435,Rainfall has stopped.
1041,17.3667,0.73435,Rainfall has stopped.
1042,17.3833,0.73435,Rainfall has stopped.
1043,17.4,0.73435,Rainfall has stopped.
1044,17.4167,0.73435,Rainfall has stopped.
1045,17.4333,0.734349,Rainfall has stopped.
1046,17.45,0.734349,Rainfall has stopped.
1047,17.4667,0.734349,Rainfall has stopped.
1048,17.4833,0.734349,Rainfall has stopped.
1049,17.5,0.734349,Rainfall has stopped.
1050,17.5167,0.734349,Rainfall has stopped.
1051,17.5333,0.734349,Rainfall has stopped.
1052,17.55,0.734349,Rainfall has stopped.
1053,17.5667,0.734349,Rainfall has stopped.
1054,17.5833,0.734348,Rainfall has stopped.
1055,17.6,0.734348,Rainfall has stopped.
1056,17.6167,0.734348,Rainfall has stopped.
1057,17.6333,0.734348,Rainfall has stopped.
1058,17.65,0.734348,Rainfall has stopped.
1059,17.6667,0.734347,Rainfall has stopped.
1060,17.6833,0.734347,Rainfall has stopped.
1061,17.7,0.734347,Rainfall has stopped.
1062,17.7167,0.734347,Rainfall has stopped.
1063,17.7333,0.734347,Rainfall has stopped.
1064,17.75,0.734346,Rainfall has stopped.
1065,17.7667,0.734346,Rainfall has stopped.
1066,17.7833,0.734346,Rainfall has stopped.
1067,17.8,0.734346,Rainfall has stopped.
1068,17.8167,0.734346,Rainfall has stopped.
1069,17.8333,0.734346,Rainfall has stopped.
1070,17.85,0.734346,Rainfall has stopped.
1071,17.8667,0.734346,Rainfall has stopped.
1072,17.8833,0.734346,Rainfall has stopped.
1073,17.9,0.734346,Rainfall has stopped.
1074,17.9167,0.734346,Rainfall has stopped.
1075,17.9333,0.734346,Rainfall has stopped.
1076,17.95,0.734346,Rainfall has stopped.
1077,17.9667,0.734346,Rainfall has stopped.
1078,17.9833,0.734346,Rainfall has stopped.
1079,18,0.734346,Rainfall has stopped.
1080,18.0167,0.734345,Rainfall has stopped.
1081,18.0333,0.734345,Rainfall has stopped.
1082,18.05,0.734345,Rainfall has stopped.
1083,18.0667,0.734345,Rainfall has stopped.
1084,18.0833,0.734345,Rainfall has stopped.
1085,18.1,0.734345,Rainfall has stopped.
1086,18.1167,0.734345,Rainfall has stopped.
1087,18.1333,0.734345,Rainfall has stopped.
1088,18.15,0.734345,Rainfall has stopped.
1089,18.1667,0.734345,Rainfall has stopped.
1090,18.1833,0.734345,Rainfall has stopped.
1091,18.2,0.734345,Rainfall has stopped.
1092,18.2167,0.734345,Rainfall has stopped.
1093,18.2333,0.734345,Rainfall has stopped.
1094,18.25,0.734345,Rainfall has stopped.
1095,18.2667,0.734345,Rainfall has stopped.
1096,18.2833,0.734344,Rainfall has stopped.
1097,18.3,0.734344,Rainfall has stopped.
1098,18.3167,0.734344,Rainfall has stopped.
1099,18.3333,0.734344,Rainfall has stopped.
1100,18.35,0.734344,Rainfall has stopped.
1101,18.3667,0.734344,Rainfall has stopped.
1102,18.3833,0.734344,Rainfall has stopped.
1103,18.4,0.734344,Rainfall has stopped.
1104,18.4167,0.734344,Rainfall has stopped.
1105,18.4333,0.734344,Rainfall has stopped.
1106,18.45,0.734344,Rainfall has stopped.
1107,18.4667,0.734344,Rainfall has stopped.
1108,18.4833,0.734344,Rainfall has stopped.
1109,18.5,0.734344,Rainfall has stopped.
1110,18.5167,0.734344,Rainfall has stopped.
1111,18.5333,0.734344,Rainfall has stopped.
1112,18.55,0.734343,Rainfall has stopped.
1113,18.5667,0.734343,Rainfall has stopped.
1114,18.5833,0.734343,Rainfall has stopped.
1115,18.6,0.734343,Rainfall has stopped.
1116,18.6167,0.734343,Rainfall has stopped.
1117,18.6333,0.734343,Rainfall has stopped.
1118,18.65,0.734343,Rainfall has stopped.
1119,18.6667,0.734343,Rainfall has stopped.
1120,18.6833,0.734343,Rainfall has stopped.
1121,18.7,0.734343,Rainfall has stopped.
1122,18.7167,0.734343,Rainfall has stopped.
1123,18.7333,0.734343,Rainfall has stopped.
1124,18.75,0.734342,Rainfall has stopped.
1125,18.7667,0.734342,Rainfall has stopped.
1126,18.7833,0.734342,Rainfall has stopped.
1127,18.8,0.734342,Rainfall has stopped.
1128,18.8167,0.734342,Rainfall has stopped.
1129,18.8333,0.734342,Rainfall has stopped.
1130,18.85,0.734342,Rainfall has stopped.
1131,18.8667,0.734342,Rainfall has stopped.
1132,18.8833,0.734342,Rainfall has stopped.
1133,18.9,0.734342,Rainfall has stopped.
1134,18.9167,0.734342,Rainfall has stopped.
1135,18.9333,0.734341,Rainfall has stopped.
1136,18.95,0.734341,Rainfall has stopped.
1137,18.9667,0.734341,Rainfall has stopped.
1138,18.9833,0.734341,Rainfall has stopped.
1139,19,0.734341,Rainfall has stopped.
1140,19.0167,0.734341,Rainfall has stopped.
1141,19.0333,0.734341,Rainfall has stopped.
1142,19.05,0.734341,Rainfall has stopped.
1143,19.0667,0.734341,Rainfall has stopped.
1144,19.0833,0.73434,Rainfall has stopped.
1145,19.1,0.73434,Rainfall has stopped.
1146,19.1167,0.73434,Rainfall has stopped.
1147,19.1333,0.73434,Rainfall has stopped.
1148,19.15,0.73434,Rainfall has stopped.
1149,19.1667,0.73434,Rainfall has stopped.
1150,19.1833,0.73434,Rainfall has stopped.
1151,19.2,0.73434,Rainfall has stopped.
1152,19.2167,0.734339,Rainfall has stopped.
1153,19.2333,0.734339,Rainfall has stopped.
1154,19.25,0.734339,Rainfall has stopped.
1155,19.2667,0.734339,Rainfall has stopped.
1156,19.2833,0.734339,Rainfall has stopped.
1157,19.3,0.734339,Rainfall has stopped.
1158,19.3167,0.734339,Rainfall has stopped.
1159,19.3333,0.734339,Rainfall has stopped.
1160,19.35,0.734338,Rainfall has stopped.
1161,19.3667,0.734338,Rainfall has stopped.
1162,19.3833,0.734338,Rainfall has stopped.
1163,19.4,0.734338,Rainfall has stopped.
1164,19.4167,0.734338,Rainfall has stopped.
1165,19.4333,0.734338,Rainfall has stopped.
1166,19.45,0.734337,Rainfall has stopped.
1167,19.4667,0.734337,Rainfall has stopped.
1168,19.4833,0.734337,Rainfall has stopped.
1169,19.5,0.734337,Rainfall has stopped.
1170,19.5167,0.734337,Rainfall has stopped.
1171,19.5333,0.734337,Rainfall has stopped.
1172,19.55,0.734336,Rainfall has stopped.
1173,19.5667,0.734336,Rainfall has stopped.
1174,19.5833,0.734336,Rainfall has stopped.
1175,19.6,0.734336,Rainfall has stopped.
1176,19.6167,0.734336,Rainfall has stopped.
1177,19.6333,0.734335,Rainfall has stopped.
1178,19.65,0.734335,Rainfall has stopped.
1179,19.6667,0.734335,Rainfall has stopped.
1180,19.6833,0.734335,Rainfall has stopped.
1181,19.7,0.734335,Rainfall has stopped.
1182,19.7167,0.734334,Rainfall has stopped.
1183,19.7333,0.734334,Rainfall has stopped.
1184,19.75,0.734334,Rainfall has stopped.
1185,19.7667,0.734334,Rainfall has stopped.
1186,19.7833,0.734334,Rainfall has stopped.
1187,19.8,0.734334,Rainfall has stopped.
1188,19.8167,0.734333,Rainfall has stopped.
1189,19.8333,0.734333,Rainfall has stopped.
1190,19.85,0.734333,Rainfall has stopped.
1191,19.8667,0.734333,Rainfall has stopped.
1192,19.8833,0.734332,Rainfall has stopped.
1193,19.9,0.734332,Rainfall has stopped.
1194,19.9167,0.734332,Rainfall has stopped.
1195,19.9333,0.734332,Rainfall has stopped.
1196,19.95,0.734332,Rainfall has stopped.
1197,19.9667,0.734331,Rainfall has stopped.
1198,19.9833,0.734331,Rainfall has stopped.
1199,20,0.734331,Rainfall has stopped.
1200,20.0167,0.734331,Rainfall has stopped.
1201,20.0333,0.73433,Rainfall has stopped.
1202,20.05,0.73433,Rainfall has stopped.
1203,20.0667,0.73433,Rainfall has stopped.
1204,20.0833,0.734329,Rainfall has stopped.
1205,20.1,0.734329,Rainfall has stopped.
1206,20.1167,0.734329,Rainfall has stopped.
1207,20.1333,0.734329,Rainfall has stopped.
1208,20.15,0.734328,Rainfall has stopped.
1209,20.1667,0.734328,Rainfall has stopped.
1210,20.1833,0.734328,Rainfall has stopped.
1211,20.2,0.734327,Rainfall has stopped.
1212,20.2167,0.734327,Rainfall has stopped.
1213,20.2333,0.734327,Rainfall has stopped.
1214,20.25,0.734327,Rainfall has stopped.
1215,20.2667,0.734326,Rainfall has stopped.
1216,20.2833,0.734326,Rainfall has stopped.
1217,20.3,0.734326,Rainfall has stopped.
1218,20.3167,0.734325,Rainfall has stopped.
1219,20.3333,0.734325,Rainfall has stopped.
1220,20.35,0.734325,Rainfall has stopped.
1221,20.3667,0.734325,Rainfall has stopped.
1222,20.3833,0.734325,Rainfall has stopped.
1223,20.4,0.734325,Rainfall has stopped.
1224,20.4167,0.734325,Rainfall has stopped.
1225,20.4333,0.734325,Rainfall has stopped.
1226,20.45,0.734324,Rainfall has stopped.
1227,20.4667,0.734324,Rainfall has stopped.
1228,20.4833,0.734324,Rainfall has stopped.
1229,20.5,0.734324,Rainfall has stopped.
1230,20.5167,0.734324,Rainfall has stopped.
1231,20.5333,0.734324,Rainfall has stopped.
1232,20.55,0.734324,Rainfall has stopped.
1233,20.5667,0.734324,Rainfall has stopped.
1234,20.5833,0.734324,Rainfall has stopped.
1235,20.6,0.734324,Rainfall has stopped.
1236,20.6167,0.734324,Rainfall has stopped.
1237,20.6333,0.734324,Rainfall has stopped.
1238,20.65,0.734324,Rainfall has stopped.
1239,20.6667,0.734324,Rainfall has stopped.
1240,20.6833,0.734323,Rainfall has stopped.
1241,20.7,0.734323,Rainfall has stopped.
1242,20.7167,0.734323,Rainfall has stopped.
1243,20.7333,0.734323,Rainfall has stopped.
1244,20.75,0.734323,Rainfall has stopped.
1245,20.7667,0.734323,Rainfall has stopped.
1246,20.7833,0.734323,Rainfall has stopped.
1247,20.8,0.734323,Rainfall has stopped.
1248,20.8167,0.734323,Rainfall has stopped.
1249,20.8333,0.734323,Rainfall has stopped.
1250,20.85,0.734322,Rainfall has stopped.
1251,20.8667,0.734322,Rainfall has stopped.
1252,20.8833,0.734322,Rainfall has stopped.
1253,20.9,0.734322,Rainfall has stopped.
1254,20.9167,0.734322,Rainfall has stopped.
1255,20.9333,0.734322,Rainfall has stopped.
1256,20.95,0.734322,Rainfall has stopped.
1257,20.9667,0.734322,Rainfall has stopped.
1258,20.9833,0.734322,Rainfall has stopped.
1259,21,0.734322,Rainfall has stopped.
1260,21.0167,0.734321,Rainfall has stopped.
1261,21.0333,0.734321,Rainfall has stopped.
1262,21.05,0.734321,Rainfall has stopped.
1263,21.0667,0.734321,Rainfall has stopped.
1264,21.0833,0.734321,Rainfall has stopped.
1265,21.1,0.734321,Rainfall has stopped.
1266,21.1167,0.734321,Rainfall has stopped.
1267,21.1333,0.734321,Rainfall has stopped.
1268,21.15,0.734321,Rainfall has stopped.
1269,21.1667,0.73432,Rainfall has stopped.
1270,21.1833,0.73432,Rainfall has stopped.
1271,21.2,0.73432,Rainfall has stopped.
1272,21.2167,0.73432,Rainfall has stopped.
1273,21.2333,0.73432,Rainfall has stopped.
1274,21.25,0.73432,Rainfall has stopped.
1275,21.2667,0.73432,Rainfall has stopped.
1276,21.2833,0.73432,Rainfall has stopped.
1277,21.3,0.73432,Rainfall has stopped.
1278,21.3167,0.734319,Rainfall has stopped.
1279,21.3333,0.734319,Rainfall has stopped.
1280,21.35,0.734319,Rainfall has stopped.
1281,21.3667,0.734319,Rainfall has stopped.
1282,21.3833,0.734319,Rainfall has stopped.
1283,21.4,0.734319,Rainfall has stopped.
1284,21.4167,0.734319,Rainfall has stopped.
1285,21.4333,0.734319,Rainfall has stopped.
1286,21.45,0.734319,Rainfall has stopped.
1287,21.4667,0.734318,Rainfall has stopped.
1288,21.4833,0.734318,Rainfall has stopped.
1289,21.5,0.734318,Rainfall has stopped.
1290,21.5167,0.734318,Rainfall has stopped.
1291,21.5333,0.734318,Rainfall has stopped.
1292,21.55,0.734318,Rainfall has stopped.
1293,21.5667,0.734318,Rainfall has stopped.
1294,21.5833,0.734318,Rainfall has stopped.
1295,21.6,0.734318,Rainfall has stopped.
1296,21.6167,0.734318,Rainfall has stopped.
1297,21.6333,0.734318,Rainfall has stopped.
1298,21.65,0.734363,Rainfall has stopped.
1299,21.6667,0.734476,Rainfall has stopped.
1300,21.6833,0.734588,Rainfall has stopped.
1301,21.7,0.7347,Rainfall has stopped.
1302,21.7167,0.734811,Rainfall has stopped.
1303,21.7333,0.734922,Rainfall has stopped.
1304,21.75,0.735033,Rainfall has stopped.
1305,21.7667,0.735143,Rainfall has stopped.
1306,21.7833,0.735253,Rainfall has stopped.
1307,21.8,0.735363,Rainfall has stopped.
1308,21.8167,0.735472,Rainfall has stopped.
1309,21.8333,0.735581,Rainfall has stopped.
1310,21.85,0.735689,Rainfall has stopped.
1311,21.8667,0.735798,Rainfall has stopped.
1312,21.8833,0.735906,Rainfall has stopped.
1313,21.9,0.736013,Rainfall has stopped.
1314,21.9167,0.73612,Rainfall has stopped.
1315,21.9333,0.736227,Rainfall has stopped.
1316,21.95,0.736333,Rainfall has stopped.
1317,21.9667,0.736439,Rainfall has stopped.
1318,21.9833,0.736545,Rainfall has stopped.
1319,22,0.736651,Rainfall has stopped.
1320,22.0167,0.736756,Rainfall has stopped.
1321,22.0333,0.73686,Rainfall has stopped.
1322,22.05,0.736964,Rainfall has stopped.
1323,22.0667,0.737067,Rainfall has stopped.
1324,22.0833,0.737171,Rainfall has stopped.
1325,22.1,0.737274,Rainfall has stopped.
1326,22.1167,0.737377,Rainfall has stopped.
1327,22.1333,0.737479,Rainfall has stopped.
1328,22.15,0.737581,Rainfall has stopped.
1329,22.1667,0.737682,Rainfall has stopped.
1330,22.1833,0.737783,Rainfall has stopped.
1331,22.2,0.737883,Rainfall has stopped.
1332,22.2167,0.737983,Rainfall has stopped.
1333,22.2333,0.738082,Rainfall has stopped.
1334,22.25,0.738181,Rainfall has stopped.
1335,22.2667,0.73828,Rainfall has stopped.
1336,22.2833,0.738378,Rainfall has stopped.
1337,22.3,0.738476,Rainfall has stopped.
1338,22.3167,0.738573,Rainfall has stopped.
1339,22.3333,0.73867,Rainfall has stopped.
1340,22.35,0.738766,Rainfall has stopped.
1341,22.3667,0.738862,Rainfall has stopped.
1342,22.3833,0.738958,Rainfall has stopped.
1343,22.4,0.739053,Rainfall has stopped.
1344,22.4167,0.739147,Rainfall has stopped.
1345,22.4333,0.739241,Rainfall has stopped.
1346,22.45,0.739335,Rainfall has stopped.
1347,22.4667,0.739428,Rainfall has stopped.
1348,22.4833,0.739521,Rainfall has stopped.
1349,22.5,0.739614,Rainfall has stopped.
1350,22.5167,0.739706,Rainfall has stopped.
1351,22.5333,0.739797,Rainfall has stopped.
1352,22.55,0.739888,Rainfall has stopped.
1353,22.5667,0.739979,Rainfall has stopped.
1354,22.5833,0.740069,Rainfall has stopped.
1355,22.6,0.740158,Rainfall has stopped.
1356,22.6167,0.740248,Rainfall has stopped.
1357,22.6333,0.740337,Rainfall has stopped.
1358,22.65,0.740425,Rainfall has stopped.
1359,22.6667,0.740513,Rainfall has stopped.
1360,22.6833,0.740601,Rainfall has stopped.
1361,22.7,0.740688,Rainfall has stopped.
1362,22.7167,0.740775,Rainfall has stopped.
1363,22.7333,0.740862,Rainfall has stopped.
1364,22.75,0.740948,Rainfall has stopped.
1365,22.7667,0.741034,Rainfall has stopped.
1366,22.7833,0.74112,Rainfall has stopped.
1367,22.8,0.741205,Rainfall has stopped.
1368,22.8167,0.741289,Rainfall has stopped.
1369,22.8333,0.741374,Rainfall has stopped.
1370,22.85,0.741457,Rainfall has stopped.
1371,22.8667,0.741541,Rainfall has stopped.
1372,22.8833,0.741624,Rainfall has stopped.
1373,22.9,0.741706,Rainfall has stopped.
1374,22.9167,0.741789,Rainfall has stopped.
1375,22.9333,0.741871,Rainfall has stopped.
1376,22.95,0.741952,Rainfall has stopped.
1377,22.9667,0.742033,Rainfall has stopped.
1378,22.9833,0.742114,Rainfall has stopped.
1379,23,0.742194,Rainfall has stopped.
1380,23.0167,0.742275,Rainfall has stopped.
1381,23.0333,0.742354,Rainfall has stopped.
1382,23.05,0.742433,Rainfall has stopped.
1383,23.0667,0.742512,Rainfall has stopped.
1384,23.0833,0.742591,Rainfall has stopped.
1385,23.1,0.742669,Rainfall has stopped.
1386,23.1167,0.742747,Rainfall has stopped.
1387,23.1333,0.742825,Rainfall has stopped.
1388,23.15,0.742902,Rainfall has stopped.
1389,23.1667,0.742979,Rainfall has stopped.
1390,23.1833,0.743056,Rainfall has stopped.
1391,23.2,0.743132,Rainfall has stopped.
1392,23.2167,0.743209,Rainfall has stopped.
1393,23.2333,0.743284,Rainfall has stopped.
1394,23.25,0.74336,Rainfall has stopped.
1395,23.2667,0.743435,Rainfall has stopped.
1396,23.2833,0.743509,Rainfall has stopped.
1397,23.3,0.743583,Rainfall has stopped.
1398,23.3167,0.743658,Rainfall has stopped.
1399,23.3333,0.743731,Rainfall has stopped.
1400,23.35,0.743804,Rainfall has stopped.
1401,23.3667,0.743878,Rainfall has stopped.
1402,23.3833,0.743951,Rainfall has stopped.
1403,23.4,0.744023,Rainfall has stopped.
1404,23.4167,0.744096,Rainfall has stopped.
1405,23.4333,0.744168,Rainfall has stopped.
1406,23.45,0.744239,Rainfall has stopped.
1407,23.4667,0.744311,Rainfall has stopped.
1408,23.4833,0.744382,Rainfall has stopped.
1409,23.5,0.744453,Rainfall has stopped.
1410,23.5167,0.744524,Rainfall has stopped.
1411,23.5333,0.744594,Rainfall has stopped.
1412,23.55,0.744664,Rainfall has stopped.
1413,23.5667,0.744734,Rainfall has stopped.
1414,23.5833,0.744803,Rainfall has stopped.
1415,23.6,0.744873,Rainfall has stopped.
1416,23.6167,0.744941,Rainfall has stopped.
1417,23.6333,0.74501,Rainfall has stopped.
1418,23.65,0.745078,Rainfall has stopped.
1419,23.6667,0.745146,Rainfall has stopped.
1420,23.6833,0.745213,Rainfall has stopped.
1421,23.7,0.74528,Rainfall has stopped.
1422,23.7167,0.745346,Rainfall has stopped.
1423,23.7333,0.745412,Rainfall has stopped.
1424,23.75,0.745478,Rainfall has stopped.
1425,23.7667,0.745543,Rainfall has stopped.
1426,23.7833,0.745608,Rainfall has stopped.
1427,23.8,0.745673,Rainfall has stopped.
1428,23.8167,0.745737,Rainfall has stopped.
1429,23.8333,0.7458,Rainfall has stopped.
1430,23.85,0.745864,Rainfall has stopped.
1431,23.8667,0.745927,Rainfall has stopped.
1432,23.8833,0.745989,Rainfall has stopped.
1433,23.9,0.746052,Rainfall has stopped.
1434,23.9167,0.746113,Rainfall has stopped.
1435,23.9333,0.746175,Rainfall has stopped.
1436,23.95,0.746235,Rainfall has stopped.
1437,23.9667,0.746296,Rainfall has stopped.
1438,23.9833,0.746356,Rainfall has stopped.
1439,24,0.746416,Rainfall has stopped.
1440,24.0167,0.746476,Rainfall has stopped.
1441,24.0333,0.746535,Rainfall has stopped.
1442,24.05,0.746594,Rainfall has stopped.
1443,24.0667,0.746653,Rainfall has stopped.
1444,24.0833,0.746711,Rainfall has stopped.
1445,24.1,0.746769,Rainfall has stopped.
1446,24.1167,0.746826,Rainfall has stopped.
1447,24.1333,0.746883,Rainfall has stopped.
1448,24.15,0.74694,Rainfall has stopped.
1449,24.1667,0.746996,Rainfall has stopped.
1450,24.1833,0.747053,Rainfall has stopped.
1451,24.2,0.747108,Rainfall has stopped.
1452,24.2167,0.747164,Rainfall has stopped.
1453,24.2333,0.747219,Rainfall has stopped.
1454,24.25,0.747274,Rainfall has stopped.
1455,24.2667,0.747329,Rainfall has stopped.
1456,24.2833,0.747383,Rainfall has stopped.
1457,24.3,0.747437,Rainfall has stopped.
1458,24.3167,0.747491,Rainfall has stopped.
1459,24.3333,0.747544,Rainfall has stopped.
1460,24.35,0.747597,Rainfall has stopped.
1461,24.3667,0.747651,Rainfall has stopped.
1462,24.3833,0.747703,Rainfall has stopped.
1463,24.4,0.747755,Rainfall has stopped.
1464,24.4167,0.747807,Rainfall has stopped.
1465,24.4333,0.747859,Rainfall has stopped.
1466,24.45,0.74791,Rainfall has stopped.
1467,24.4667,0.747962,Rainfall has stopped.
1468,24.4833,0.748013,Rainfall has stopped.
1469,24.5,0.748064,Rainfall has stopped.
1470,24.5167,0.748114,Rainfall has stopped.
1471,24.5333,0.748165,Rainfall has stopped.
1472,24.55,0.748215,Rainfall has stopped.
1473,24.5667,0.748264,Rainfall has stopped.
1474,24.5833,0.748314,Rainfall has stopped.
1475,24.6,0.748363,Rainfall has stopped.
1476,24.6167,0.748412,Rainfall has stopped.
1477,24.6333,0.748461,Rainfall has stopped.
1478,24.65,0.74851,Rainfall has stopped.
1479,24.6667,0.748558,Rainfall has stopped.
1480,24.6833,0.748606,Rainfall has stopped.
1481,24.7,0.748654,Rainfall has stopped.
1482,24.7167,0.748702,Rainfall has stopped.
1483,24.7333,0.748749,Rainfall has stopped.
1484,24.75,0.748796,Rainfall has stopped.
1485,24.7667,0.748843,Rainfall has stopped.
1486,24.7833,0.74889,Rainfall has stopped.
1487,24.8,0.748936,Rainfall has stopped.
1488,24.8167,0.748983,Rainfall has stopped.
1489,24.8333,0.749029,Rainfall has stopped.
1490,24.85,0.749075,Rainfall has stopped.
1491,24.8667,0.749121,Rainfall has stopped.
1492,24.8833,0.749167,Rainfall has stopped.
1493,24.9,0.749212,Rainfall has stopped.
1494,24.9167,0.749257,Rainfall has stopped.
1495,24.9333,0.749302,Rainfall has stopped.
1496,24.95,0.749347,Rainfall has stopped.
1497,24.9667,0.749392,Rainfall has stopped.
1498,24.9833,0.749436,Rainfall has stopped.
1499,25,0.749481,Rainfall has stopped.
1500,25.0167,0.749525,Rainfall has stopped.
1501,25.0333,0.749569,Rainfall has stopped.
1502,25.05,0.749612,Rainfall has stopped.
1503,25.0667,0.749656,Rainfall has stopped.
1504,25.0833,0.749699,Rainfall has stopped.
1505,25.1,0.749743,Rainfall has stopped.
1506,25.1167,0.749786,Rainfall has stopped.
1507,25.1333,0.749829,Rainfall has stopped.
1508,25.15,0.749871,Rainfall has stopped.
1509,25.1667,0.749914,Rainfall has stopped.
1510,25.1833,0.749956,Rainfall has stopped.
1511,25.2,0.749999,Rainfall has stopped.
1512,25.2167,0.750041,Rainfall has stopped.
1513,25.2333,0.750083,Rainfall has stopped.
1514,25.25,0.750125,Rainfall has stopped.
1515,25.2667,0.750167,Rainfall has stopped.
1516,25.2833,0.750208,Rainfall has stopped.
1517,25.3,0.75025,Rainfall has stopped.
1518,25.3167,0.750291,Rainfall has stopped.
1519,25.3333,0.750332,Rainfall has stopped.
1520,25.35,0.750373,Rainfall has stopped.
1521,25.3667,0.750414,Rainfall has stopped.
1522,25.3833,0.750455,Rainfall has stopped.
1523,25.4,0.750495,Rainfall has stopped.
1524,25.4167,0.750535,Rainfall has stopped.
1525,25.4333,0.750576,Rainfall has stopped.
1526,25.45,0.750616,Rainfall has stopped.
1527,25.4667,0.750656,Rainfall has stopped.
1528,25.4833,0.750696,Rainfall has stopped.
1529,25.5,0.750736,Rainfall has stopped.
1530,25.5167,0.750775,Rainfall has stopped.
1531,25.5333,0.750815,Rainfall has stopped.
1532,25.55,0.750854,Rainfall has stopped.
1533,25.5667,0.750893,Rainfall has stopped.
1534,25.5833,0.750932,Rainfall has stopped.
1535,25.6,0.750972,Rainfall has stopped.
1536,25.6167,0.75101,Rainfall has stopped.
1537,25.6333,0.751049,Rainfall has stopped.
1538,25.65,0.751088,Rainfall has stopped.
1539,25.6667,0.751126,Rainfall has stopped.
1540,25.6833,0.751164,Rainfall has stopped.
1541,25.7,0.751203,Rainfall has stopped.
1542,25.7167,0.751241,Rainfall has stopped.
1543,25.7333,0.751279,Rainfall has stopped.
1544,25.75,0.751317,Rainfall has stopped.
1545,25.7667,0.751355,Rainfall has stopped.
1546,25.7833,0.751393,Rainfall has stopped.
1547,25.8,0.751431,Rainfall has stopped.
1548,25.8167,0.751468,Rainfall has stopped.
1549,25.8333,0.751505,Rainfall has stopped.
1550,25.85,0.751543,Rainfall has stopped.
1551,25.8667,0.75158,Rainfall has stopped.
1552,25.8833,0.751616,Rainfall has stopped.
1553,25.9,0.751653,Rainfall has stopped.
1554,25.9167,0.75169,Rainfall has stopped.
1555,25.9333,0.751727,Rainfall has stopped.
1556,25.95,0.751764,Rainfall has stopped.
1557,25.9667,0.751801,Rainfall has stopped.
1558,25.9833,0.751837,Rainfall has stopped.
1559,26,0.751874,Rainfall has stopped.
1560,26.0167,0.75191,Rainfall has stopped.
1561,26.0333,0.751946,Rainfall has stopped.
1562,26.05,0.751983,Rainfall has stopped.
1563,26.0667,0.752019,Rainfall has stopped.
1564,26.0833,0.752055,Rainfall has stopped.
1565,26.1,0.752091,Rainfall has stopped.
1566,26.1167,0.752126,Rainfall has stopped.
1567,26.1333,0.752162,Rainfall has stopped.
1568,26.15,0.752198,Rainfall has stopped.
1569,26.1667,0.752233,Rainfall has stopped.
1570,26.1833,0.752269,Rainfall has stopped.
1571,26.2,0.752304,Rainfall has stopped.
1572,26.2167,0.752339,Rainfall has stopped.
1573,26.2333,0.752374,Rainfall has stopped.
1574,26.25,0.752409,Rainfall has stopped.
1575,26.2667,0.752444,Rainfall has stopped.
1576,26.2833,0.752479,Rainfall has stopped.
1577,26.3,0.752514,Rainfall has stopped.
1578,26.3167,0.752548,Rainfall has stopped.
1579,26.3333,0.752583,Rainfall has stopped.
1580,26.35,0.752618,Rainfall has stopped.
1581,26.3667,0.752652,Rainfall has stopped.
1582,26.3833,0.752686,Rainfall has stopped.
1583,26.4,0.75272,Rainfall has stopped.
1584,26.4167,0.752754,Rainfall has stopped.
1585,26.4333,0.752788,Rainfall has stopped.
1586,26.45,0.752822,Rainfall has stopped.
1587,26.4667,0.752856,Rainfall has stopped.
1588,26.4833,0.752889,Rainfall has stopped.
1589,26.5,0.752923,Rainfall has stopped.
1590,26.5167,0.752957,Rainfall has stopped.
1591,26.5333,0.75299,Rainfall has stopped.
1592,26.55,0.753024,Rainfall has stopped.
1593,26.5667,0.753057,Rainfall has stopped.
1594,26.5833,0.75309,Rainfall has stopped.
1595,26.6,0.753124,Rainfall has stopped.
1596,26.6167,0.753157,Rainfall has stopped.
1597,26.6333,0.75319,Rainfall has stopped.
1598,26.65,0.753223,Rainfall has stopped.
1599,26.6667,0.753256,Rainfall has stopped.
1600,26.6833,0.753288,Rainfall has stopped.
1601,26.7,0.753321,Rainfall has stopped.
1602,26.7167,0.753354,Rainfall has stopped.
1603,26.7333,0.753386,Rainfall has stopped.
1604,26.75,0.753419,Rainfall has stopped.
1605,26.7667,0.753451,Rainfall has stopped.
1606,26.7833,0.753484,Rainfall has stopped.
1607,26.8,0.753516,Rainfall has stopped.
1608,26.8167,0.753548,Rainfall has stopped.
1609,26.8333,0.75358,Rainfall has stopped.
1610,26.85,0.753612,Rainfall has stopped.
1611,26.8667,0.753644,Rainfall has stopped.
1612,26.8833,0.753676,Rainfall has stopped.
1613,26.9,0.753708,Rainfall has stopped.
1614,26.9167,0.753739,Rainfall has stopped.
1615,26.9333,0.753771,Rainfall has stopped.
1616,26.95,0.753802,Rainfall has stopped.
1617,26.9667,0.753834,Rainfall has stopped.
1618,26.9833,0.753865,Rainfall has stopped.
1619,27,0.753896,Rainfall has stopped.
1620,27.0167,0.753927,Rainfall has stopped.
1621,27.0333,0.753958,Rainfall has stopped.
1622,27.05,0.75399,Rainfall has stopped.
1623,27.0667,0.75402,Rainfall has stopped.
1624,27.0833,0.754051,Rainfall has stopped.
1625,27.1,0.754082,Rainfall has stopped.
1626,27.1167,0.754113,Rainfall has stopped.
1627,27.1333,0.754143,Rainfall has stopped.
1628,27.15,0.754174,Rainfall has stopped.
1629,27.1667,0.754205,Rainfall has stopped.
1630,27.1833,0.754235,Rainfall has stopped.
1631,27.2,0.754265,Rainfall has stopped.
1632,27.2167,0.754296,Rainfall has stopped.
1633,27.2333,0.754326,Rainfall has stopped.
1634,27.25,0.754356,Rainfall has stopped.
1635,27.2667,0.754386,Rainfall has stopped.
1636,27.2833,0.754416,Rainfall has stopped.
1637,27.3,0.754446,Rainfall has stopped.
1638,27.3167,0.754475,Rainfall has stopped.
1639,27.3333,0.754505,Rainfall has stopped.
1640,27.35,0.754535,Rainfall has stopped.
1641,27.3667,0.754565,Rainfall has stopped.
1642,27.3833,0.754594,Rainfall has stopped.
1643,27.4,0.754624,Rainfall has stopped.
1644,27.4167,0.754653,Rainfall has stopped.
1645,27.4333,0.754682,Rainfall has stopped.
1646,27.45,0.754712,Rainfall has stopped.
1647,27.4667,0.754741,Rainfall has stopped.
1648,27.4833,0.75477,Rainfall has stopped.
1649,27.5,0.754799,Rainfall has stopped.
1650,27.5167,0.754827,Rainfall has stopped.
1651,27.5333,0.754856,Rainfall has stopped.
1652,27.55,0.754885,Rainfall has stopped.
1653,27.5667,0.754914,Rainfall has stopped.
1654,27.5833,0.754942,Rainfall has stopped.
1655,27.6,0.754971,Rainfall has stopped.
1656,27.6167,0.755,Rainfall has stopped.
1657,27.6333,0.755028,Rainfall has stopped.
1658,27.65,0.755056,Rainfall has stopped.
1659,27.6667,0.755085,Rainfall has stopped.
1660,27.6833,0.755113,Rainfall has stopped.
1661,27.7,0.755141,Rainfall has stopped.
1662,27.7167,0.755169,Rainfall has stopped.
1663,27.7333,0.755198,Rainfall has stopped.
1664,27.75,0.755226,Rainfall has stopped.
1665,27.7667,0.755254,Rainfall has stopped.
1666,27.7833,0.755281,Rainfall has stopped.
1667,27.8,0.755309,Rainfall has stopped.
1668,27.8167,0.755337,Rainfall has stopped.
1669,27.8333,0.755364,Rainfall has stopped.
1670,27.85,0.755392,Rainfall has stopped.
1671,27.8667,0.755419,Rainfall has stopped.
1672,27.8833,0.755447,Rainfall has stopped.
1673,27.9,0.755474,Rainfall has stopped.
1674,27.9167,0.755502,Rainfall has stopped.
1675,27.9333,0.755529,Rainfall has stopped.
1676,27.95,0.755557,Rainfall has stopped.
1677,27.9667,0.755584,Rainfall has stopped.
1678,27.9833,0.755611,Rainfall has stopped.
1679,28,0.755638,Rainfall has stopped.
1680,28.0167,0.755665,Rainfall has stopped.
1681,28.0333,0.755692,Rainfall has stopped.
1682,28.05,0.755719,Rainfall has stopped.
1683,28.0667,0.755745,Rainfall has stopped.
1684,28.0833,0.755772,Rainfall has stopped.
1685,28.1,0.755798,Rainfall has stopped.
1686,28.1167,0.755825,Rainfall has stopped.
1687,28.1333,0.755851,Rainfall has stopped.
1688,28.15,0.755877,Rainfall has stopped.
1689,28.1667,0.755904,Rainfall has stopped.
1690,28.1833,0.75593,Rainfall has stopped.
1691,28.2,0.755956,Rainfall has stopped.
1692,28.2167,0.755982,Rainfall has stopped.
1693,28.2333,0.756008,Rainfall has stopped.
1694,28.25,0.756034,Rainfall has stopped.
1695,28.2667,0.75606,Rainfall has stopped.
1696,28.2833,0.756086,Rainfall has stopped.
1697,28.3,0.756111,Rainfall has stopped.
1698,28.3167,0.756137,Rainfall has stopped.
1699,28.3333,0.756162,Rainfall has stopped.
1700,28.35,0.756188,Rainfall has stopped.
1701,28.3667,0.756213,Rainfall has stopped.
1702,28.3833,0.756239,Rainfall has stopped.
1703,28.4,0.756264,Rainfall has stopped.
1704,28.4167,0.756289,Rainfall has stopped.
1705,28.4333,0.756315,Rainfall has stopped.
1706,28.45,0.75634,Rainfall has stopped.
1707,28.4667,0.756365,Rainfall has stopped.
1708,28.4833,0.75639,Rainfall has stopped.
1709,28.5,0.756415,Rainfall has stopped.
1710,28.5167,0.75644,Rainfall has stopped.
1711,28.5333,0.756465,Rainfall has stopped.
1712,28.55,0.75649,Rainfall has stopped.
1713,28.5667,0.756514,Rainfall has stopped.
1714,28.5833,0.756539,Rainfall has stopped.
1715,28.6,0.756563,Rainfall has stopped.
1716,28.6167,0.756588,Rainfall has stopped.
1717,28.6333,0.756612,Rainfall has stopped.
1718,28.65,0.756636,Rainfall has stopped.
1719,28.6667,0.756661,Rainfall has stopped.
1720,28.6833,0.756685,Rainfall has stopped.
1721,28.7,0.756709,Rainfall has stopped.
1722,28.7167,0.756733,Rainfall has stopped.
1723,28.7333,0.756757,Rainfall has stopped.
1724,28.75,0.756781,Rainfall has stopped.
1725,28.7667,0.756805,Rainfall has stopped.
1726,28.7833,0.756829,Rainfall has stopped.
1727,28.8,0.756853,Rainfall has stopped.
1728,28.8167,0.756877,Rainfall has stopped.
1729,28.8333,0.756901,Rainfall has stopped.
1730,28.85,0.756924,Rainfall has stopped.
1731,28.8667,0.756948,Rainfall has stopped.
1732,28.8833,0.756971,Rainfall has stopped.
1733,28.9,0.756995,Rainfall has stopped.
1734,28.9167,0.757018,Rainfall has stopped.
1735,28.9333,0.757041,Rainfall has stopped.
1736,28.95,0.757064,Rainfall has stopped.
1737,28.9667,0.757087,Rainfall has stopped.
1738,28.9833,0.757111,Rainfall has stopped.
1739,29,0.757134,Rainfall has stopped.
1740,29.0167,0.757157,Rainfall has stopped.
1741,29.0333,0.757179,Rainfall has stopped.
1742,29.05,0.757202,Rainfall has stopped.
1743,29.0667,0.757225,Rainfall has stopped.
1744,29.0833,0.757248,Rainfall has stopped.
1745,29.1,0.75727,Rainfall has stopped.
1746,29.1167,0.757293,Rainfall has stopped.
1747,29.1333,0.757316,Rainfall has stopped.
1748,29.15,0.757338,Rainfall has stopped.
1749,29.1667,0.757361,Rainfall has stopped.
1750,29.1833,0.757383,Rainfall has stopped.
1751,29.2,0.757405,Rainfall has stopped.
1752,29.2167,0.757428,Rainfall has stopped.
1753,29.2333,0.75745,Rainfall has stopped.
1754,29.25,0.757472,Rainfall has stopped.
1755,29.2667,0.757494,Rainfall has stopped.
1756,29.2833,0.757516,Rainfall has stopped.
1757,29.3,0.757538,Rainfall has stopped.
1758,29.3167,0.75756,Rainfall has stopped.
1759,29.3333,0.757582,Rainfall has stopped.
1760,29.35,0.757603,Rainfall has stopped.
1761,29.3667,0.757625,Rainfall has stopped.
1762,29.3833,0.757647,Rainfall has stopped.
1763,29.4,0.757669,Rainfall has stopped.
1764,29.4167,0.75769,Rainfall has stopped.
1765,29.4333,0.757712,Rainfall has stopped.
1766,29.45,0.757733,Rainfall has stopped.
1767,29.4667,0.757755,Rainfall has stopped.
1768,29.4833,0.757776,Rainfall has stopped.
1769,29.5,0.757797,Rainfall has stopped.
1770,29.5167,0.757818,Rainfall has stopped.
1771,29.5333,0.757839,Rainfall has stopped.
1772,29.55,0.75786,Rainfall has stopped.
1773,29.5667,0.757881,Rainfall has stopped.
1774,29.5833,0.757901,Rainfall has stopped.
1775,29.6,0.757922,Rainfall has stopped.
1776,29.6167,0.757943,Rainfall has stopped.
1777,29.6333,0.757964,Rainfall has stopped.
1778,29.65,0.757984,Rainfall has stopped.
1779,29.6667,0.758005,Rainfall has stopped.
1780,29.6833,0.758026,Rainfall has stopped.
1781,29.7,0.758046,Rainfall has stopped.
1782,29.7167,0.758067,Rainfall has stopped.
1783,29.7333,0.758087,Rainfall has stopped.
1784,29.75,0.758107,Rainfall has stopped.
1785,29.7667,0.758127,Rainfall has stopped.
1786,29.7833,0.758148,Rainfall has stopped.
1787,29.8,0.758168,Rainfall has stopped.
1788,29.8167,0.758188,Rainfall has stopped.
1789,29.8333,0.758208,Rainfall has stopped.
1790,29.85,0.758228,Rainfall has stopped.
1791,29.8667,0.758248,Rainfall has stopped.
1792,29.8833,0.758267,Rainfall has stopped.
1793,29.9,0.758287,Rainfall has stopped.
1794,29.9167,0.758307,Rainfall has stopped.
1795,29.9333,0.758326,Rainfall has stopped.
1796,29.95,0.758346,Rainfall has stopped.
1797,29.9667,0.758365,Rainfall has stopped.
1798,29.9833,0.758385,Rainfall has stopped.
1799,30,0.758404,Rainfall has stopped.
1800,30.0167,0.758424,Rainfall has stopped.
1801,30.0333,0.758443,Rainfall has stopped.
1802,30.05,0.758462,Rainfall has stopped.
1803,30.0667,0.758481,Rainfall has stopped.
1804,30.0833,0.7585,Rainfall has stopped.
1805,30.1,0.758519,Rainfall has stopped.
1806,30.1167,0.758538,Rainfall has stopped.
1807,30.1333,0.758557,Rainfall has stopped.
1808,30.15,0.758576,Rainfall has stopped.
1809,30.1667,0.758595,Rainfall has stopped.
1810,30.1833,0.758613,Rainfall has stopped.
1811,30.2,0.758632,Rainfall has stopped.
1812,30.2167,0.75865,Rainfall has stopped.
1813,30.2333,0.758669,Rainfall has stopped.
1814,30.25,0.758687,Rainfall has stopped.
1815,30.2667,0.758705,Rainfall has stopped.
1816,30.2833,0.758724,Rainfall has stopped.
1817,30.3,0.758742,Rainfall has stopped.
1818,30.3167,0.75876,Rainfall has stopped.
1819,30.3333,0.758778,Rainfall has stopped.
1820,30.35,0.758796,Rainfall has stopped.
1821,30.3667,0.758814,Rainfall has stopped.
1822,30.3833,0.758832,Rainfall has stopped.
1823,30.4,0.75885,Rainfall has stopped.
1824,30.4167,0.758868,Rainfall has stopped.
1825,30.4333,0.758886,Rainfall has stopped.
1826,30.45,0.758903,Rainfall has stopped.
1827,30.4667,0.758921,Rainfall has stopped.
1828,30.4833,0.758938,Rainfall has stopped.
1829,30.5,0.758956,Rainfall has stopped.
1830,30.5167,0.758973,Rainfall has stopped.
1831,30.5333,0.758991,Rainfall has stopped.
1832,30.55,0.759008,Rainfall has stopped.
1833,30.5667,0.759025,Rainfall has stopped.
1834,30.5833,0.759043,Rainfall has stopped.
1835,30.6,0.759059,Rainfall has stopped.
1836,30.6167,0.759076,Rainfall has stopped.
1837,30.6333,0.759094,Rainfall has stopped.
1838,30.65,0.75911,Rainfall has stopped.
1839,30.6667,0.759127,Rainfall has stopped.
1840,30.6833,0.759144,Rainfall has stopped.
1841,30.7,0.759161,Rainfall has stopped.
1842,30.7167,0.759177,Rainfall has stopped.
1843,30.7333,0.759194,Rainfall has stopped.
1844,30.75,0.75921,Rainfall has stopped.
1845,30.7667,0.759227,Rainfall has stopped.
1846,30.7833,0.759243,Rainfall has stopped.
1847,30.8,0.759259,Rainfall has stopped.
1848,30.8167,0.759276,Rainfall has stopped.
1849,30.8333,0.759292,Rainfall has stopped.
1850,30.85,0.759308,Rainfall has stopped.
1851,30.8667,0.759324,Rainfall has stopped.
1852,30.8833,0.75934,Rainfall has stopped.
1853,30.9,0.759356,Rainfall has stopped.
1854,30.9167,0.759372,Rainfall has stopped.
1855,30.9333,0.759387,Rainfall has stopped.
1856,30.95,0.759403,Rainfall has stopped.
1857,30.9667,0.759419,Rainfall has stopped.
1858,30.9833,0.759435,Rainfall has stopped.
1859,31,0.75945,Rainfall has stopped.
1860,31.0167,0.759466,Rainfall has stopped.
1861,31.0333,0.759481,Rainfall has stopped.
1862,31.05,0.759496,Rainfall has stopped.
1863,31.0667,0.759511,Rainfall has stopped.
1864,31.0833,0.759527,Rainfall has stopped.
1865,31.1,0.759542,Rainfall has stopped.
1866,31.1167,0.759557,Rainfall has stopped.
1867,31.1333,0.759572,Rainfall has stopped.
1868,31.15,0.759587,Rainfall has stopped.
1869,31.1667,0.759601,Rainfall has stopped.
1870,31.1833,0.759616,Rainfall has stopped.
1871,31.2,0.759631,Rainfall has stopped.
1872,31.2167,0.759646,Rainfall has stopped.
1873,31.2333,0.75966,Rainfall has stopped.
1874,31.25,0.759675,Rainfall has stopped.
1875,31.2667,0.759689,Rainfall has stopped.
1876,31.2833,0.759704,Rainfall has stopped.
1877,31.3,0.759719,Rainfall has stopped.
1878,31.3167,0.759733,Rainfall has stopped.
1879,31.3333,0.759748,Rainfall has stopped.
1880,31.35,0.759762,Rainfall has stopped.
1881,31.3667,0.759776,Rainfall has stopped.
1882,31.3833,0.75979,Rainfall has stopped.
1883,31.4,0.759804,Rainfall has stopped.
1884,31.4167,0.759818,Rainfall has stopped.
1885,31.4333,0.759832,Rainfall has stopped.
1886,31.45,0.759846,Rainfall has stopped.
1887,31.4667,0.75986,Rainfall has stopped.
1888,31.4833,0.759873,Rainfall has stopped.
1889,31.5,0.759887,Rainfall has stopped.
1890,31.5167,0.759901,Rainfall has stopped.
1891,31.5333,0.759914,Rainfall has stopped.
1892,31.55,0.759928,Rainfall has stopped.
1893,31.5667,0.759941,Rainfall has stopped.
1894,31.5833,0.759955,Rainfall has stopped.
1895,31.6,0.759969,Rainfall has stopped.
1896,31.6167,0.759982,Rainfall has stopped.
1897,31.6333,0.759995,Rainfall has stopped.
1898,31.65,0.760008,Rainfall has stopped.
1899,31.6667,0.760021,Rainfall has stopped.
1900,31.6833,0.760034,Rainfall has stopped.
1901,31.7,0.760047,Rainfall has stopped.
1902,31.7167,0.76006,Rainfall has stopped.
1903,31.7333,0.760073,Rainfall has stopped.
1904,31.75,0.760086,Rainfall has stopped.
1905,31.7667,0.760099,Rainfall has stopped.
1906,31.7833,0.760112,Rainfall has stopped.
1907,31.8,0.760124,Rainfall has stopped.
1908,31.8167,0.760137,Rainfall has stopped.
1909,31.8333,0.760149,Rainfall has stopped.
1910,31.85,0.760162,Rainfall has stopped.
1911,31.8667,0.760174,Rainfall has stopped.
1912,31.8833,0.760186,Rainfall has stopped.
1913,31.9,0.760199,Rainfall has stopped.
1914,31.9167,0.760211,Rainfall has stopped.
1915,31.9333,0.760223,Rainfall has stopped.
1916,31.95,0.760235,Rainfall has stopped.
1917,31.9667,0.760247,Rainfall has stopped.
1918,31.9833,0.760259,Rainfall has stopped.
1919,32,0.760271,Rainfall has stopped.
1920,32.0167,0.760283,Rainfall has stopped.
1921,32.0333,0.760294,Rainfall has stopped.
1922,32.05,0.760306,Rainfall has stopped.
1923,32.0667,0.760318,Rainfall has stopped.
1924,32.0833,0.76033,Rainfall has stopped.
1925,32.1,0.760341,Rainfall has stopped.
1926,32.1167,0.760353,Rainfall has stopped.
1927,32.1333,0.760365,Rainfall has stopped.
1928,32.15,0.760376,Rainfall has stopped.
1929,32.1667,0.760388,Rainfall has stopped.
1930,32.1833,0.760399,Rainfall has stopped.
1931,32.2,0.76041,Rainfall has stopped.
1932,32.2167,0.760422,Rainfall has stopped.
1933,32.2333,0.760433,Rainfall has stopped.
1934,32.25,0.760444,Rainfall has stopped.
1935,32.2667,0.760455,Rainfall has stopped.
1936,32.2833,0.760466,Rainfall has stopped.
1937,32.3,0.760477,Rainfall has stopped.
1938,32.3167,0.760488,Rainfall has stopped.
1939,32.3333,0.760498,Rainfall has stopped.
1940,32.35,0.760509,Rainfall has stopped.
1941,32.3667,0.76052,Rainfall has stopped.
1942,32.3833,0.76053,Rainfall has stopped.
1943,32.4,0.760541,Rainfall has stopped.
1944,32.4167,0.760552,Rainfall has stopped.
1945,32.4333,0.760563,Rainfall has stopped.
1946,32.45,0.760573,Rainfall has stopped.
1947,32.4667,0.760584,Rainfall has stopped.
1948,32.4833,0.760594,Rainfall has stopped.
1949,32.5,0.760604,Rainfall has stopped.
1950,32.5167,0.760614,Rainfall has stopped.
1951,32.5333,0.760624,Rainfall has stopped.
1952,32.55,0.760635,Rainfall has stopped.
1953,32.5667,0.760645,Rainfall has stopped.
1954,32.5833,0.760655,Rainfall has stopped.
1955,32.6,0.760665,Rainfall has stopped.
1956,32.6167,0.760675,Rainfall has stopped.
1957,32.6333,0.760685,Rainfall has stopped.
1958,32.65,0.760695,Rainfall has stopped.
1959,32.6667,0.760705,Rainfall has stopped.
1960,32.6833,0.760715,Rainfall has stopped.
1961,32.7,0.760724,Rainfall has stopped.
1962,32.7167,0.760734,Rainfall has stopped.
1963,32.7333,0.760743,Rainfall has stopped.
1964,32.75,0.760753,Rainfall has stopped.
1965,32.7667,0.760763,Rainfall has stopped.
1966,32.7833,0.760772,Rainfall has stopped.
1967,32.8,0.760782,Rainfall has stopped.
1968,32.8167,0.760792,Rainfall has stopped.
1969,32.8333,0.760801,Rainfall has stopped.
1970,32.85,0.760811,Rainfall has stopped.
1971,32.8667,0.76082,Rainfall has stopped.
1972,32.8833,0.760829,Rainfall has stopped.
1973,32.9,0.760838,Rainfall has stopped.
1974,32.9167,0.760847,Rainfall has stopped.
1975,32.9333,0.760856,Rainfall has stopped.
1976,32.95,0.760866,Rainfall has stopped.
1977,32.9667,0.760875,Rainfall has stopped.
1978,32.9833,0.760884,Rainfall has stopped.
1979,33,0.760893,Rainfall has stopped.
1980,33.0167,0.760902,Rainfall has stopped.
1981,33.0333,0.760911,Rainfall has stopped.
1982,33.05,0.76092,Rainfall has stopped.
1983,33.0667,0.760929,Rainfall has stopped.
1984,33.0833,0.760937,Rainfall has stopped.
1985,33.1,0.760946,Rainfall has stopped.
1986,33.1167,0.760955,Rainfall has stopped.
1987,33.1333,0.760963,Rainfall has stopped.
1988,33.15,0.760972,Rainfall has stopped.
1989,33.1667,0.76098,Rainfall has stopped.
1990,33.1833,0.760989,Rainfall has stopped.
1991,33.2,0.760998,Rainfall has stopped.
1992,33.2167,0.761006,Rainfall has stopped.
1993,33.2333,0.761014,Rainfall has stopped.
1994,33.25,0.761022,Rainfall has stopped.
1995,33.2667,0.761031,Rainfall has stopped.
1996,33.2833,0.761039,Rainfall has stopped.
1997,33.3,0.761047,Rainfall has stopped.
1998,33.3167,0.761056,Rainfall has stopped.
1999,33.3333,0.761064,Rainfall has stopped.
2000,33.35,0.761072,Rainfall has stopped.
2001,33.3667,0.76108,Rainfall has stopped.
2002,33.3833,0.761088,Rainfall has stopped.
2003,33.4,0.761096,Rainfall has stopped.
2004,33.4167,0.761104,Rainfall has stopped.
2005,33.4333,0.761111,Rainfall has stopped.
2006,33.45,0.761119,Rainfall has stopped.
2007,33.4667,0.761127,Rainfall has stopped.
2008,33.4833,0.761135,Rainfall has stopped.
2009,33.5,0.761142,Rainfall has stopped.
2010,33.5167,0.76115,Rainfall has stopped.
2011,33.5333,0.761158,Rainfall has stopped.
2012,33.55,0.761165,Rainfall has stopped.
2013,33.5667,0.761173,Rainfall has stopped.
2014,33.5833,0.761181,Rainfall has stopped.
2015,33.6,0.761188,Rainfall has stopped.
2016,33.6167,0.761196,Rainfall has stopped.
2017,33.6333,0.761203,Rainfall has stopped.
2018,33.65,0.761211,Rainfall has stopped.
2019,33.6667,0.761218,Rainfall has stopped.
2020,33.6833,0.761225,Rainfall has stopped.
2021,33.7,0.761233,Rainfall has stopped.
2022,33.7167,0.76124,Rainfall has stopped.
2023,33.7333,0.761247,Rainfall has stopped.
2024,33.75,0.761254,Rainfall has stopped.
2025,33.7667,0.761261,Rainfall has stopped.
2026,33.7833,0.761268,Rainfall has stopped.
2027,33.8,0.761276,Rainfall has stopped.
2028,33.8167,0.761283,Rainfall has stopped.
2029,33.8333,0.76129,Rainfall has stopped.
2030,33.85,0.761297,Rainfall has stopped.
2031,33.8667,0.761303,Rainfall has stopped.
2032,33.8833,0.76131,Rainfall has stopped.
2033,33.9,0.761317,Rainfall has stopped.
2034,33.9167,0.761324,Rainfall has stopped.
2035,33.9333,0.761331,Rainfall has stopped.
2036,33.95,0.761338,Rainfall has stopped.
2037,33.9667,0.761345,Rainfall has stopped.
2038,33.9833,0.761352,Rainfall has stopped.
2039,34,0.761358,Rainfall has stopped.
2040,34.0167,0.761365,Rainfall has stopped.
2041,34.0333,0.761372,Rainfall has stopped.
2042,34.05,0.761379,Rainfall has stopped.
2043,34.0667,0.761385,Rainfall has stopped.
2044,34.0833,0.761391,Rainfall has stopped.
2045,34.1,0.761398,Rainfall has stopped.
2046,34.1167,0.761404,Rainfall has stopped.
2047,34.1333,0.761411,Rainfall has stopped.
2048,34.15,0.761417,Rainfall has stopped.
2049,34.1667,0.761424,Rainfall has stopped.
2050,34.1833,0.76143,Rainfall has stopped.
2051,34.2,0.761436,Rainfall has stopped.
2052,34.2167,0.761443,Rainfall has stopped.
2053,34.2333,0.761449,Rainfall has stopped.
2054,34.25,0.761455,Rainfall has stopped.
2055,34.2667,0.761461,Rainfall has stopped.
2056,34.2833,0.761467,Rainfall has stopped.
2057,34.3,0.761474,Rainfall has stopped.
2058,34.3167,0.76148,Rainfall has stopped.
2059,34.3333,0.761486,Rainfall has stopped.
2060,34.35,0.761492,Rainfall has stopped.
2061,34.3667,0.761498,Rainfall has stopped.
2062,34.3833,0.761504,Rainfall has stopped.
2063,34.4,0.76151,Rainfall has stopped.
2064,34.4167,0.761516,Rainfall has stopped.
2065,34.4333,0.761522,Rainfall has stopped.
2066,34.45,0.761528,Rainfall has stopped.
2067,34.4667,0.761534,Rainfall has stopped.
2068,34.4833,0.761539,Rainfall has stopped.
2069,34.5,0.761545,Rainfall has stopped.
2070,34.5167,0.761551,Rainfall has stopped.
2071,34.5333,0.761557,Rainfall has stopped.
2072,34.55,0.761562,Rainfall has stopped.
2073,34.5667,0.761568,Rainfall has stopped.
2074,34.5833,0.761574,Rainfall has stopped.
2075,34.6,0.76158,Rainfall has stopped.
2076,34.6167,0.761585,Rainfall has stopped.
2077,34.6333,0.761591,Rainfall has stopped.
2078,34.65,0.761596,Rainfall has stopped.
2079,34.6667,0.761602,Rainfall has stopped.
2080,34.6833,0.761608,Rainfall has stopped.
2081,34.7,0.761613,Rainfall has stopped.
2082,34.7167,0.761618,Rainfall has stopped.
2083,34.7333,0.761624,Rainfall has stopped.
2084,34.75,0.761629,Rainfall has stopped.
2085,34.7667,0.761635,Rainfall has stopped.
2086,34.7833,0.76164,Rainfall has stopped.
2087,34.8,0.761646,Rainfall has stopped.
2088,34.8167,0.761651,Rainfall has stopped.
2089,34.8333,0.761656,Rainfall has stopped.
2090,34.85,0.761661,Rainfall has stopped.
2091,34.8667,0.761667,Rainfall has stopped.
2092,34.8833,0.761671,Rainfall has stopped.
2093,34.9,0.761676,Rainfall has stopped.
2094,34.9167,0.761681,Rainfall has stopped.
2095,34.9333,0.761686,Rainfall has stopped.
2096,34.95,0.761691,Rainfall has stopped.
2097,34.9667,0.761696,Rainfall has stopped.
2098,34.9833,0.761701,Rainfall has stopped.
2099,35,0.761706,Rainfall has stopped.
2100,35.0167,0.761711,Rainfall has stopped.
2101,35.0333,0.761716,Rainfall has stopped.
2102,35.05,0.761721,Rainfall has stopped.
2103,35.0667,0.761726,Rainfall has stopped.
2104,35.0833,0.761731,Rainfall has stopped.
2105,35.1,0.761736,Rainfall has stopped.
2106,35.1167,0.761741,Rainfall has stopped.
2107,35.1333,0.761746,Rainfall has stopped.
2108,35.15,0.761751,Rainfall has stopped.
2109,35.1667,0.761756,Rainfall has stopped.
2110,35.1833,0.761761,Rainfall has stopped.
2111,35.2,0.761765,Rainfall has stopped.
2112,35.2167,0.76177,Rainfall has stopped.
2113,35.2333,0.761775,Rainfall has stopped.
2114,35.25,0.761779,Rainfall has stopped.
2115,35.2667,0.761784,Rainfall has stopped.
2116,35.2833,0.761789,Rainfall has stopped.
2117,35.3,0.761793,Rainfall has stopped.
2118,35.3167,0.761798,Rainfall has stopped.
2119,35.3333,0.761802,Rainfall has stopped.
2120,35.35,0.761807,Rainfall has stopped.
2121,35.3667,0.761812,Rainfall has stopped.
2122,35.3833,0.761817,Rainfall has stopped.
2123,35.4,0.761821,Rainfall has stopped.
2124,35.4167,0.761825,Rainfall has stopped.
2125,35.4333,0.761829,Rainfall has stopped.
2126,35.45,0.761834,Rainfall has stopped.
2127,35.4667,0.761838,Rainfall has stopped.
2128,35.4833,0.761843,Rainfall has stopped.
2129,35.5,0.761847,Rainfall has stopped.
2130,35.5167,0.761851,Rainfall has stopped.
2131,35.5333,0.761856,Rainfall has stopped.
2132,35.55,0.76186,Rainfall has stopped.
2133,35.5667,0.761864,Rainfall has stopped.
2134,35.5833,0.761868,Rainfall has stopped.
2135,35.6,0.761873,Rainfall has stopped.
2136,35.6167,0.761877,Rainfall has stopped.
2137,35.6333,0.761881,Rainfall has stopped.
2138,35.65,0.761885,Rainfall has stopped.
2139,35.6667,0.761889,Rainfall has stopped.
2140,35.6833,0.761893,Rainfall has stopped.
2141,35.7,0.761898,Rainfall has stopped.
2142,35.7167,0.761902,Rainfall has stopped.
2143,35.7333,0.761906,Rainfall has stopped.
2144,35.75,0.76191,Rainfall has stopped.
2145,35.7667,0.761914,Rainfall has stopped.
2146,35.7833,0.761918,Rainfall has stopped.
2147,35.8,0.761922,Rainfall has stopped.
2148,35.8167,0.761926,Rainfall has stopped.
2149,35.8333,0.76193,Rainfall has stopped.
2150,35.85,0.761934,Rainfall has stopped.
2151,35.8667,0.761938,Rainfall has stopped.
2152,35.8833,0.761942,Rainfall has stopped.
2153,35.9,0.761946,Rainfall has stopped.
2154,35.9167,0.76195,Rainfall has stopped.
2155,35.9333,0.761953,Rainfall has stopped.
2156,35.95,0.761957,Rainfall has stopped.
2157,35.9667,0.761961,Rainfall has stopped.
2158,35.9833,0.761965,Rainfall has stopped.
2159,36,0.761968,Rainfall has stopped.
2160,36.0167,0.761972,Rainfall has stopped.
2161,36.0333,0.761976,Rainfall has stopped.
2162,36.05,0.76198,Rainfall has stopped.
2163,36.0667,0.761984,Rainfall has stopped.
2164,36.0833,0.761987,Rainfall has stopped.
2165,36.1,0.761991,Rainfall has stopped.
2166,36.1167,0.761995,Rainfall has stopped.
2167,36.1333,0.761998,Rainfall has stopped.
2168,36.15,0.762002,Rainfall has stopped.
2169,36.1667,0.762006,Rainfall has stopped.
2170,36.1833,0.762009,Rainfall has stopped.
2171,36.2,0.762012,Rainfall has stopped.
2172,36.2167,0.762016,Rainfall has stopped.
2173,36.2333,0.76202,Rainfall has stopped.
2174,36.25,0.762023,Rainfall has stopped.
2175,36.2667,0.762027,Rainfall has stopped.
2176,36.2833,0.76203,Rainfall has stopped.
2177,36.3,0.762034,Rainfall has stopped.
2178,36.3167,0.762037,Rainfall has stopped.
2179,36.3333,0.762041,Rainfall has stopped.
2180,36.35,0.762044,Rainfall has stopped.
2181,36.3667,0.762048,Rainfall has stopped.
2182,36.3833,0.762051,Rainfall has stopped.
2183,36.4,0.762054,Rainfall has stopped.
2184,36.4167,0.762057,Rainfall has stopped.
2185,36.4333,0.762061,Rainfall has stopped.
2186,36.45,0.762064,Rainfall has stopped.
2187,36.4667,0.762067,Rainfall has stopped.
2188,36.4833,0.762071,Rainfall has stopped.
2189,36.5,0.762074,Rainfall has stopped.
2190,36.5167,0.762077,Rainfall has stopped.
2191,36.5333,0.76208,Rainfall has stopped.
2192,36.55,0.762084,Rainfall has stopped.
2193,36.5667,0.762087,Rainfall has stopped.
2194,36.5833,0.76209,Rainfall has stopped.
2195,36.6,0.762093,Rainfall has stopped.
2196,36.6167,0.762097,Rainfall has stopped.
2197,36.6333,0.7621,Rainfall has stopped.
2198,36.65,0.762103,Rainfall has stopped.
2199,36.6667,0.762106,Rainfall has stopped.
2200,36.6833,0.762109,Rainfall has stopped.
2201,36.7,0.762112,Rainfall has stopped.
2202,36.7167,0.762115,Rainfall has stopped.
2203,36.7333,0.762119,Rainfall has stopped.
2204,36.75,0.762121,Rainfall has stopped.
2205,36.7667,0.762125,Rainfall has stopped.
2206,36.7833,0.762128,Rainfall has stopped.
2207,36.8,0.76213,Rainfall has stopped.
2208,36.8167,0.762134,Rainfall has stopped.
2209,36.8333,0.762137,Rainfall has stopped.
2210,36.85,0.76214,Rainfall has stopped.
2211,36.8667,0.762143,Rainfall has stopped.
2212,36.8833,0.762146,Rainfall has stopped.
2213,36.9,0.762149,Rainfall has stopped.
2214,36.9167,0.762151,Rainfall has stopped.
2215,36.9333,0.762154,Rainfall has stopped.
2216,36.95,0.762157,Rainfall has stopped.
2217,36.9667,0.76216,Rainfall has stopped.
2218,36.9833,0.762163,Rainfall has stopped.
2219,37,0.762166,Rainfall has stopped.
2220,37.0167,0.762169,Rainfall has stopped.
2221,37.0333,0.762171,Rainfall has stopped.
2222,37.05,0.762174,Rainfall has stopped.
2223,37.0667,0.762177,Rainfall has stopped.
2224,37.0833,0.76218,Rainfall has stopped.
2225,37.1,0.762182,Rainfall has stopped.
2226,37.1167,0.762185,Rainfall has stopped.
2227,37.1333,0.762188,Rainfall has stopped.
2228,37.15,0.762191,Rainfall has stopped.
2229,37.1667,0.762193,Rainfall has stopped.
2230,37.1833,0.762196,Rainfall has stopped.
2231,37.2,0.762199,Rainfall has stopped.
2232,37.2167,0.762202,Rainfall has stopped.
2233,37.2333,0.762205,Rainfall has stopped.
2234,37.25,0.762207,Rainfall has stopped.
2235,37.2667,0.76221,Rainfall has stopped.
2236,37.2833,0.762213,Rainfall has stopped.
2237,37.3,0.762215,Rainfall has stopped.
2238,37.3167,0.762218,Rainfall has stopped.
2239,37.3333,0.76222,Rainfall has stopped.
2240,37.35,0.762223,Rainfall has stopped.
2241,37.3667,0.762225,Rainfall has stopped.
2242,37.3833,0.762228,Rainfall has stopped.
2243,37.4,0.762231,Rainfall has stopped.
2244,37.4167,0.762233,Rainfall has stopped.
2245,37.4333,0.762236,Rainfall has stopped.
2246,37.45,0.762238,Rainfall has stopped.
2247,37.4667,0.762241,Rainfall has stopped.
2248,37.4833,0.762243,Rainfall has stopped.
2249,37.5,0.762246,Rainfall has stopped.
2250,37.5167,0.762248,Rainfall has stopped.
2251,37.5333,0.762251,Rainfall has stopped.
2252,37.55,0.762253,Rainfall has stopped.
2253,37.5667,0.762256,Rainfall has stopped.
2254,37.5833,0.762258,Rainfall has stopped.
2255,37.6,0.762261,Rainfall has stopped.
2256,37.6167,0.762264,Rainfall has stopped.
2257,37.6333,0.762266,Rainfall has stopped.
2258,37.65,0.762269,Rainfall has stopped.
2259,37.6667,0.762271,Rainfall has stopped.
2260,37.6833,0.762274,Rainfall has stopped.
2261,37.7,0.762276,Rainfall has stopped.
2262,37.7167,0.762278,Rainfall has stopped.
2263,37.7333,0.762281,Rainfall has stopped.
2264,37.75,0.762283,Rainfall has stopped.
2265,37.7667,0.762285,Rainfall has stopped.
2266,37.7833,0.762287,Rainfall has stopped.
2267,37.8,0.76229,Rainfall has stopped.
2268,37.8167,0.762292,Rainfall has stopped.
2269,37.8333,0.762294,Rainfall has stopped.
2270,37.85,0.762296,Rainfall has stopped.
2271,37.8667,0.762299,Rainfall has stopped.
2272,37.8833,0.762301,Rainfall has stopped.
2273,37.9,0.762303,Rainfall has stopped.
2274,37.9167,0.762305,Rainfall has stopped.
2275,37.9333,0.762308,Rainfall has stopped.
2276,37.95,0.76231,Rainfall has stopped.
2277,37.9667,0.762313,Rainfall has stopped.
2278,37.9833,0.762315,Rainfall has stopped.
2279,38,0.762317,Rainfall has stopped.
2280,38.0167,0.762319,Rainfall has stopped.
2281,38.0333,0.762321,Rainfall has stopped.
2282,38.05,0.762323,Rainfall has stopped.
2283,38.0667,0.762325,Rainfall has stopped.
2284,38.0833,0.762327,Rainfall has stopped.
2285,38.1,0.762329,Rainfall has stopped.
2286,38.1167,0.762331,Rainfall has stopped.
2287,38.1333,0.762333,Rainfall has stopped.
2288,38.15,0.762335,Rainfall has stopped.
2289,38.1667,0.762337,Rainfall has stopped.
2290,38.1833,0.762339,Rainfall has stopped.
2291,38.2,0.762341,Rainfall has stopped.
2292,38.2167,0.762343,Rainfall has stopped.
2293,38.2333,0.762346,Rainfall has stopped.
2294,38.25,0.762348,Rainfall has stopped.
2295,38.2667,0.762349,Rainfall has stopped.
2296,38.2833,0.762352,Rainfall has stopped.
2297,38.3,0.762353,Rainfall has stopped.
2298,38.3167,0.762355,Rainfall has stopped.
2299,38.3333,0.762357,Rainfall has stopped.
2300,38.35,0.762359,Rainfall has stopped.
2301,38.3667,0.762361,Rainfall has stopped.
2302,38.3833,0.762363,Rainfall has stopped.
2303,38.4,0.762365,Rainfall has stopped.
2304,38.4167,0.762367,Rainfall has stopped.
2305,38.4333,0.762369,Rainfall has stopped.
2306,38.45,0.762371,Rainfall has stopped.
2307,38.4667,0.762372,Rainfall has stopped.
2308,38.4833,0.762374,Rainfall has stopped.
2309,38.5,0.762376,Rainfall has stopped.
2310,38.5167,0.762378,Rainfall has stopped.
2311,38.5333,0.76238,Rainfall has stopped.
2312,38.55,0.762382,Rainfall has stopped.
2313,38.5667,0.762384,Rainfall has stopped.
2314,38.5833,0.762386,Rainfall has stopped.
2315,38.6,0.762387,Rainfall has stopped.
2316,38.6167,0.762389,Rainfall has stopped.
2317,38.6333,0.762391,Rainfall has stopped.
2318,38.65,0.762393,Rainfall has stopped.
2319,38.6667,0.762394,Rainfall has stopped.
2320,38.6833,0.762396,Rainfall has stopped.
2321,38.7,0.762398,Rainfall has stopped.
2322,38.7167,0.762399,Rainfall has stopped.
2323,38.7333,0.762401,Rainfall has stopped.
2324,38.75,0.762403,Rainfall has stopped.
2325,38.7667,0.762405,Rainfall has stopped.
2326,38.7833,0.762407,Rainfall has stopped.
2327,38.8,0.762408,Rainfall has stopped.
2328,38.8167,0.76241,Rainfall has stopped.
2329,38.8333,0.762412,Rainfall has stopped.
2330,38.85,0.762413,Rainfall has stopped.
2331,38.8667,0.762415,Rainfall has stopped.
2332,38.8833,0.762417,Rainfall has stopped.
2333,38.9,0.762418,Rainfall has stopped.
2334,38.9167,0.76242,Rainfall has stopped.
2335,38.9333,0.762421,Rainfall has stopped.
2336,38.95,0.762423,Rainfall has stopped.
2337,38.9667,0.762424,Rainfall has stopped.
2338,38.9833,0.762426,Rainfall has stopped.
2339,39,0.762428,Rainfall has stopped.
2340,39.0167,0.762429,Rainfall has stopped.
2341,39.0333,0.762431,Rainfall has stopped.
2342,39.05,0.762433,Rainfall has stopped.
2343,39.0667,0.762434,Rainfall has stopped.
2344,39.0833,0.762436,Rainfall has stopped.
2345,39.1,0.762437,Rainfall has stopped.
2346,39.1167,0.762439,Rainfall has stopped.
2347,39.1333,0.762441,Rainfall has stopped.
2348,39.15,0.762442,Rainfall has stopped.
2349,39.1667,0.762444,Rainfall has stopped.
2350,39.1833,0.762445,Rainfall has stopped.
2351,39.2,0.762447,Rainfall has stopped.
2352,39.2167,0.762448,Rainfall has stopped.
2353,39.2333,0.76245,Rainfall has stopped.
2354,39.25,0.762451,Rainfall has stopped.
2355,39.2667,0.762453,Rainfall has stopped.
2356,39.2833,0.762454,Rainfall has stopped.
2357,39.3,0.762455,Rainfall has stopped.
2358,39.3167,0.762457,Rainfall has stopped.
2359,39.3333,0.762459,Rainfall has stopped.
2360,39.35,0.76246,Rainfall has stopped.
2361,39.3667,0.762461,Rainfall has stopped.
2362,39.3833,0.762463,Rainfall has stopped.
2363,39.4,0.762464,Rainfall has stopped.
2364,39.4167,0.762466,Rainfall has stopped.
2365,39.4333,0.762467,Rainfall has stopped.
2366,39.45,0.762469,Rainfall has stopped.
2367,39.4667,0.76247,Rainfall has stopped.
2368,39.4833,0.762471,Rainfall has stopped.
2369,39.5,0.762473,Rainfall has stopped.
2370,39.5167,0.762474,Rainfall has stopped.
2371,39.5333,0.762475,Rainfall has stopped.
2372,39.55,0.762477,Rainfall has stopped.
2373,39.5667,0.762478,Rainfall has stopped.
2374,39.5833,0.76248,Rainfall has stopped.
2375,39.6,0.762481,Rainfall has stopped.
2376,39.6167,0.762482,Rainfall has stopped.
2377,39.6333,0.762484,Rainfall has stopped.
2378,39.65,0.762485,Rainfall has stopped.
2379,39.6667,0.762486,Rainfall has stopped.
2380,39.6833,0.762488,Rainfall has stopped.
2381,39.7,0.762489,Rainfall has stopped.
2382,39.7167,0.762491,Rainfall has stopped.
2383,39.7333,0.762492,Rainfall has stopped.
2384,39.75,0.762493,Rainfall has stopped.
2385,39.7667,0.762495,Rainfall has stopped.
2386,39.7833,0.762496,Rainfall has stopped.
2387,39.8,0.762497,Rainfall has stopped.
2388,39.8167,0.762498,Rainfall has stopped.
2389,39.8333,0.7625,Rainfall has stopped.
2390,39.85,0.762501,Rainfall has stopped.
2391,39.8667,0.762502,Rainfall has stopped.
2392,39.8833,0.762503,Rainfall has stopped.
2393,39.9,0.762505,Rainfall has stopped.
2394,39.9167,0.762506,Rainfall has stopped.
2395,39.9333,0.762507,Rainfall has stopped.
2396,39.95,0.762508,Rainfall has stopped.
2397,39.9667,0.76251,Rainfall has stopped.
2398,39.9833,0.762511,Rainfall has stopped.
2399,40,0.762512,Rainfall has stopped.
2400,40.0167,0.762514,Rainfall has stopped.
2401,40.0333,0.762515,Rainfall has stopped.
2402,40.05,0.762516,Rainfall has stopped.
2403,40.0667,0.762517,Rainfall has stopped.
2404,40.0833,0.762518,Rainfall has stopped.
2405,40.1,0.76252,Rainfall has stopped.
2406,40.1167,0.762521,Rainfall has stopped.
2407,40.1333,0.762522,Rainfall has stopped.
2408,40.15,0.762523,Rainfall has stopped.
2409,40.1667,0.762525,Rainfall has stopped.
2410,40.1833,0.762526,Rainfall has stopped.
2411,40.2,0.762527,Rainfall has stopped.
2412,40.2167,0.762528,Rainfall has stopped.
2413,40.2333,0.762529,Rainfall has stopped.
2414,40.25,0.76253,Rainfall has stopped.
2415,40.2667,0.762532,Rainfall has stopped.
2416,40.2833,0.762533,Rainfall has stopped.
2417,40.3,0.762534,Rainfall has stopped.
2418,40.3167,0.762535,Rainfall has stopped.
2419,40.3333,0.762536,Rainfall has stopped.
2420,40.35,0.762537,Rainfall has stopped.
2421,40.3667,0.762538,Rainfall has stopped.
2422,40.3833,0.762539,Rainfall has stopped.
2423,40.4,0.76254,Rainfall has stopped.
2424,40.4167,0.762542,Rainfall has stopped.
2425,40.4333,0.762543,Rainfall has stopped.
2426,40.45,0.762544,Rainfall has stopped.
2427,40.4667,0.762545,Rainfall has stopped.
2428,40.4833,0.762546,Rainfall has stopped.
2429,40.5,0.762547,Rainfall has stopped.
2430,40.5167,0.762548,Rainfall has stopped.
2431,40.5333,0.762549,Rainfall has stopped.
2432,40.55,0.76255,Rainfall has stopped.
2433,40.5667,0.762552,Rainfall has stopped.
2434,40.5833,0.762552,Rainfall has stopped.
2435,40.6,0.762553,Rainfall has stopped.
2436,40.6167,0.762555,Rainfall has stopped.
2437,40.6333,0.762556,Rainfall has stopped.
2438,40.65,0.762557,Rainfall has stopped.
2439,40.6667,0.762558,Rainfall has stopped.
2440,40.6833,0.762559,Rainfall has stopped.
2441,40.7,0.76256,Rainfall has stopped.
2442,40.7167,0.762561,Rainfall has stopped.
2443,40.7333,0.762562,Rainfall has stopped.
2444,40.75,0.762563,Rainfall has stopped.
2445,40.7667,0.762564,Rainfall has stopped.
2446,40.7833,0.762565,Rainfall has stopped.
2447,40.8,0.762566,Rainfall has stopped.
2448,40.8167,0.762567,Rainfall has stopped.
2449,40.8333,0.762568,Rainfall has stopped.
2450,40.85,0.762569,Rainfall has stopped.
2451,40.8667,0.76257,Rainfall has stopped.
2452,40.8833,0.762571,Rainfall has stopped.
2453,40.9,0.762572,Rainfall has stopped.
2454,40.9167,0.762573,Rainfall has stopped.
2455,40.9333,0.762574,Rainfall has stopped.
2456,40.95,0.762575,Rainfall has stopped.
2457,40.9667,0.762576,Rainfall has stopped.
2458,40.9833,0.762577,Rainfall has stopped.
2459,41,0.762578,Rainfall has stopped.
2460,41.0167,0.762579,Rainfall has stopped.
2461,41.0333,0.76258,Rainfall has stopped.
2462,41.05,0.76258,Rainfall has stopped.
2463,41.0667,0.762581,Rainfall has stopped.
2464,41.0833,0.762582,Rainfall has stopped.
2465,41.1,0.762583,Rainfall has stopped.
2466,41.1167,0.762584,Rainfall has stopped.
2467,41.1333,0.762585,Rainfall has stopped.
2468,41.15,0.762586,Rainfall has stopped.
2469,41.1667,0.762587,Rainfall has stopped.
2470,41.1833,0.762588,Rainfall has stopped.
2471,41.2,0.762589,Rainfall has stopped.
2472,41.2167,0.76259,Rainfall has stopped.
2473,41.2333,0.762591,Rainfall has stopped.
2474,41.25,0.762592,Rainfall has stopped.
2475,41.2667,0.762593,Rainfall has stopped.
2476,41.2833,0.762594,Rainfall has stopped.
2477,41.3,0.762594,Rainfall has stopped.
2478,41.3167,0.762595,Rainfall has stopped.
2479,41.3333,0.762596,Rainfall has stopped.
2480,41.35,0.762597,Rainfall has stopped.
2481,41.3667,0.762598,Rainfall has stopped.
2482,41.3833,0.762599,Rainfall has stopped.
2483,41.4,0.7626,Rainfall has stopped.
2484,41.4167,0.762601,Rainfall has stopped.
2485,41.4333,0.762601,Rainfall has stopped.
2486,41.45,0.762602,Rainfall has stopped.
2487,41.4667,0.762603,Rainfall has stopped.
2488,41.4833,0.762604,Rainfall has stopped.
2489,41.5,0.762605,Rainfall has stopped.
2490,41.5167,0.762606,Rainfall has stopped.
2491,41.5333,0.762606,Rainfall has stopped.
2492,41.55,0.762607,Rainfall has stopped.
2493,41.5667,0.762608,Rainfall has stopped.
2494,41.5833,0.762609,Rainfall has stopped.
2495,41.6,0.76261,Rainfall has stopped.
2496,41.6167,0.762611,Rainfall has stopped.
2497,41.6333,0.762612,Rainfall has stopped.
2498,41.65,0.762612,Rainfall has stopped.
2499,41.6667,0.762613,Rainfall has stopped.
2500,41.6833,0.762614,Rainfall has stopped.
2501,41.7,0.762614,Rainfall has stopped.
2502,41.7167,0.762615,Rainfall has stopped.
2503,41.7333,0.762616,Rainfall has stopped.
2504,41.75,0.762617,Rainfall has stopped.
2505,41.7667,0.762618,Rainfall has stopped.
2506,41.7833,0.762618,Rainfall has stopped.
2507,41.8,0.762619,Rainfall has stopped.
2508,41.8167,0.76262,Rainfall has stopped.
2509,41.8333,0.762621,Rainfall has stopped.
2510,41.85,0.762622,Rainfall has stopped.
2511,41.8667,0.762623,Rainfall has stopped.
2512,41.8833,0.762623,Rainfall has stopped.
2513,41.9,0.762624,Rainfall has stopped.
2514,41.9167,0.762625,Rainfall has stopped.
2515,41.9333,0.762626,Rainfall has stopped.
2516,41.95,0.762627,Rainfall has stopped.
2517,41.9667,0.762627,Rainfall has stopped.
2518,41.9833,0.762628,Rainfall has stopped.
2519,42,0.762629,Rainfall has stopped.
2520,42.0167,0.76263,Rainfall has stopped.
2521,42.0333,0.76263,Rainfall has stopped.
2522,42.05,0.762631,Rainfall has stopped.
2523,42.0667,0.762631,Rainfall has stopped.
2524,42.0833,0.762632,Rainfall has stopped.
2525,42.1,0.762633,Rainfall has stopped.
2526,42.1167,0.762634,Rainfall has stopped.
2527,42.1333,0.762635,Rainfall has stopped.
2528,42.15,0.762635,Rainfall has stopped.
2529,42.1667,0.762636,Rainfall has stopped.
2530,42.1833,0.762637,Rainfall has stopped.
2531,42.2,0.762637,Rainfall has stopped.
2532,42.2167,0.762638,Rainfall has stopped.
2533,42.2333,0.762639,Rainfall has stopped.
2534,42.25,0.76264,Rainfall has stopped.
2535,42.2667,0.76264,Rainfall has stopped.
2536,42.2833,0.762641,Rainfall has stopped.
2537,42.3,0.762642,Rainfall has stopped.
2538,42.3167,0.762642,Rainfall has stopped.
2539,42.3333,0.762643,Rainfall has stopped.
2540,42.35,0.762644,Rainfall has stopped.
2541,42.3667,0.762645,Rainfall has stopped.
2542,42.3833,0.762645,Rainfall has stopped.
2543,42.4,0.762646,Rainfall has stopped.
2544,42.4167,0.762646,Rainfall has stopped.
2545,42.4333,0.762647,Rainfall has stopped.
2546,42.45,0.762648,Rainfall has stopped.
2547,42.4667,0.762648,Rainfall has stopped.
2548,42.4833,0.762649,Rainfall has stopped.
2549,42.5,0.76265,Rainfall has stopped.
2550,42.5167,0.76265,Rainfall has stopped.
2551,42.5333,0.762651,Rainfall has stopped.
2552,42.55,0.762652,Rainfall has stopped.
2553,42.5667,0.762652,Rainfall has stopped.
2554,42.5833,0.762653,Rainfall has stopped.
2555,42.6,0.762654,Rainfall has stopped.
2556,42.6167,0.762654,Rainfall has stopped.
2557,42.6333,0.762655,Rainfall has stopped.
2558,42.65,0.762656,Rainfall has stopped.
2559,42.6667,0.762656,Rainfall has stopped.
2560,42.6833,0.762657,Rainfall has stopped.
2561,42.7,0.762658,Rainfall has stopped.
2562,42.7167,0.762659,Rainfall has stopped.
2563,42.7333,0.762659,Rainfall has stopped.
2564,42.75,0.76266,Rainfall has stopped.
2565,42.7667,0.76266,Rainfall has stopped.
2566,42.7833,0.762661,Rainfall has stopped.
2567,42.8,0.762661,Rainfall has stopped.
2568,42.8167,0.762662,Rainfall has stopped.
2569,42.8333,0.762663,Rainfall has stopped.
2570,42.85,0.762663,Rainfall has stopped.
2571,42.8667,0.762664,Rainfall has stopped.
2572,42.8833,0.762665,Rainfall has stopped.
2573,42.9,0.762665,Rainfall has stopped.
2574,42.9167,0.762666,Rainfall has stopped.
2575,42.9333,0.762666,Rainfall has stopped.
2576,42.95,0.762667,Rainfall has stopped.
2577,42.9667,0.762667,Rainfall has stopped.
2578,42.9833,0.762668,Rainfall has stopped.
2579,43,0.762669,Rainfall has stopped.
2580,43.0167,0.762669,Rainfall has stopped.
2581,43.0333,0.76267,Rainfall has stopped.
2582,43.05,0.762671,Rainfall has stopped.
2583,43.0667,0.762671,Rainfall has stopped.
2584,43.0833,0.762672,Rainfall has stopped.
2585,43.1,0.762672,Rainfall has stopped.
2586,43.1167,0.762673,Rainfall has stopped.
2587,43.1333,0.762673,Rainfall has stopped.
2588,43.15,0.762674,Rainfall has stopped.
2589,43.1667,0.762675,Rainfall has stopped.
2590,43.1833,0.762675,Rainfall has stopped.
2591,43.2,0.762676,Rainfall has stopped.
2592,43.2167,0.762676,Rainfall has stopped.
2593,43.2333,0.762677,Rainfall has stopped.
2594,43.25,0.762677,Rainfall has stopped.
2595,43.2667,0.762678,Rainfall has stopped.
2596,43.2833,0.762678,Rainfall has stopped.
2597,43.3,0.762679,Rainfall has stopped.
2598,43.3167,0.76268,Rainfall has stopped.
2599,43.3333,0.76268,Rainfall has stopped.
2600,43.35,0.762681,Rainfall has stopped.
2601,43.3667,0.762681,Rainfall has stopped.
2602,43.3833,0.762682,Rainfall has stopped.
2603,43.4,0.762682,Rainfall has stopped.
2604,43.4167,0.762683,Rainfall has stopped.
2605,43.4333,0.762684,Rainfall has stopped.
2606,43.45,0.762684,Rainfall has stopped.
2607,43.4667,0.762685,Rainfall has stopped.
2608,43.4833,0.762685,Rainfall has stopped.
2609,43.5,0.762685,Rainfall has stopped.
2610,43.5167,0.762686,Rainfall has stopped.
2611,43.5333,0.762686,Rainfall has stopped.
2612,43.55,0.762687,Rainfall has stopped.
2613,43.5667,0.762687,Rainfall has stopped.
2614,43.5833,0.762688,Rainfall has stopped.
2615,43.6,0.762689,Rainfall has stopped.
2616,43.6167,0.762689,Rainfall has stopped.
2617,43.6333,0.76269,Rainfall has stopped.
2618,43.65,0.76269,Rainfall has stopped.
2619,43.6667,0.762691,Rainfall has stopped.
2620,43.6833,0.762691,Rainfall has stopped.
2621,43.7,0.762691,Rainfall has stopped.
2622,43.7167,0.762692,Rainfall has stopped.
2623,43.7333,0.762692,Rainfall has stopped.
2624,43.75,0.762693,Rainfall has stopped.
2625,43.7667,0.762693,Rainfall has stopped.
2626,43.7833,0.762694,Rainfall has stopped.
2627,43.8,0.762694,Rainfall has stopped.
2628,43.8167,0.762695,Rainfall has stopped.
2629,43.8333,0.762695,Rainfall has stopped.
2630,43.85,0.762696,Rainfall has stopped.
2631,43.8667,0.762696,Rainfall has stopped.
2632,43.8833,0.762697,Rainfall has stopped.
2633,43.9,0.762697,Rainfall has stopped.
2634,43.9167,0.762697,Rainfall has stopped.
2635,43.9333,0.762698,Rainfall has stopped.
2636,43.95,0.762698,Rainfall has stopped.
2637,43.9667,0.762699,Rainfall has stopped.
2638,43.9833,0.7627,Rainfall has stopped.
2639,44,0.7627,Rainfall has stopped.
2640,44.0167,0.762701,Rainfall has stopped.
2641,44.0333,0.762701,Rainfall has stopped.
2642,44.05,0.762702,Rainfall has stopped.
2643,44.0667,0.762702,Rainfall has stopped.
2644,44.0833,0.762702,Rainfall has stopped.
2645,44.1,0.762703,Rainfall has stopped.
2646,44.1167,0.762703,Rainfall has stopped.
2647,44.1333,0.762704,Rainfall has stopped.
2648,44.15,0.762704,Rainfall has stopped.
2649,44.1667,0.762704,Rainfall has stopped.
2650,44.1833,0.762705,Rainfall has stopped.
2651,44.2,0.762706,Rainfall has stopped.
2652,44.2167,0.762706,Rainfall has stopped.
2653,44.2333,0.762707,Rainfall has stopped.
2654,44.25,0.762707,Rainfall has stopped.
2655,44.2667,0.762707,Rainfall has stopped.
2656,44.2833,0.762708,Rainfall has stopped.
2657,44.3,0.762708,Rainfall has stopped.
2658,44.3167,0.762709,Rainfall has stopped.
2659,44.3333,0.762709,Rainfall has stopped.
2660,44.35,0.76271,Rainfall has stopped.
2661,44.3667,0.76271,Rainfall has stopped.
2662,44.3833,0.76271,Rainfall has stopped.
2663,44.4,0.76271,Rainfall has stopped.
2664,44.4167,0.762711,Rainfall has stopped.
2665,44.4333,0.762712,Rainfall has stopped.
2666,44.45,0.762712,Rainfall has stopped.
2667,44.4667,0.762712,Rainfall has stopped.
2668,44.4833,0.762713,Rainfall has stopped.
2669,44.5,0.762714,Rainfall has stopped.
2670,44.5167,0.762714,Rainfall has stopped.
2671,44.5333,0.762715,Rainfall has stopped.
2672,44.55,0.762715,Rainfall has stopped.
2673,44.5667,0.762715,Rainfall has stopped.
2674,44.5833,0.762716,Rainfall has stopped.
2675,44.6,0.762716,Rainfall has stopped.
2676,44.6167,0.762716,Rainfall has stopped.
2677,44.6333,0.762717,Rainfall has stopped.
2678,44.65,0.762717,Rainfall has stopped.
2679,44.6667,0.762717,Rainfall has stopped.
2680,44.6833,0.762718,Rainfall has stopped.
2681,44.7,0.762719,Rainfall has stopped.
2682,44.7167,0.762719,Rainfall has stopped.
2683,44.7333,0.762719,Rainfall has stopped.
2684,44.75,0.76272,Rainfall has stopped.
2685,44.7667,0.76272,Rainfall has stopped.
2686,44.7833,0.762721,Rainfall has stopped.
2687,44.8,0.762721,Rainfall has stopped.
2688,44.8167,0.762721,Rainfall has stopped.
2689,44.8333,0.762722,Rainfall has stopped.
2690,44.85,0.762722,Rainfall has stopped.
2691,44.8667,0.762722,Rainfall has stopped.
2692,44.8833,0.762723,Rainfall has stopped.
2693,44.9,0.762723,Rainfall has stopped.
2694,44.9167,0.762723,Rainfall has stopped.
2695,44.9333,0.762724,Rainfall has stopped.
2696,44.95,0.762724,Rainfall has stopped.
2697,44.9667,0.762725,Rainfall has stopped.
2698,44.9833,0.762725,Rainfall has stopped.
2699,45,0.762725,Rainfall has stopped.
2700,45.0167,0.762726,Rainfall has stopped.
2701,45.0333,0.762726,Rainfall has stopped.
2702,45.05,0.762727,Rainfall has stopped.
2703,45.0667,0.762727,Rainfall has stopped.
2704,45.0833,0.762728,Rainfall has stopped.
2705,45.1,0.762728,Rainfall has stopped.
2706,45.1167,0.762728,Rainfall has stopped.
2707,45.1333,0.762728,Rainfall has stopped.
2708,45.15,0.762729,Rainfall has stopped.
2709,45.1667,0.762729,Rainfall has stopped.
2710,45.1833,0.762729,Rainfall has stopped.
2711,45.2,0.76273,Rainfall has stopped.
2712,45.2167,0.76273,Rainfall has stopped.
2713,45.2333,0.76273,Rainfall has stopped.
2714,45.25,0.762731,Rainfall has stopped.
2715,45.2667,0.762731,Rainfall has stopped.
2716,45.2833,0.762732,Rainfall has stopped.
2717,45.3,0.762732,Rainfall has stopped.
2718,45.3167,0.762733,Rainfall has stopped.
2719,45.3333,0.762733,Rainfall has stopped.
2720,45.35,0.762733,Rainfall has stopped.
2721,45.3667,0.762733,Rainfall has stopped.
2722,45.3833,0.762734,Rainfall has stopped.
2723,45.4,0.762734,Rainfall has stopped.
2724,45.4167,0.762734,Rainfall has stopped.
2725,45.4333,0.762735,Rainfall has stopped.
2726,45.45,0.762735,Rainfall has stopped.
2727,45.4667,0.762735,Rainfall has stopped.
2728,45.4833,0.762736,Rainfall has stopped.
2729,45.5,0.762736,Rainfall has stopped.
2730,45.5167,0.762736,Rainfall has stopped.
2731,45.5333,0.762737,Rainfall has stopped.
2732,45.55,0.762737,Rainfall has stopped.
2733,45.5667,0.762737,Rainfall has stopped.
2734,45.5833,0.762738,Rainfall has stopped.
2735,45.6,0.762738,Rainfall has stopped.
2736,45.6167,0.762739,Rainfall has stopped.
2737,45.6333,0.762739,Rainfall has stopped.
2738,45.65,0.762739,Rainfall has stopped.
2739,45.6667,0.76274,Rainfall has stopped.
2740,45.6833,0.76274,Rainfall has stopped.
2741,45.7,0.762741,Rainfall has stopped.
2742,45.7167,0.762741,Rainfall has stopped.
2743,45.7333,0.762741,Rainfall has stopped.
2744,45.75,0.762741,Rainfall has stopped.
2745,45.7667,0.762742,Rainfall has stopped.
2746,45.7833,0.762742,Rainfall has stopped.
2747,45.8,0.762742,Rainfall has stopped.
2748,45.8167,0.762742,Rainfall has stopped.
2749,45.8333,0.762743,Rainfall has stopped.
2750,45.85,0.762743,Rainfall has stopped.
2751,45.8667,0.762743,Rainfall has stopped.
2752,45.8833,0.762744,Rainfall has stopped.
2753,45.9,0.762744,Rainfall has stopped.
2754,45.9167,0.762745,Rainfall has stopped.
2755,45.9333,0.762745,Rainfall has stopped.
2756,45.95,0.762746,Rainfall has stopped.
2757,45.9667,0.762746,Rainfall has stopped.
2758,45.9833,0.762746,Rainfall has stopped.
2759,46,0.762746,Rainfall has stopped.
2760,46.0167,0.762746,Rainfall has stopped.
2761,46.0333,0.762747,Rainfall has stopped.
2762,46.05,0.762747,Rainfall has stopped.
2763,46.0667,0.762747,Rainfall has stopped.
2764,46.0833,0.762748,Rainfall has stopped.
2765,46.1,0.762748,Rainfall has stopped.
2766,46.1167,0.762748,Rainfall has stopped.
2767,46.1333,0.762748,Rainfall has stopped.
2768,46.15,0.762748,Rainfall has stopped.
2769,46.1667,0.762749,Rainfall has stopped.
2770,46.1833,0.762749,Rainfall has stopped.
2771,46.2,0.762749,Rainfall has stopped.
2772,46.2167,0.76275,Rainfall has stopped.
2773,46.2333,0.76275,Rainfall has stopped.
2774,46.25,0.76275,Rainfall has stopped.
2775,46.2667,0.76275,Rainfall has stopped.
2776,46.2833,0.762751,Rainfall has stopped.
2777,46.3,0.762751,Rainfall has stopped.
2778,46.3167,0.762751,Rainfall has stopped.
2779,46.3333,0.762752,Rainfall has stopped.
2780,46.35,0.762752,Rainfall has stopped.
2781,46.3667,0.762752,Rainfall has stopped.
2782,46.3833,0.762753,Rainfall has stopped.
2783,46.4,0.762753,Rainfall has stopped.
2784,46.4167,0.762753,Rainfall has stopped.
2785,46.4333,0.762753,Rainfall has stopped.
2786,46.45,0.762754,Rainfall has stopped.
2787,46.4667,0.762754,Rainfall has stopped.
2788,46.4833,0.762754,Rainfall has stopped.
2789,46.5,0.762754,Rainfall has stopped.
2790,46.5167,0.762754,Rainfall has stopped.
2791,46.5333,0.762755,Rainfall has stopped.
2792,46.55,0.762755,Rainfall has stopped.
2793,46.5667,0.762755,Rainfall has stopped.
2794,46.5833,0.762756,Rainfall has stopped.
2795,46.6,0.762756,Rainfall has stopped.
2796,46.6167,0.762757,Rainfall has stopped.
2797,46.6333,0.762757,Rainfall has stopped.
2798,46.65,0.762757,Rainfall has stopped.
2799,46.6667,0.762758,Rainfall has stopped.
2800,46.6833,0.762758,Rainfall has stopped.
2801,46.7,0.762759,Rainfall has stopped.
2802,46.7167,0.762759,Rainfall has stopped.
2803,46.7333,0.762759,Rainfall has stopped.
2804,46.75,0.76276,Rainfall has stopped.
2805,46.7667,0.76276,Rainfall has stopped.
2806,46.7833,0.76276,Rainfall has stopped.
2807,46.8,0.76276,Rainfall has stopped.
2808,46.8167,0.76276,Rainfall has stopped.
2809,46.8333,0.76276,Rainfall has stopped.
2810,46.85,0.762761,Rainfall has stopped.
2811,46.8667,0.762761,Rainfall has stopped.
2812,46.8833,0.762761,Rainfall has stopped.
2813,46.9,0.762761,Rainfall has stopped.
2814,46.9167,0.762761,Rainfall has stopped.
2815,46.9333,0.762762,Rainfall has stopped.
2816,46.95,0.762762,Rainfall has stopped.
2817,46.9667,0.762762,Rainfall has stopped.
2818,46.9833,0.762762,Rainfall has stopped.
2819,47,0.762763,Rainfall has stopped.
2820,47.0167,0.762763,Rainfall has stopped.
2821,47.0333,0.762763,Rainfall has stopped.
2822,47.05,0.762763,Rainfall has stopped.
2823,47.0667,0.762763,Rainfall has stopped.
2824,47.0833,0.762763,Rainfall has stopped.
2825,47.1,0.762764,Rainfall has stopped.
2826,47.1167,0.762764,Rainfall has stopped.
2827,47.1333,0.762764,Rainfall has stopped.
2828,47.15,0.762764,Rainfall has stopped.
2829,47.1667,0.762765,Rainfall has stopped.
2830,47.1833,0.762765,Rainfall has stopped.
2831,47.2,0.762765,Rainfall has stopped.
2832,47.2167,0.762766,Rainfall has stopped.
2833,47.2333,0.762766,Rainfall has stopped.
2834,47.25,0.762766,Rainfall has stopped.
2835,47.2667,0.762766,Rainfall has stopped.
2836,47.2833,0.762767,Rainfall has stopped.
2837,47.3,0.762767,Rainfall has stopped.
2838,47.3167,0.762767,Rainfall has stopped.
2839,47.3333,0.762767,Rainfall has stopped.
2840,47.35,0.762767,Rainfall has stopped.
2841,47.3667,0.762767,Rainfall has stopped.
2842,47.3833,0.762767,Rainfall has stopped.
2843,47.4,0.762767,Rainfall has stopped.
2844,47.4167,0.762768,Rainfall has stopped.
2845,47.4333,0.762768,Rainfall has stopped.
2846,47.45,0.762768,Rainfall has stopped.
2847,47.4667,0.762769,Rainfall has stopped.
2848,47.4833,0.762769,Rainfall has stopped.
2849,47.5,0.76277,Rainfall has stopped.
2850,47.5167,0.76277,Rainfall has stopped.
2851,47.5333,0.76277,Rainfall has stopped.
2852,47.55,0.76277,Rainfall has stopped.
2853,47.5667,0.762771,Rainfall has stopped.
2854,47.5833,0.762771,Rainfall has stopped.
2855,47.6,0.762771,Rainfall has stopped.
2856,47.6167,0.762772,Rainfall has stopped.
2857,47.6333,0.762772,Rainfall has stopped.
2858,47.65,0.762772,Rainfall has stopped.
2859,47.6667,0.762773,Rainfall has stopped.
2860,47.6833,0.762773,Rainfall has stopped.
2861,47.7,0.762773,Rainfall has stopped.
2862,47.7167,0.762773,Rainfall has stopped.
2863,47.7333,0.762773,Rainfall has stopped.
2864,47.75,0.762773,Rainfall has stopped.
2865,47.7667,0.762773,Rainfall has stopped.
2866,47.7833,0.762774,Rainfall has stopped.
2867,47.8,0.762774,Rainfall has stopped.
2868,47.8167,0.762774,Rainfall has stopped.
2869,47.8333,0.762774,Rainfall has stopped.
2870,47.85,0.762774,Rainfall has stopped.
2871,47.8667,0.762774,Rainfall has stopped.
2872,47.8833,0.762774,Rainfall has stopped.
2873,47.9,0.762775,Rainfall has stopped.
2874,47.9167,0.762775,Rainfall has stopped.
2875,47.9333,0.762775,Rainfall has stopped.
2876,47.95,0.762775,Rainfall has stopped.
2877,47.9667,0.762776,Rainfall has stopped.
2878,47.9833,0.762776,Rainfall has stopped.
2879,48,0.762776,Rainfall has stopped.
2880,48.0167,0.762776,Rainfall has stopped.
2881,48.0333,0.762776,Rainfall has stopped.
2882,48.05,0.762777,Rainfall has stopped.
2883,48.0667,0.762777,Rainfall has stopped.
2884,48.0833,0.762777,Rainfall has stopped.
2885,48.1,0.762777,Rainfall has stopped.
2886,48.1167,0.762778,Rainfall has stopped.
2887,48.1333,0.762778,Rainfall has stopped.
2888,48.15,0.762778,Rainfall has stopped.
2889,48.1667,0.762778,Rainfall has stopped.
2890,48.1833,0.762779,Rainfall has stopped.
2891,48.2,0.762779,Rainfall has stopped.
2892,48.2167,0.762779,Rainfall has stopped.
2893,48.2333,0.762779,Rainfall has stopped.
2894,48.25,0.762779,Rainfall has stopped.
2895,48.2667,0.76278,Rainfall has stopped.
2896,48.2833,0.76278,Rainfall has stopped.
2897,48.3,0.76278,Rainfall has stopped.
2898,48.3167,0.76278,Rainfall has stopped.
2899,48.3333,0.76278,Rainfall has stopped.
2900,48.35,0.76278,Rainfall has stopped.
2901,48.3667,0.762781,Rainfall has stopped.
2902,48.3833,0.762781,Rainfall has stopped.
2903,48.4,0.762781,Rainfall has stopped.
2904,48.4167,0.762781,Rainfall has stopped.
2905,48.4333,0.762781,Rainfall has stopped.
2906,48.45,0.762781,Rainfall has stopped.
2907,48.4667,0.762781,Rainfall has stopped.
2908,48.4833,0.762781,Rainfall has stopped.
2909,48.5,0.762781,Rainfall has stopped.
2910,48.5167,0.762782,Rainfall has stopped.
2911,48.5333,0.762782,Rainfall has stopped.
2912,48.55,0.762782,Rainfall has stopped.
2913,48.5667,0.762782,Rainfall has stopped.
2914,48.5833,0.762783,Rainfall has stopped.
2915,48.6,0.762783,Rainfall has stopped.
2916,48.6167,0.762783,Rainfall has stopped.
2917,48.6333,0.762783,Rainfall has stopped.
2918,48.65,0.762784,Rainfall has stopped.
2919,48.6667,0.762784,Rainfall has stopped.
2920,48.6833,0.762784,Rainfall has stopped.
2921,48.7,0.762785,Rainfall has stopped.
2922,48.7167,0.762785,Rainfall has stopped.
2923,48.7333,0.762785,Rainfall has stopped.
2924,48.75,0.762785,Rainfall has stopped.
2925,48.7667,0.762785,Rainfall has stopped.
2926,48.7833,0.762785,Rainfall has stopped.
2927,48.8,0.762785,Rainfall has stopped.
2928,48.8167,0.762785,Rainfall has stopped.
2929,48.8333,0.762785,Rainfall has stopped.
2930,48.85,0.762786,Rainfall has stopped.
2931,48.8667,0.762786,Rainfall has stopped.
2932,48.8833,0.762786,Rainfall has stopped.
2933,48.9,0.762786,Rainfall has stopped.
2934,48.9167,0.762787,Rainfall has stopped.
2935,48.9333,0.762787,Rainfall has stopped.
2936,48.95,0.762787,Rainfall has stopped.
2937,48.9667,0.762787,Rainfall has stopped.
2938,48.9833,0.762787,Rainfall has stopped.
2939,49,0.762787,Rainfall has stopped.
2940,49.0167,0.762787,Rainfall has stopped.
2941,49.0333,0.762788,Rainfall has stopped.
2942,49.05,0.762788,Rainfall has stopped.
2943,49.0667,0.762788,Rainfall has stopped.
2944,49.0833,0.762788,Rainfall has stopped.
2945,49.1,0.762789,Rainfall has stopped.
2946,49.1167,0.762789,Rainfall has stopped.
2947,49.1333,0.762789,Rainfall has stopped.
2948,49.15,0.762789,Rainfall has stopped.
2949,49.1667,0.762789,Rainfall has stopped.
2950,49.1833,0.762789,Rainfall has stopped.
2951,49.2,0.762789,Rainfall has stopped.
2952,49.2167,0.762789,Rainfall has stopped.
2953,49.2333,0.762789,Rainfall has stopped.
2954,49.25,0.762789,Rainfall has stopped.
2955,49.2667,0.76279,Rainfall has stopped.
2956,49.2833,0.76279,Rainfall has stopped.
2957,49.3,0.76279,Rainfall has stopped.
2958,49.3167,0.76279,Rainfall has stopped.
2959,49.3333,0.762791,Rainfall has stopped.
2960,49.35,0.762791,Rainfall has stopped.
2961,49.3667,0.762791,Rainfall has stopped.
2962,49.3833,0.762791,Rainfall has stopped.
2963,49.4,0.762791,Rainfall has stopped.
2964,49.4167,0.762792,Rainfall has stopped.
2965,49.4333,0.762792,Rainfall has stopped.
2966,49.45,0.762792,Rainfall has stopped.
2967,49.4667,0.762792,Rainfall has stopped.
2968,49.4833,0.762793,Rainfall has stopped.
2969,49.5,0.762793,Rainfall has stopped.
2970,49.5167,0.762793,Rainfall has stopped.
2971,49.5333,0.762793,Rainfall has stopped.
2972,49.55,0.762794,Rainfall has stopped.
2973,49.5667,0.762794,Rainfall has stopped.
2974,49.5833,0.762794,Rainfall has stopped.
2975,49.6,0.762793,Rainfall has stopped.
2976,49.6167,0.762793,Rainfall has stopped.
2977,49.6333,0.762793,Rainfall has stopped.
2978,49.65,0.762793,Rainfall has stopped.
2979,49.6667,0.762793,Rainfall has stopped.
2980,49.6833,0.762793,Rainfall has stopped.
2981,49.7,0.762793,Rainfall has stopped.
2982,49.7167,0.762793,Rainfall has stopped.
2983,49.7333,0.762793,Rainfall has stopped.
2984,49.75,0.762793,Rainfall has stopped.
2985,49.7667,0.762794,Rainfall has stopped.
2986,49.7833,0.762794,Rainfall has stopped.
2987,49.8,0.762794,Rainfall has stopped.
2988,49.8167,0.762794,Rainfall has stopped.
2989,49.8333,0.762794,Rainfall has stopped.
2990,49.85,0.762794,Rainfall has stopped.
2991,49.8667,0.762795,Rainfall has stopped.
2992,49.8833,0.762795,Rainfall has stopped.
2993,49.9,0.762795,Rainfall has stopped.
2994,49.9167,0.762795,Rainfall has stopped.
2995,49.9333,0.762796,Rainfall has stopped.
2996,49.95,0.762796,Rainfall has stopped.
2997,49.9667,0.762797,Rainfall has stopped.
2998,49.9833,0.762797,Rainfall has stopped.
2999,50,0.762798,Rainfall has stopped.
3000,50.0167,0.762798,Rainfall has stopped.
3001,50.0333,0.762799,Rainfall has stopped.
3002,50.05,0.762799,Rainfall has stopped.
3003,50.0667,0.762798,Rainfall has stopped.
3004,50.0833,0.762798,Rainfall has stopped.
3005,50.1,0.762798,Rainfall has stopped.
3006,50.1167,0.762798,Rainfall has stopped.
3007,50.1333,0.762798,Rainfall has stopped.
3008,50.15,0.762798,Rainfall has stopped.
3009,50.1667,0.762798,Rainfall has stopped.
3010,50.1833,0.762799,Rainfall has stopped.
3011,50.2,0.762799,Rainfall has stopped.
3012,50.2167,0.762799,Rainfall has stopped.
3013,50.2333,0.762799,Rainfall has stopped.
3014,50.25,0.7628,Rainfall has stopped.
3015,50.2667,0.7628,Rainfall has stopped.
3016,50.2833,0.7628,Rainfall has stopped.
3017,50.3,0.7628,Rainfall has stopped.
3018,50.3167,0.7628,Rainfall has stopped.
3019,50.3333,0.7628,Rainfall has stopped.
3020,50.35,0.7628,Rainfall has stopped.
3021,50.3667,0.7628,Rainfall has stopped.
3022,50.3833,0.7628,Rainfall has stopped.
3023,50.4,0.7628,Rainfall has stopped.
3024,50.4167,0.7628,Rainfall has stopped.
3025,50.4333,0.762801,Rainfall has stopped.
3026,50.45,0.762801,Rainfall has stopped.
3027,50.4667,0.762801,Rainfall has stopped.
3028,50.4833,0.762801,Rainfall has stopped.
3029,50.5,0.762802,Rainfall has stopped.
3030,50.5167,0.762802,Rainfall has stopped.
3031,50.5333,0.762802,Rainfall has stopped.
3032,50.55,0.762802,Rainfall has stopped.
3033,50.5667,0.762802,Rainfall has stopped.
3034,50.5833,0.762802,Rainfall has stopped.
3035,50.6,0.762802,Rainfall has stopped.
3036,50.6167,0.762802,Rainfall has stopped.
3037,50.6333,0.762801,Rainfall has stopped.
3038,50.65,0.762801,Rainfall has stopped.
3039,50.6667,0.762801,Rainfall has stopped.
3040,50.6833,0.762801,Rainfall has stopped.
3041,50.7,0.762801,Rainfall has stopped.
3042,50.7167,0.762801,Rainfall has stopped.
3043,50.7333,0.762801,Rainfall has stopped.
3044,50.75,0.762802,Rainfall has stopped.
3045,50.7667,0.762802,Rainfall has stopped.
3046,50.7833,0.762802,Rainfall has stopped.
3047,50.8,0.762802,Rainfall has stopped.
3048,50.8167,0.762803,Rainfall has stopped.
3049,50.8333,0.762803,Rainfall has stopped.
3050,50.85,0.762803,Rainfall has stopped.
3051,50.8667,0.762803,Rainfall has stopped.
3052,50.8833,0.762803,Rainfall has stopped.
3053,50.9,0.762804,Rainfall has stopped.
3054,50.9167,0.762804,Rainfall has stopped.
3055,50.9333,0.762804,Rainfall has stopped.
3056,50.95,0.762804,Rainfall has stopped.
3057,50.9667,0.762805,Rainfall has stopped.
3058,50.9833,0.762805,Rainfall has stopped.
3059,51,0.762805,Rainfall has stopped.
3060,51.0167,0.762805,Rainfall has stopped.
3061,51.0333,0.762805,Rainfall has stopped.
3062,51.05,0.762806,Rainfall has stopped.
3063,51.0667,0.762806,Rainfall has stopped.
3064,51.0833,0.762806,Rainfall has stopped.
3065,51.1,0.762806,Rainfall has stopped.
3066,51.1167,0.762806,Rainfall has stopped.
3067,51.1333,0.762806,Rainfall has stopped.
3068,51.15,0.762806,Rainfall has stopped.
3069,51.1667,0.762806,Rainfall has stopped.
3070,51.1833,0.762806,Rainfall has stopped.
3071,51.2,0.762806,Rainfall has stopped.
3072,51.2167,0.762806,Rainfall has stopped.
3073,51.2333,0.762806,Rainfall has stopped.
3074,51.25,0.762806,Rainfall has stopped.
3075,51.2667,0.762806,Rainfall has stopped.
3076,51.2833,0.762806,Rainfall has stopped.
3077,51.3,0.762806,Rainfall has stopped.
3078,51.3167,0.762806,Rainfall has stopped.
3079,51.3333,0.762807,Rainfall has stopped.
3080,51.35,0.762807,Rainfall has stopped.
3081,51.3667,0.762807,Rainfall has stopped.
3082,51.3833,0.762807,Rainfall has stopped.
3083,51.4,0.762807,Rainfall has stopped.
3084,51.4167,0.762807,Rainfall has stopped.
3085,51.4333,0.762807,Rainfall has stopped.
3086,51.45,0.762807,Rainfall has stopped.
3087,51.4667,0.762807,Rainfall has stopped.
3088,51.4833,0.762807,Rainfall has stopped.
3089,51.5,0.762807,Rainfall has stopped.
3090,51.5167,0.762807,Rainfall has stopped.
3091,51.5333,0.762807,Rainfall has stopped.
3092,51.55,0.762808,Rainfall has stopped.
3093,51.5667,0.762808,Rainfall has stopped.
3094,51.5833,0.762808,Rainfall has stopped.
3095,51.6,0.762809,Rainfall has stopped.
3096,51.6167,0.762809,Rainfall has stopped.
3097,51.6333,0.762809,Rainfall has stopped.
3098,51.65,0.762809,Rainfall has stopped.
3099,51.6667,0.762809,Rainfall has stopped.
3100,51.6833,0.762809,Rainfall has stopped.
3101,51.7,0.76281,Rainfall has stopped.
3102,51.7167,0.76281,Rainfall has stopped.
3103,51.7333,0.76281,Rainfall has stopped.
3104,51.75,0.76281,Rainfall has stopped.
3105,51.7667,0.76281,Rainfall has stopped.
3106,51.7833,0.76281,Rainfall has stopped.
3107,51.8,0.76281,Rainfall has stopped.
3108,51.8167,0.76281,Rainfall has stopped.
3109,51.8333,0.762811,Rainfall has stopped.
3110,51.85,0.762811,Rainfall has stopped.
3111,51.8667,0.762811,Rainfall has stopped.
3112,51.8833,0.762811,Rainfall has stopped.
3113,51.9,0.762812,Rainfall has stopped.
3114,51.9167,0.762812,Rainfall has stopped.
3115,51.9333,0.762812,Rainfall has stopped.
3116,51.95,0.762812,Rainfall has stopped.
3117,51.9667,0.762812,Rainfall has stopped.
3118,51.9833,0.762812,Rainfall has stopped.
3119,52,0.762812,Rainfall has stopped.
3120,52.0167,0.762812,Rainfall has stopped.
3121,52.0333,0.762812,Rainfall has stopped.
3122,52.05,0.762812,Rainfall has stopped.
3123,52.0667,0.762812,Rainfall has stopped.
3124,52.0833,0.762812,Rainfall has stopped.
3125,52.1,0.762813,Rainfall has stopped.
3126,52.1167,0.762813,Rainfall has stopped.
3127,52.1333,0.762813,Rainfall has stopped.
3128,52.15,0.762813,Rainfall has stopped.
3129,52.1667,0.762814,Rainfall has stopped.
3130,52.1833,0.762814,Rainfall has stopped.
3131,52.2,0.762814,Rainfall has stopped.
3132,52.2167,0.762814,Rainfall has stopped.
3133,52.2333,0.762815,Rainfall has stopped.
3134,52.25,0.762815,Rainfall has stopped.
3135,52.2667,0.762815,Rainfall has stopped.
3136,52.2833,0.762815,Rainfall has stopped.
3137,52.3,0.762815,Rainfall has stopped.
3138,52.3167,0.762815,Rainfall has stopped.
3139,52.3333,0.762815,Rainfall has stopped.
3140,52.35,0.762815,Rainfall has stopped.
3141,52.3667,0.762815,Rainfall has stopped.
3142,52.3833,0.762815,Rainfall has stopped.
3143,52.4,0.762815,Rainfall has stopped.
3144,52.4167,0.762815,Rainfall has stopped.
3145,52.4333,0.762815,Rainfall has stopped.
3146,52.45,0.762815,Rainfall has stopped.
3147,52.4667,0.762815,Rainfall has stopped.
3148,52.4833,0.762815,Rainfall has stopped.
3149,52.5,0.762815,Rainfall has stopped.
3150,52.5167,0.762815,Rainfall has stopped.
3151,52.5333,0.762815,Rainfall has stopped.
3152,52.55,0.762815,Rainfall has stopped.
3153,52.5667,0.762815,Rainfall has stopped.
3154,52.5833,0.762815,Rainfall has stopped.
3155,52.6,0.762815,Rainfall has stopped.
3156,52.6167,0.762815,Rainfall has stopped.
3157,52.6333,0.762815,Rainfall has stopped.
3158,52.65,0.762815,Rainfall has stopped.
3159,52.6667,0.762815,Rainfall has stopped.
3160,52.6833,0.762815,Rainfall has stopped.
3161,52.7,0.762815,Rainfall has stopped.
3162,52.7167,0.762815,Rainfall has stopped.
3163,52.7333,0.762815,Rainfall has stopped.
3164,52.75,0.762815,Rainfall has stopped.
3165,52.7667,0.762816,Rainfall has stopped.
3166,52.7833,0.762816,Rainfall has stopped.
3167,52.8,0.762816,Rainfall has stopped.
3168,52.8167,0.762816,Rainfall has stopped.
3169,52.8333,0.762816,Rainfall has stopped.
3170,52.85,0.762816,Rainfall has stopped.
3171,52.8667,0.762817,Rainfall has stopped.
3172,52.8833,0.762817,Rainfall has stopped.
3173,52.9,0.762817,Rainfall has stopped.
3174,52.9167,0.762817,Rainfall has stopped.
3175,52.9333,0.762817,Rainfall has stopped.
3176,52.95,0.762817,Rainfall has stopped.
3177,52.9667,0.762817,Rainfall has stopped.
3178,52.9833,0.762818,Rainfall has stopped.
3179,53,0.762818,Rainfall has stopped.
3180,53.0167,0.762818,Rainfall has stopped.
3181,53.0333,0.762818,Rainfall has stopped.
3182,53.05,0.762819,Rainfall has stopped.
3183,53.0667,0.762819,Rainfall has stopped.
3184,53.0833,0.762819,Rainfall has stopped.
3185,53.1,0.762819,Rainfall has stopped.
3186,53.1167,0.762819,Rainfall has stopped.
3187,53.1333,0.76282,Rainfall has stopped.
3188,53.15,0.76282,Rainfall has stopped.
3189,53.1667,0.76282,Rainfall has stopped.
3190,53.1833,0.76282,Rainfall has stopped.
3191,53.2,0.76282,Rainfall has stopped.
3192,53.2167,0.76282,Rainfall has stopped.
3193,53.2333,0.76282,Rainfall has stopped.
3194,53.25,0.76282,Rainfall has stopped.
3195,53.2667,0.76282,Rainfall has stopped.
3196,53.2833,0.76282,Rainfall has stopped.
3197,53.3,0.76282,Rainfall has stopped.
3198,53.3167,0.76282,Rainfall has stopped.
3199,53.3333,0.76282,Rainfall has stopped.
3200,53.35,0.76282,Rainfall has stopped.
3201,53.3667,0.76282,Rainfall has stopped.
3202,53.3833,0.76282,Rainfall has stopped.
3203,53.4,0.76282,Rainfall has stopped.
3204,53.4167,0.76282,Rainfall has stopped.
3205,53.4333,0.76282,Rainfall has stopped.
3206,53.45,0.76282,Rainfall has stopped.
3207,53.4667,0.76282,Rainfall has stopped.
3208,53.4833,0.76282,Rainfall has stopped.
3209,53.5,0.762821,Rainfall has stopped.
3210,53.5167,0.762821,Rainfall has stopped.
3211,53.5333,0.762821,Rainfall has stopped.
3212,53.55,0.762821,Rainfall has stopped.
3213,53.5667,0.762822,Rainfall has stopped.
3214,53.5833,0.762822,Rainfall has stopped.
3215,53.6,0.762822,Rainfall has stopped.
3216,53.6167,0.762822,Rainfall has stopped.
3217,53.6333,0.762822,Rainfall has stopped.
3218,53.65,0.762822,Rainfall has stopped.
3219,53.6667,0.762822,Rainfall has stopped.
3220,53.6833,0.762822,Rainfall has stopped.
3221,53.7,0.762822,Rainfall has stopped.
3222,53.7167,0.762822,Rainfall has stopped.
3223,53.7333,0.762822,Rainfall has stopped.
3224,53.75,0.762822,Rainfall has stopped.
3225,53.7667,0.762822,Rainfall has stopped.
3226,53.7833,0.762822,Rainfall has stopped.
3227,53.8,0.762822,Rainfall has stopped.
3228,53.8167,0.762823,Rainfall has stopped.
3229,53.8333,0.762823,Rainfall has stopped.
3230,53.85,0.762823,Rainfall has stopped.
3231,53.8667,0.762823,Rainfall has stopped.
3232,53.8833,0.762824,Rainfall has stopped.
3233,53.9,0.762824,Rainfall has stopped.
3234,53.9167,0.762824,Rainfall has stopped.
3235,53.9333,0.762824,Rainfall has stopped.
3236,53.95,0.762824,Rainfall has stopped.
3237,53.9667,0.762824,Rainfall has stopped.
3238,53.9833,0.762824,Rainfall has stopped.
3239,54,0.762824,Rainfall has stopped.
3240,54.0167,0.762823,Rainfall has stopped.
3241,54.0333,0.762823,Rainfall has stopped.
3242,54.05,0.762823,Rainfall has stopped.
3243,54.0667,0.762823,Rainfall has stopped.
3244,54.0833,0.762822,Rainfall has stopped.
3245,54.1,0.762822,Rainfall has stopped.
3246,54.1167,0.762822,Rainfall has stopped.
3247,54.1333,0.762822,Rainfall has stopped.
3248,54.15,0.762822,Rainfall has stopped.
3249,54.1667,0.762823,Rainfall has stopped.
3250,54.1833,0.762823,Rainfall has stopped.
3251,54.2,0.762823,Rainfall has stopped.
3252,54.2167,0.762823,Rainfall has stopped.
3253,54.2333,0.762823,Rainfall has stopped.
3254,54.25,0.762824,Rainfall has stopped.
3255,54.2667,0.762824,Rainfall has stopped.
3256,54.2833,0.762824,Rainfall has stopped.
3257,54.3,0.762824,Rainfall has stopped.
3258,54.3167,0.762825,Rainfall has stopped.
3259,54.3333,0.762825,Rainfall has stopped.
3260,54.35,0.762825,Rainfall has stopped.
3261,54.3667,0.762825,Rainfall has stopped.
3262,54.3833,0.762825,Rainfall has stopped.
3263,54.4,0.762825,Rainfall has stopped.
3264,54.4167,0.762825,Rainfall has stopped.
3265,54.4333,0.762825,Rainfall has stopped.
3266,54.45,0.762825,Rainfall has stopped.
3267,54.4667,0.762826,Rainfall has stopped.
3268,54.4833,0.762826,Rainfall has stopped.
3269,54.5,0.762826,Rainfall has stopped.
3270,54.5167,0.762826,Rainfall has stopped.
3271,54.5333,0.762827,Rainfall has stopped.
3272,54.55,0.762827,Rainfall has stopped.
3273,54.5667,0.762827,Rainfall has stopped.
3274,54.5833,0.762827,Rainfall has stopped.
3275,54.6,0.762827,Rainfall has stopped.
3276,54.6167,0.762827,Rainfall has stopped.
3277,54.6333,0.762828,Rainfall has stopped.
3278,54.65,0.762828,Rainfall has stopped.
3279,54.6667,0.762828,Rainfall has stopped.
3280,54.6833,0.762828,Rainfall has stopped.
3281,54.7,0.762828,Rainfall has stopped.
3282,54.7167,0.762828,Rainfall has stopped.
3283,54.7333,0.762828,Rainfall has stopped.
3284,54.75,0.762828,Rainfall has stopped.
3285,54.7667,0.762828,Rainfall has stopped.
3286,54.7833,0.762828,Rainfall has stopped.
3287,54.8,0.762827,Rainfall has stopped.
3288,54.8167,0.762827,Rainfall has stopped.
3289,54.8333,0.762827,Rainfall has stopped.
3290,54.85,0.762827,Rainfall has stopped.
3291,54.8667,0.762827,Rainfall has stopped.
3292,54.8833,0.762827,Rainfall has stopped.
3293,54.9,0.762827,Rainfall has stopped.
3294,54.9167,0.762827,Rainfall has stopped.
3295,54.9333,0.762827,Rainfall has stopped.
3296,54.95,0.762827,Rainfall has stopped.
3297,54.9667,0.762827,Rainfall has stopped.
3298,54.9833,0.762827,Rainfall has stopped.
3299,55,0.762827,Rainfall has stopped.
3300,55.0167,0.762827,Rainfall has stopped.
3301,55.0333,0.762827,Rainfall has stopped.
3302,55.05,0.762828,Rainfall has stopped.
3303,55.0667,0.762828,Rainfall has stopped.
3304,55.0833,0.762828,Rainfall has stopped.
3305,55.1,0.762828,Rainfall has stopped.
3306,55.1167,0.762829,Rainfall has stopped.
3307,55.1333,0.762829,Rainfall has stopped.
3308,55.15,0.762829,Rainfall has stopped.
3309,55.1667,0.762829,Rainfall has stopped.
3310,55.1833,0.762829,Rainfall has stopped.
3311,55.2,0.762829,Rainfall has stopped.
3312,55.2167,0.762829,Rainfall has stopped.
3313,55.2333,0.762829,Rainfall has stopped.
3314,55.25,0.762829,Rainfall has stopped.
3315,55.2667,0.762829,Rainfall has stopped.
3316,55.2833,0.762829,Rainfall has stopped.
3317,55.3,0.762829,Rainfall has stopped.
3318,55.3167,0.762829,Rainfall has stopped.
3319,55.3333,0.762829,Rainfall has stopped.
3320,55.35,0.762829,Rainfall has stopped.
3321,55.3667,0.762829,Rainfall has stopped.
3322,55.3833,0.762829,Rainfall has stopped.
3323,55.4,0.76283,Rainfall has stopped.
3324,55.4167,0.76283,Rainfall has stopped.
3325,55.4333,0.76283,Rainfall has stopped.
3326,55.45,0.76283,Rainfall has stopped.
3327,55.4667,0.76283,Rainfall has stopped.
3328,55.4833,0.762831,Rainfall has stopped.
3329,55.5,0.762831,Rainfall has stopped.
3330,55.5167,0.762831,Rainfall has stopped.
3331,55.5333,0.762831,Rainfall has stopped.
3332,55.55,0.762831,Rainfall has stopped.
3333,55.5667,0.762831,Rainfall has stopped.
3334,55.5833,0.762831,Rainfall has stopped.
3335,55.6,0.762831,Rainfall has stopped.
3336,55.6167,0.762831,Rainfall has stopped.
3337,55.6333,0.762831,Rainfall has stopped.
3338,55.65,0.762831,Rainfall has stopped.
3339,55.6667,0.762831,Rainfall has stopped.
3340,55.6833,0.762831,Rainfall has stopped.
3341,55.7,0.762831,Rainfall has stopped.
3342,55.7167,0.762831,Rainfall has stopped.
3343,55.7333,0.762831,Rainfall has stopped.
3344,55.75,0.762831,Rainfall has stopped.
3345,55.7667,0.762831,Rainfall has stopped.
3346,55.7833,0.762831,Rainfall has stopped.
3347,55.8,0.762831,Rainfall has stopped.
3348,55.8167,0.762831,Rainfall has stopped.
3349,55.8333,0.762831,Rainfall has stopped.
3350,55.85,0.762831,Rainfall has stopped.
3351,55.8667,0.762831,Rainfall has stopped.
3352,55.8833,0.762831,Rainfall has stopped.
3353,55.9,0.762831,Rainfall has stopped.
3354,55.9167,0.762832,Rainfall has stopped.
3355,55.9333,0.762832,Rainfall has stopped.
3356,55.95,0.762832,Rainfall has stopped.
3357,55.9667,0.762832,Rainfall has stopped.
3358,55.9833,0.762832,Rainfall has stopped.
3359,56,0.762832,Rainfall has stopped.
3360,56.0167,0.762832,Rainfall has stopped.
3361,56.0333,0.762832,Rainfall has stopped.
3362,56.05,0.762832,Rainfall has stopped.
3363,56.0667,0.762832,Rainfall has stopped.
3364,56.0833,0.762832,Rainfall has stopped.
3365,56.1,0.762832,Rainfall has stopped.
3366,56.1167,0.762833,Rainfall has stopped.
3367,56.1333,0.762833,Rainfall has stopped.
3368,56.15,0.762833,Rainfall has stopped.
3369,56.1667,0.762833,Rainfall has stopped.
3370,56.1833,0.762834,Rainfall has stopped.
3371,56.2,0.762834,Rainfall has stopped.
3372,56.2167,0.762834,Rainfall has stopped.
3373,56.2333,0.762834,Rainfall has stopped.
3374,56.25,0.762835,Rainfall has stopped.
3375,56.2667,0.762835,Rainfall has stopped.
3376,56.2833,0.762835,Rainfall has stopped.
3377,56.3,0.762835,Rainfall has stopped.
3378,56.3167,0.762835,Rainfall has stopped.
3379,56.3333,0.762835,Rainfall has stopped.
3380,56.35,0.762835,Rainfall has stopped.
3381,56.3667,0.762835,Rainfall has stopped.
3382,56.3833,0.762835,Rainfall has stopped.
3383,56.4,0.762835,Rainfall has stopped.
3384,56.4167,0.762835,Rainfall has stopped.
3385,56.4333,0.762835,Rainfall has stopped.
3386,56.45,0.762835,Rainfall has stopped.
3387,56.4667,0.762835,Rainfall has stopped.
3388,56.4833,0.762835,Rainfall has stopped.
3389,56.5,0.762835,Rainfall has stopped.
3390,56.5167,0.762835,Rainfall has stopped.
3391,56.5333,0.762835,Rainfall has stopped.
3392,56.55,0.762835,Rainfall has stopped.
3393,56.5667,0.762836,Rainfall has stopped.
3394,56.5833,0.762836,Rainfall has stopped.
3395,56.6,0.762836,Rainfall has stopped.
3396,56.6167,0.762836,Rainfall has stopped.
3397,56.6333,0.762836,Rainfall has stopped.
3398,56.65,0.762837,Rainfall has stopped.
3399,56.6667,0.762837,Rainfall has stopped.
3400,56.6833,0.762837,Rainfall has stopped.
3401,56.7,0.762837,Rainfall has stopped.
3402,56.7167,0.762837,Rainfall has stopped.
3403,56.7333,0.762837,Rainfall has stopped.
3404,56.75,0.762837,Rainfall has stopped.
3405,56.7667,0.762837,Rainfall has stopped.
3406,56.7833,0.762837,Rainfall has stopped.
3407,56.8,0.762837,Rainfall has stopped.
3408,56.8167,0.762836,Rainfall has stopped.
3409,56.8333,0.762836,Rainfall has stopped.
3410,56.85,0.762836,Rainfall has stopped.
3411,56.8667,0.762836,Rainfall has stopped.
3412,56.8833,0.762836,Rainfall has stopped.
3413,56.9,0.762836,Rainfall has stopped.
3414,56.9167,0.762836,Rainfall has stopped.
3415,56.9333,0.762836,Rainfall has stopped.
3416,56.95,0.762836,Rainfall has stopped.
3417,56.9667,0.762836,Rainfall has stopped.
3418,56.9833,0.762836,Rainfall has stopped.
3419,57,0.762836,Rainfall has stopped.
3420,57.0167,0.762836,Rainfall has stopped.
3421,57.0333,0.762836,Rainfall has stopped.
3422,57.05,0.762836,Rainfall has stopped.
3423,57.0667,0.762836,Rainfall has stopped.
3424,57.0833,0.762836,Rainfall has stopped.
3425,57.1,0.762836,Rainfall has stopped.
3426,57.1167,0.762836,Rainfall has stopped.
3427,57.1333,0.762836,Rainfall has stopped.
3428,57.15,0.762836,Rainfall has stopped.
3429,57.1667,0.762837,Rainfall has stopped.
3430,57.1833,0.762837,Rainfall has stopped.
3431,57.2,0.762837,Rainfall has stopped.
3432,57.2167,0.762837,Rainfall has stopped.
3433,57.2333,0.762838,Rainfall has stopped.
3434,57.25,0.762838,Rainfall has stopped.
3435,57.2667,0.762838,Rainfall has stopped.
3436,57.2833,0.762838,Rainfall has stopped.
3437,57.3,0.762838,Rainfall has stopped.
3438,57.3167,0.762838,Rainfall has stopped.
3439,57.3333,0.762838,Rainfall has stopped.
3440,57.35,0.762838,Rainfall has stopped.
3441,57.3667,0.762838,Rainfall has stopped.
3442,57.3833,0.762838,Rainfall has stopped.
3443,57.4,0.762838,Rainfall has stopped.
3444,57.4167,0.762838,Rainfall has stopped.
3445,57.4333,0.762838,Rainfall has stopped.
3446,57.45,0.762838,Rainfall has stopped.
3447,57.4667,0.762838,Rainfall has stopped.
3448,57.4833,0.762838,Rainfall has stopped.
3449,57.5,0.762838,Rainfall has stopped.
3450,57.5167,0.762839,Rainfall has stopped.
3451,57.5333,0.762839,Rainfall has stopped.
3452,57.55,0.762839,Rainfall has stopped.
3453,57.5667,0.762839,Rainfall has stopped.
3454,57.5833,0.762839,Rainfall has stopped.
3455,57.6,0.762839,Rainfall has stopped.
3456,57.6167,0.762839,Rainfall has stopped.
3457,57.6333,0.762839,Rainfall has stopped.
3458,57.65,0.762839,Rainfall has stopped.
3459,57.6667,0.762839,Rainfall has stopped.
3460,57.6833,0.76284,Rainfall has stopped.
3461,57.7,0.76284,Rainfall has stopped.
3462,57.7167,0.762839,Rainfall has stopped.
3463,57.7333,0.762839,Rainfall has stopped.
3464,57.75,0.762839,Rainfall has stopped.
3465,57.7667,0.762839,Rainfall has stopped.
3466,57.7833,0.762839,Rainfall has stopped.
3467,57.8,0.762839,Rainfall has stopped.
3468,57.8167,0.762839,Rainfall has stopped.
3469,57.8333,0.762839,Rainfall has stopped.
3470,57.85,0.762839,Rainfall has stopped.
3471,57.8667,0.762839,Rainfall has stopped.
3472,57.8833,0.762839,Rainfall has stopped.
3473,57.9,0.762839,Rainfall has stopped.
3474,57.9167,0.76284,Rainfall has stopped.
3475,57.9333,0.76284,Rainfall has stopped.
3476,57.95,0.76284,Rainfall has stopped.
3477,57.9667,0.76284,Rainfall has stopped.
3478,57.9833,0.762841,Rainfall has stopped.
3479,58,0.762841,Rainfall has stopped.
3480,58.0167,0.762841,Rainfall has stopped.
3481,58.0333,0.762841,Rainfall has stopped.
3482,58.05,0.762841,Rainfall has stopped.
3483,58.0667,0.762842,Rainfall has stopped.
3484,58.0833,0.762842,Rainfall has stopped.
3485,58.1,0.762842,Rainfall has stopped.
3486,58.1167,0.762842,Rainfall has stopped.
3487,58.1333,0.762842,Rainfall has stopped.
3488,58.15,0.762842,Rainfall has stopped.
3489,58.1667,0.762842,Rainfall has stopped.
3490,58.1833,0.762842,Rainfall has stopped.
3491,58.2,0.762842,Rainfall has stopped.
3492,58.2167,0.762842,Rainfall has stopped.
3493,58.2333,0.762842,Rainfall has stopped.
3494,58.25,0.762842,Rainfall has stopped.
3495,58.2667,0.762842,Rainfall has stopped.
3496,58.2833,0.762842,Rainfall has stopped.
3497,58.3,0.762842,Rainfall has stopped.
3498,58.3167,0.762842,Rainfall has stopped.
3499,58.3333,0.762842,Rainfall has stopped.
3500,58.35,0.762843,Rainfall has stopped.
3501,58.3667,0.762843,Rainfall has stopped.
3502,58.3833,0.762843,Rainfall has stopped.
3503,58.4,0.762843,Rainfall has stopped.
3504,58.4167,0.762843,Rainfall has stopped.
3505,58.4333,0.762843,Rainfall has stopped.
3506,58.45,0.762843,Rainfall has stopped.
3507,58.4667,0.762843,Rainfall has stopped.
3508,58.4833,0.762843,Rainfall has stopped.
3509,58.5,0.762843,Rainfall has stopped.
3510,58.5167,0.762844,Rainfall has stopped.
3511,58.5333,0.762844,Rainfall has stopped.
3512,58.55,0.762844,Rainfall has stopped.
3513,58.5667,0.762844,Rainfall has stopped.
3514,58.5833,0.762844,Rainfall has stopped.
3515,58.6,0.762844,Rainfall has stopped.
3516,58.6167,0.762844,Rainfall has stopped.
3517,58.6333,0.762844,Rainfall has stopped.
3518,58.65,0.762844,Rainfall has stopped.
3519,58.6667,0.762844,Rainfall has stopped.
3520,58.6833,0.762844,Rainfall has stopped.
3521,58.7,0.762844,Rainfall has stopped.
3522,58.7167,0.762844,Rainfall has stopped.
3523,58.7333,0.762844,Rainfall has stopped.
3524,58.75,0.762844,Rainfall has stopped.
3525,58.7667,0.762844,Rainfall has stopped.
3526,58.7833,0.762845,Rainfall has stopped.
3527,58.8,0.762845,Rainfall has stopped.
3528,58.8167,0.762845,Rainfall has stopped.
3529,58.8333,0.762845,Rainfall has stopped.
3530,58.85,0.762845,Rainfall has stopped.
3531,58.8667,0.762845,Rainfall has stopped.
3532,58.8833,0.762845,Rainfall has stopped.
3533,58.9,0.762845,Rainfall has stopped.
3534,58.9167,0.762845,Rainfall has stopped.
3535,58.9333,0.762845,Rainfall has stopped.
3536,58.95,0.762845,Rainfall has stopped.
3537,58.9667,0.762845,Rainfall has stopped.
3538,58.9833,0.762845,Rainfall has stopped.
3539,59,0.762845,Rainfall has stopped.
3540,59.0167,0.762845,Rainfall has stopped.
3541,59.0333,0.762845,Rainfall has stopped.
3542,59.05,0.762845,Rainfall has stopped.
3543,59.0667,0.762845,Rainfall has stopped.
3544,59.0833,0.762845,Rainfall has stopped.
3545,59.1,0.762845,Rainfall has stopped.
3546,59.1167,0.762845,Rainfall has stopped.
3547,59.1333,0.762845,Rainfall has stopped.
3548,59.15,0.762845,Rainfall has stopped.
3549,59.1667,0.762845,Rainfall has stopped.
3550,59.1833,0.762845,Rainfall has stopped.
3551,59.2,0.762845,Rainfall has stopped.
3552,59.2167,0.762845,Rainfall has stopped.
3553,59.2333,0.762845,Rainfall has stopped.
3554,59.25,0.762845,Rainfall has stopped.
3555,59.2667,0.762845,Rainfall has stopped.
3556,59.2833,0.762845,Rainfall has stopped.
3557,59.3,0.762845,Rainfall has stopped.
3558,59.3167,0.762845,Rainfall has stopped.
3559,59.3333,0.762845,Rainfall has stopped.
3560,59.35,0.762845,Rainfall has stopped.
3561,59.3667,0.762845,Rainfall has stopped.
3562,59.3833,0.762845,Rainfall has stopped.
3563,59.4,0.762845,Rainfall has stopped.
3564,59.4167,0.762845,Rainfall has stopped.
3565,59.4333,0.762845,Rainfall has stopped.
3566,59.45,0.762845,Rainfall has stopped.
3567,59.4667,0.762845,Rainfall has stopped.
3568,59.4833,0.762846,Rainfall has stopped.
3569,59.5,0.762846,Rainfall has stopped.
3570,59.5167,0.762846,Rainfall has stopped.
3571,59.5333,0.762846,Rainfall has stopped.
3572,59.55,0.762846,Rainfall has stopped.
3573,59.5667,0.762847,Rainfall has stopped.
3574,59.5833,0.762847,Rainfall has stopped.
3575,59.6,0.762847,Rainfall has stopped.
3576,59.6167,0.762847,Rainfall has stopped.
3577,59.6333,0.762847,Rainfall has stopped.
3578,59.65,0.762847,Rainfall has stopped.
3579,59.6667,0.762847,Rainfall has stopped.
3580,59.6833,0.762847,Rainfall has stopped.
3581,59.7,0.762847,Rainfall has stopped.
3582,59.7167,0.762847,Rainfall has stopped.
3583,59.7333,0.762847,Rainfall has stopped.
3584,59.75,0.762847,Rainfall has stopped.
3585,59.7667,0.762847,Rainfall has stopped.
3586,59.7833,0.762847,Rainfall has stopped.
3587,59.8,0.762847,Rainfall has stopped.
3588,59.8167,0.762847,Rainfall has stopped.
3589,59.8333,0.762847,Rainfall has stopped.
3590,59.85,0.762847,Rainfall has stopped.
3591,59.8667,0.762847,Rainfall has stopped.
3592,59.8833,0.762847,Rainfall has stopped.
3593,59.9,0.762847,Rainfall has stopped.
3594,59.9167,0.762847,Rainfall has stopped.
3595,59.9333,0.762847,Rainfall has stopped.
3596,59.95,0.762847,Rainfall has stopped.
3597,59.9667,0.762847,Rainfall has stopped.
3598,59.9833,0.762847,Rainfall has stopped.
3599,60,0.762847,Rainfall has stopped.
3600,60.0167,0.762847,Rainfall has stopped.
3601,60.0333,0.762847,Rainfall has stopped.
3602,60.05,0.762847,Rainfall has stopped.
3603,60.0667,0.762847,Rainfall has stopped.
3604,60.0833,0.762847,Rainfall has stopped.
3605,60.1,0.762847,Rainfall has stopped.
3606,60.1167,0.762847,Rainfall has stopped.
3607,60.1333,0.762847,Rainfall has stopped.
3608,60.15,0.762847,Rainfall has stopped.
3609,60.1667,0.762847,Rainfall has stopped.
3610,60.1833,0.762847,Rainfall has stopped.
3611,60.2,0.762847,Rainfall has stopped.
3612,60.2167,0.762847,Rainfall has stopped.
3613,60.2333,0.762847,Rainfall has stopped.
3614,60.25,0.762847,Rainfall has stopped.
3615,60.2667,0.762848,Rainfall has stopped.
3616,60.2833,0.762848,Rainfall has stopped.
3617,60.3,0.762848,Rainfall has stopped.
3618,60.3167,0.762848,Rainfall has stopped.
3619,60.3333,0.762849,Rainfall has stopped.
3620,60.35,0.762849,Rainfall has stopped.
3621,60.3667,0.762849,Rainfall has stopped.
3622,60.3833,0.762849,Rainfall has stopped.
3623,60.4,0.76285,Rainfall has stopped.
3624,60.4167,0.76285,Rainfall has stopped.
3625,60.4333,0.76285,Rainfall has stopped.
3626,60.45,0.76285,Rainfall has stopped.
3627,60.4667,0.762851,Rainfall has stopped.
3628,60.4833,0.762851,Rainfall has stopped.
3629,60.5,0.762851,Rainfall has stopped.
3630,60.5167,0.762851,Rainfall has stopped.
3631,60.5333,0.762851,Rainfall has stopped.
3632,60.55,0.762851,Rainfall has stopped.
3633,60.5667,0.762851,Rainfall has stopped.
3634,60.5833,0.762851,Rainfall has stopped.
3635,60.6,0.762851,Rainfall has stopped.
3636,60.6167,0.762851,Rainfall has stopped.
3637,60.6333,0.762851,Rainfall has stopped.
3638,60.65,0.762851,Rainfall has stopped.
3639,60.6667,0.762851,Rainfall has stopped.
3640,60.6833,0.762851,Rainfall has stopped.
3641,60.7,0.762851,Rainfall has stopped.
3642,60.7167,0.762851,Rainfall has stopped.
3643,60.7333,0.762851,Rainfall has stopped.
3644,60.75,0.762851,Rainfall has stopped.
3645,60.7667,0.762851,Rainfall has stopped.
3646,60.7833,0.762851,Rainfall has stopped.
3647,60.8,0.762852,Rainfall has stopped.
3648,60.8167,0.762852,Rainfall has stopped.
3649,60.8333,0.762852,Rainfall has stopped.
3650,60.85,0.762852,Rainfall has stopped.
3651,60.8667,0.762852,Rainfall has stopped.
3652,60.8833,0.762852,Rainfall has stopped.
3653,60.9,0.762852,Rainfall has stopped.
3654,60.9167,0.762852,Rainfall has stopped.
3655,60.9333,0.762852,Rainfall has stopped.
3656,60.95,0.762852,Rainfall has stopped.
3657,60.9667,0.762852,Rainfall has stopped.
3658,60.9833,0.762852,Rainfall has stopped.
3659,61,0.762852,Rainfall has stopped.
3660,61.0167,0.762853,Rainfall has stopped.
3661,61.0333,0.762853,Rainfall has stopped.
3662,61.05,0.762853,Rainfall has stopped.
3663,61.0667,0.762853,Rainfall has stopped.
3664,61.0833,0.762853,Rainfall has stopped.
3665,61.1,0.762853,Rainfall has stopped.
3666,61.1167,0.762853,Rainfall has stopped.
3667,61.1333,0.762853,Rainfall has stopped.
3668,61.15,0.762853,Rainfall has stopped.
3669,61.1667,0.762852,Rainfall has stopped.
3670,61.1833,0.762852,Rainfall has stopped.
3671,61.2,0.762852,Rainfall has stopped.
3672,61.2167,0.762852,Rainfall has stopped.
3673,61.2333,0.762852,Rainfall has stopped.
3674,61.25,0.762852,Rainfall has stopped.
3675,61.2667,0.762852,Rainfall has stopped.
3676,61.2833,0.762852,Rainfall has stopped.
3677,61.3,0.762852,Rainfall has stopped.
3678,61.3167,0.762852,Rainfall has stopped.
3679,61.3333,0.762852,Rainfall has stopped.
3680,61.35,0.762852,Rainfall has stopped.
3681,61.3667,0.762852,Rainfall has stopped.
3682,61.3833,0.762852,Rainfall has stopped.
3683,61.4,0.762852,Rainfall has stopped.
3684,61.4167,0.762852,Rainfall has stopped.
3685,61.4333,0.762852,Rainfall has stopped.
3686,61.45,0.762852,Rainfall has stopped.
3687,61.4667,0.762852,Rainfall has stopped.
3688,61.4833,0.762852,Rainfall has stopped.
3689,61.5,0.762852,Rainfall has stopped.
3690,61.5167,0.762852,Rainfall has stopped.
3691,61.5333,0.762852,Rainfall has stopped.
3692,61.55,0.762853,Rainfall has stopped.
3693,61.5667,0.762853,Rainfall has stopped.
3694,61.5833,0.762853,Rainfall has stopped.
3695,61.6,0.762853,Rainfall has stopped.
3696,61.6167,0.762853,Rainfall has stopped.
3697,61.6333,0.762853,Rainfall has stopped.
3698,61.65,0.762853,Rainfall has stopped.
3699,61.6667,0.762853,Rainfall has stopped.
3700,61.6833,0.762853,Rainfall has stopped.
3701,61.7,0.762853,Rainfall has stopped.
3702,61.7167,0.762853,Rainfall has stopped.
3703,61.7333,0.762853,Rainfall has stopped.
3704,61.75,0.762853,Rainfall has stopped.
3705,61.7667,0.762853,Rainfall has stopped.
3706,61.7833,0.762853,Rainfall has stopped.
3707,61.8,0.762853,Rainfall has stopped.
3708,61.8167,0.762853,Rainfall has stopped.
3709,61.8333,0.762853,Rainfall has stopped.
3710,61.85,0.762853,Rainfall has stopped.
3711,61.8667,0.762853,Rainfall has stopped.
3712,61.8833,0.762853,Rainfall has stopped.
3713,61.9,0.762853,Rainfall has stopped.
3714,61.9167,0.762853,Rainfall has stopped.
3715,61.9333,0.762853,Rainfall has stopped.
3716,61.95,0.762854,Rainfall has stopped.
3717,61.9667,0.762854,Rainfall has stopped.
3718,61.9833,0.762854,Rainfall has stopped.
3719,62,0.762854,Rainfall has stopped.
3720,62.0167,0.762855,Rainfall has stopped.
3721,62.0333,0.762855,Rainfall has stopped.
3722,62.05,0.762855,Rainfall has stopped.
3723,62.0667,0.762855,Rainfall has stopped.
3724,62.0833,0.762856,Rainfall has stopped.
3725,62.1,0.762856,Rainfall has stopped.
3726,62.1167,0.762856,Rainfall has stopped.
3727,62.1333,0.762856,Rainfall has stopped.
3728,62.15,0.762856,Rainfall has stopped.
3729,62.1667,0.762856,Rainfall has stopped.
3730,62.1833,0.762856,Rainfall has stopped.
3731,62.2,0.762856,Rainfall has stopped.
3732,62.2167,0.762856,Rainfall has stopped.
3733,62.2333,0.762856,Rainfall has stopped.
3734,62.25,0.762856,Rainfall has stopped.
3735,62.2667,0.762856,Rainfall has stopped.
3736,62.2833,0.762856,Rainfall has stopped.
3737,62.3,0.762856,Rainfall has stopped.
3738,62.3167,0.762856,Rainfall has stopped.
3739,62.3333,0.762856,Rainfall has stopped.
3740,62.35,0.762856,Rainfall has stopped.
3741,62.3667,0.762856,Rainfall has stopped.
3742,62.3833,0.762856,Rainfall has stopped.
3743,62.4,0.762856,Rainfall has stopped.
3744,62.4167,0.762856,Rainfall has stopped.
3745,62.4333,0.762856,Rainfall has stopped.
3746,62.45,0.762856,Rainfall has stopped.
3747,62.4667,0.762856,Rainfall has stopped.
3748,62.4833,0.762856,Rainfall has stopped.
3749,62.5,0.762856,Rainfall has stopped.
3750,62.5167,0.762856,Rainfall has stopped.
3751,62.5333,0.762856,Rainfall has stopped.
3752,62.55,0.762856,Rainfall has stopped.
3753,62.5667,0.762856,Rainfall has stopped.
3754,62.5833,0.762856,Rainfall has stopped.
3755,62.6,0.762856,Rainfall has stopped.
3756,62.6167,0.762857,Rainfall has stopped.
3757,62.6333,0.762857,Rainfall has stopped.
3758,62.65,0.762857,Rainfall has stopped.
3759,62.6667,0.762857,Rainfall has stopped.
3760,62.6833,0.762857,Rainfall has stopped.
3761,62.7,0.762857,Rainfall has stopped.
3762,62.7167,0.762857,Rainfall has stopped.
3763,62.7333,0.762857,Rainfall has stopped.
3764,62.75,0.762857,Rainfall has stopped.
3765,62.7667,0.762857,Rainfall has stopped.
3766,62.7833,0.762857,Rainfall has stopped.
3767,62.8,0.762857,Rainfall has stopped.
3768,62.8167,0.762857,Rainfall has stopped.
3769,62.8333,0.762857,Rainfall has stopped.
3770,62.85,0.762857,Rainfall has stopped.
3771,62.8667,0.762857,Rainfall has stopped.
3772,62.8833,0.762858,Rainfall has stopped.
3773,62.9,0.762858,Rainfall has stopped.
3774,62.9167,0.762858,Rainfall has stopped.
3775,62.9333,0.762858,Rainfall has stopped.
3776,62.95,0.762859,Rainfall has stopped.
3777,62.9667,0.762859,Rainfall has stopped.
3778,62.9833,0.762859,Rainfall has stopped.
3779,63,0.762859,Rainfall has stopped.
3780,63.0167,0.762859,Rainfall has stopped.
3781,63.0333,0.762859,Rainfall has stopped.
3782,63.05,0.762859,Rainfall has stopped.
3783,63.0667,0.76286,Rainfall has stopped.
3784,63.0833,0.76286,Rainfall has stopped.
3785,63.1,0.76286,Rainfall has stopped.
3786,63.1167,0.76286,Rainfall has stopped.
3787,63.1333,0.76286,Rainfall has stopped.
3788,63.15,0.76286,Rainfall has stopped.
3789,63.1667,0.76286,Rainfall has stopped.
3790,63.1833,0.76286,Rainfall has stopped.
3791,63.2,0.762859,Rainfall has stopped.
3792,63.2167,0.762859,Rainfall has stopped.
3793,63.2333,0.762859,Rainfall has stopped.
3794,63.25,0.762859,Rainfall has stopped.
3795,63.2667,0.762859,Rainfall has stopped.
3796,63.2833,0.762859,Rainfall has stopped.
3797,63.3,0.762859,Rainfall has stopped.
3798,63.3167,0.762859,Rainfall has stopped.
3799,63.3333,0.762859,Rainfall has stopped.
3800,63.35,0.762859,Rainfall has stopped.
3801,63.3667,0.762859,Rainfall has stopped.
3802,63.3833,0.762859,Rainfall has stopped.
3803,63.4,0.76286,Rainfall has stopped.
3804,63.4167,0.76286,Rainfall has stopped.
3805,63.4333,0.76286,Rainfall has stopped.
3806,63.45,0.76286,Rainfall has stopped.
3807,63.4667,0.762861,Rainfall has stopped.
3808,63.4833,0.762861,Rainfall has stopped.
3809,63.5,0.762861,Rainfall has stopped.
3810,63.5167,0.762861,Rainfall has stopped.
3811,63.5333,0.762861,Rainfall has stopped.
3812,63.55,0.762861,Rainfall has stopped.
3813,63.5667,0.762861,Rainfall has stopped.
3814,63.5833,0.762861,Rainfall has stopped.
3815,63.6,0.762861,Rainfall has stopped.
3816,63.6167,0.762861,Rainfall has stopped.
3817,63.6333,0.762861,Rainfall has stopped.
3818,63.65,0.762861,Rainfall has stopped.
3819,63.6667,0.762861,Rainfall has stopped.
3820,63.6833,0.762861,Rainfall has stopped.
3821,63.7,0.762861,Rainfall has stopped.
3822,63.7167,0.762861,Rainfall has stopped.
3823,63.7333,0.762861,Rainfall has stopped.
3824,63.75,0.762861,Rainfall has stopped.
3825,63.7667,0.762861,Rainfall has stopped.
3826,63.7833,0.76286,Rainfall has stopped.
3827,63.8,0.76286,Rainfall has stopped.
3828,63.8167,0.76286,Rainfall has stopped.
3829,63.8333,0.76286,Rainfall has stopped.
3830,63.85,0.76286,Rainfall has stopped.
3831,63.8667,0.76286,Rainfall has stopped.
3832,63.8833,0.76286,Rainfall has stopped.
3833,63.9,0.76286,Rainfall has stopped.
3834,63.9167,0.76286,Rainfall has stopped.
3835,63.9333,0.76286,Rainfall has stopped.
3836,63.95,0.76286,Rainfall has stopped.
3837,63.9667,0.76286,Rainfall has stopped.
3838,63.9833,0.76286,Rainfall has stopped.
3839,64,0.76286,Rainfall has stopped.
3840,64.0167,0.76286,Rainfall has stopped.
3841,64.0333,0.76286,Rainfall has stopped.
3842,64.05,0.76286,Rainfall has stopped.
3843,64.0667,0.76286,Rainfall has stopped.
3844,64.0833,0.76286,Rainfall has stopped.
3845,64.1,0.76286,Rainfall has stopped.
3846,64.1167,0.76286,Rainfall has stopped.
3847,64.1333,0.76286,Rainfall has stopped.
3848,64.15,0.76286,Rainfall has stopped.
3849,64.1667,0.76286,Rainfall has stopped.
3850,64.1833,0.762861,Rainfall has stopped.
3851,64.2,0.762861,Rainfall has stopped.
3852,64.2167,0.762861,Rainfall has stopped.
3853,64.2333,0.762861,Rainfall has stopped.
3854,64.25,0.762861,Rainfall has stopped.
3855,64.2667,0.762862,Rainfall has stopped.
3856,64.2833,0.762862,Rainfall has stopped.
3857,64.3,0.762862,Rainfall has stopped.
3858,64.3167,0.762862,Rainfall has stopped.
3859,64.3333,0.762862,Rainfall has stopped.
3860,64.35,0.762862,Rainfall has stopped.
3861,64.3667,0.762862,Rainfall has stopped.
3862,64.3833,0.762862,Rainfall has stopped.
3863,64.4,0.762862,Rainfall has stopped.
3864,64.4167,0.762862,Rainfall has stopped.
3865,64.4333,0.762862,Rainfall has stopped.
3866,64.45,0.762862,Rainfall has stopped.
3867,64.4667,0.762862,Rainfall has stopped.
3868,64.4833,0.762862,Rainfall has stopped.
3869,64.5,0.762862,Rainfall has stopped.
3870,64.5167,0.762862,Rainfall has stopped.
3871,64.5333,0.762862,Rainfall has stopped.
3872,64.55,0.762862,Rainfall has stopped.
3873,64.5667,0.762862,Rainfall has stopped.
3874,64.5833,0.762862,Rainfall has stopped.
3875,64.6,0.762862,Rainfall has stopped.
3876,64.6167,0.762862,Rainfall has stopped.
3877,64.6333,0.762862,Rainfall has stopped.
3878,64.65,0.762863,Rainfall has stopped.
3879,64.6667,0.762863,Rainfall has stopped.
3880,64.6833,0.762863,Rainfall has stopped.
3881,64.7,0.762863,Rainfall has stopped.
3882,64.7167,0.762864,Rainfall has stopped.
3883,64.7333,0.762864,Rainfall has stopped.
3884,64.75,0.762864,Rainfall has stopped.
3885,64.7667,0.762864,Rainfall has stopped.
3886,64.7833,0.762865,Rainfall has stopped.
3887,64.8,0.762865,Rainfall has stopped.
3888,64.8167,0.762865,Rainfall has stopped.
3889,64.8333,0.762865,Rainfall has stopped.
3890,64.85,0.762865,Rainfall has stopped.
3891,64.8667,0.762865,Rainfall has stopped.
3892,64.8833,0.762865,Rainfall has stopped.
3893,64.9,0.762865,Rainfall has stopped.
3894,64.9167,0.762865,Rainfall has stopped.
3895,64.9333,0.762865,Rainfall has stopped.
3896,64.95,0.762865,Rainfall has stopped.
3897,64.9667,0.762865,Rainfall has stopped.
3898,64.9833,0.762865,Rainfall has stopped.
3899,65,0.762865,Rainfall has stopped.
3900,65.0167,0.762865,Rainfall has stopped.
3901,65.0333,0.762864,Rainfall has stopped.
3902,65.05,0.762864,Rainfall has stopped.
3903,65.0667,0.762864,Rainfall has stopped.
3904,65.0833,0.762864,Rainfall has stopped.
3905,65.1,0.762864,Rainfall has stopped.
3906,65.1167,0.762864,Rainfall has stopped.
3907,65.1333,0.762864,Rainfall has stopped.
3908,65.15,0.762864,Rainfall has stopped.
3909,65.1667,0.762864,Rainfall has stopped.
3910,65.1833,0.762864,Rainfall has stopped.
3911,65.2,0.762864,Rainfall has stopped.
3912,65.2167,0.762864,Rainfall has stopped.
3913,65.2333,0.762864,Rainfall has stopped.
3914,65.25,0.762864,Rainfall has stopped.
3915,65.2667,0.762864,Rainfall has stopped.
3916,65.2833,0.762864,Rainfall has stopped.
3917,65.3,0.762864,Rainfall has stopped.
3918,65.3167,0.762864,Rainfall has stopped.
3919,65.3333,0.762865,Rainfall has stopped.
3920,65.35,0.762864,Rainfall has stopped.
3921,65.3667,0.762864,Rainfall has stopped.
3922,65.3833,0.762864,Rainfall has stopped.
3923,65.4,0.762864,Rainfall has stopped.
3924,65.4167,0.762865,Rainfall has stopped.
3925,65.4333,0.762865,Rainfall has stopped.
3926,65.45,0.762865,Rainfall has stopped.
3927,65.4667,0.762865,Rainfall has stopped.
3928,65.4833,0.762865,Rainfall has stopped.
3929,65.5,0.762865,Rainfall has stopped.
3930,65.5167,0.762865,Rainfall has stopped.
3931,65.5333,0.762865,Rainfall has stopped.
3932,65.55,0.762866,Rainfall has stopped.
3933,65.5667,0.762866,Rainfall has stopped.
3934,65.5833,0.762866,Rainfall has stopped.
3935,65.6,0.762866,Rainfall has stopped.
3936,65.6167,0.762866,Rainfall has stopped.
3937,65.6333,0.762866,Rainfall has stopped.
3938,65.65,0.762866,Rainfall has stopped.
3939,65.6667,0.762867,Rainfall has stopped.
3940,65.6833,0.762867,Rainfall has stopped.
3941,65.7,0.762867,Rainfall has stopped.
3942,65.7167,0.762867,Rainfall has stopped.
3943,65.7333,0.762867,Rainfall has stopped.
3944,65.75,0.762867,Rainfall has stopped.
3945,65.7667,0.762867,Rainfall has stopped.
3946,65.7833,0.762867,Rainfall has stopped.
3947,65.8,0.762867,Rainfall has stopped.
3948,65.8167,0.762867,Rainfall has stopped.
3949,65.8333,0.762867,Rainfall has stopped.
3950,65.85,0.762867,Rainfall has stopped.
3951,65.8667,0.762867,Rainfall has stopped.
3952,65.8833,0.762867,Rainfall has stopped.
3953,65.9,0.762867,Rainfall has stopped.
3954,65.9167,0.762867,Rainfall has stopped.
3955,65.9333,0.762867,Rainfall has stopped.
3956,65.95,0.762867,Rainfall has stopped.
3957,65.9667,0.762867,Rainfall has stopped.
3958,65.9833,0.762867,Rainfall has stopped.
3959,66,0.762868,Rainfall has stopped.
3960,66.0167,0.762868,Rainfall has stopped.
3961,66.0333,0.762868,Rainfall has stopped.
3962,66.05,0.762868,Rainfall has stopped.
3963,66.0667,0.762868,Rainfall has stopped.
3964,66.0833,0.762868,Rainfall has stopped.
3965,66.1,0.762868,Rainfall has stopped.
3966,66.1167,0.762868,Rainfall has stopped.
3967,66.1333,0.762868,Rainfall has stopped.
3968,66.15,0.762868,Rainfall has stopped.
3969,66.1667,0.762868,Rainfall has stopped.
3970,66.1833,0.762868,Rainfall has stopped.
3971,66.2,0.762868,Rainfall has stopped.
3972,66.2167,0.762868,Rainfall has stopped.
3973,66.2333,0.762868,Rainfall has stopped.
3974,66.25,0.762868,Rainfall has stopped.
3975,66.2667,0.762869,Rainfall has stopped.
3976,66.2833,0.762869,Rainfall has stopped.
3977,66.3,0.762868,Rainfall has stopped.
3978,66.3167,0.762868,Rainfall has stopped.
3979,66.3333,0.762868,Rainfall has stopped.
3980,66.35,0.762868,Rainfall has stopped.
3981,66.3667,0.762867,Rainfall has stopped.
3982,66.3833,0.762867,Rainfall has stopped.
3983,66.4,0.762867,Rainfall has stopped.
3984,66.4167,0.762867,Rainfall has stopped.
3985,66.4333,0.762867,Rainfall has stopped.
3986,66.45,0.762867,Rainfall has stopped.
3987,66.4667,0.762867,Rainfall has stopped.
3988,66.4833,0.762867,Rainfall has stopped.
3989,66.5,0.762867,Rainfall has stopped.
3990,66.5167,0.762867,Rainfall has stopped.
3991,66.5333,0.762867,Rainfall has stopped.
3992,66.55,0.762867,Rainfall has stopped.
3993,66.5667,0.762867,Rainfall has stopped.
3994,66.5833,0.762867,Rainfall has stopped.
3995,66.6,0.762868,Rainfall has stopped.
3996,66.6167,0.762868,Rainfall has stopped.
3997,66.6333,0.762868,Rainfall has stopped.
3998,66.65,0.762868,Rainfall has stopped.
3999,66.6667,0.762869,Rainfall has stopped.
4000,66.6833,0.762869,Rainfall has stopped.
4001,66.7,0.762869,Rainfall has stopped.
4002,66.7167,0.762869,Rainfall has stopped.
4003,66.7333,0.76287,Rainfall has stopped.
4004,66.75,0.76287,Rainfall has stopped.
4005,66.7667,0.76287,Rainfall has stopped.
4006,66.7833,0.76287,Rainfall has stopped.
4007,66.8,0.76287,Rainfall has stopped.
4008,66.8167,0.76287,Rainfall has stopped.
4009,66.8333,0.76287,Rainfall has stopped.
4010,66.85,0.76287,Rainfall has stopped.
4011,66.8667,0.76287,Rainfall has stopped.
4012,66.8833,0.76287,Rainfall has stopped.
4013,66.9,0.76287,Rainfall has stopped.
4014,66.9167,0.76287,Rainfall has stopped.
4015,66.9333,0.76287,Rainfall has stopped.
4016,66.95,0.76287,Rainfall has stopped.
4017,66.9667,0.76287,Rainfall has stopped.
4018,66.9833,0.76287,Rainfall has stopped.
4019,67,0.76287,Rainfall has stopped.
4020,67.0167,0.76287,Rainfall has stopped.
4021,67.0333,0.76287,Rainfall has stopped.
4022,67.05,0.76287,Rainfall has stopped.
4023,67.0667,0.762871,Rainfall has stopped.
4024,67.0833,0.762871,Rainfall has stopped.
4025,67.1,0.762871,Rainfall has stopped.
4026,67.1167,0.762871,Rainfall has stopped.
4027,67.1333,0.762872,Rainfall has stopped.
4028,67.15,0.762872,Rainfall has stopped.
4029,67.1667,0.762872,Rainfall has stopped.
4030,67.1833,0.762872,Rainfall has stopped.
4031,67.2,0.762872,Rainfall has stopped.
4032,67.2167,0.762872,Rainfall has stopped.
4033,67.2333,0.762872,Rainfall has stopped.
4034,67.25,0.762872,Rainfall has stopped.
4035,67.2667,0.762872,Rainfall has stopped.
4036,67.2833,0.762872,Rainfall has stopped.
4037,67.3,0.762872,Rainfall has stopped.
4038,67.3167,0.762872,Rainfall has stopped.
4039,67.3333,0.762872,Rainfall has stopped.
4040,67.35,0.762872,Rainfall has stopped.
4041,67.3667,0.762872,Rainfall has stopped.
4042,67.3833,0.762872,Rainfall has stopped.
4043,67.4,0.762872,Rainfall has stopped.
4044,67.4167,0.762873,Rainfall has stopped.
4045,67.4333,0.762873,Rainfall has stopped.
4046,67.45,0.762873,Rainfall has stopped.
4047,67.4667,0.762873,Rainfall has stopped.
4048,67.4833,0.762873,Rainfall has stopped.
4049,67.5,0.762873,Rainfall has stopped.
4050,67.5167,0.762873,Rainfall has stopped.
4051,67.5333,0.762873,Rainfall has stopped.
4052,67.55,0.762872,Rainfall has stopped.
4053,67.5667,0.762872,Rainfall has stopped.
4054,67.5833,0.762872,Rainfall has stopped.
4055,67.6,0.762872,Rainfall has stopped.
4056,67.6167,0.762872,Rainfall has stopped.
4057,67.6333,0.762872,Rainfall has stopped.
4058,67.65,0.762872,Rainfall has stopped.
4059,67.6667,0.762872,Rainfall has stopped.
4060,67.6833,0.762872,Rainfall has stopped.
4061,67.7,0.762872,Rainfall has stopped.
4062,67.7167,0.762872,Rainfall has stopped.
4063,67.7333,0.762872,Rainfall has stopped.
4064,67.75,0.762872,Rainfall has stopped.
4065,67.7667,0.762872,Rainfall has stopped.
4066,67.7833,0.762872,Rainfall has stopped.
4067,67.8,0.762872,Rainfall has stopped.
4068,67.8167,0.762872,Rainfall has stopped.
4069,67.8333,0.762872,Rainfall has stopped.
4070,67.85,0.762872,Rainfall has stopped.
4071,67.8667,0.762872,Rainfall has stopped.
4072,67.8833,0.762873,Rainfall has stopped.
4073,67.9,0.762873,Rainfall has stopped.
4074,67.9167,0.762873,Rainfall has stopped.
4075,67.9333,0.762873,Rainfall has stopped.
4076,67.95,0.762873,Rainfall has stopped.
4077,67.9667,0.762873,Rainfall has stopped.
4078,67.9833,0.762873,Rainfall has stopped.
4079,68,0.762873,Rainfall has stopped.
4080,68.0167,0.762874,Rainfall has stopped.
4081,68.0333,0.762874,Rainfall has stopped.
4082,68.05,0.762874,Rainfall has stopped.
4083,68.0667,0.762874,Rainfall has stopped.
4084,68.0833,0.762874,Rainfall has stopped.
4085,68.1,0.762874,Rainfall has stopped.
4086,68.1167,0.762875,Rainfall has stopped.
4087,68.1333,0.762875,Rainfall has stopped.
4088,68.15,0.762875,Rainfall has stopped.
4089,68.1667,0.762875,Rainfall has stopped.
4090,68.1833,0.762875,Rainfall has stopped.
4091,68.2,0.762875,Rainfall has stopped.
4092,68.2167,0.762876,Rainfall has stopped.
4093,68.2333,0.762876,Rainfall has stopped.
4094,68.25,0.762876,Rainfall has stopped.
4095,68.2667,0.762875,Rainfall has stopped.
4096,68.2833,0.762876,Rainfall has stopped.
4097,68.3,0.762876,Rainfall has stopped.
4098,68.3167,0.762876,Rainfall has stopped.
4099,68.3333,0.762876,Rainfall has stopped.
4100,68.35,0.762876,Rainfall has stopped.
4101,68.3667,0.762876,Rainfall has stopped.
4102,68.3833,0.762877,Rainfall has stopped.
4103,68.4,0.762877,Rainfall has stopped.
4104,68.4167,0.762876,Rainfall has stopped.
4105,68.4333,0.762876,Rainfall has stopped.
4106,68.45,0.762876,Rainfall has stopped.
4107,68.4667,0.762876,Rainfall has stopped.
4108,68.4833,0.762876,Rainfall has stopped.
4109,68.5,0.762876,Rainfall has stopped.
4110,68.5167,0.762876,Rainfall has stopped.
4111,68.5333,0.762877,Rainfall has stopped.
4112,68.55,0.762877,Rainfall has stopped.
4113,68.5667,0.762877,Rainfall has stopped.
4114,68.5833,0.762877,Rainfall has stopped.
4115,68.6,0.762877,Rainfall has stopped.
4116,68.6167,0.762877,Rainfall has stopped.
4117,68.6333,0.762877,Rainfall has stopped.
4118,68.65,0.762877,Rainfall has stopped.
4119,68.6667,0.762877,Rainfall has stopped.
4120,68.6833,0.762877,Rainfall has stopped.
4121,68.7,0.762877,Rainfall has stopped.
4122,68.7167,0.762877,Rainfall has stopped.
4123,68.7333,0.762877,Rainfall has stopped.
4124,68.75,0.762877,Rainfall has stopped.
4125,68.7667,0.762877,Rainfall has stopped.
4126,68.7833,0.762877,Rainfall has stopped.
4127,68.8,0.762877,Rainfall has stopped.
4128,68.8167,0.762878,Rainfall has stopped.
4129,68.8333,0.762878,Rainfall has stopped.
4130,68.85,0.762878,Rainfall has stopped.
4131,68.8667,0.762878,Rainfall has stopped.
4132,68.8833,0.762879,Rainfall has stopped.
4133,68.9,0.762879,Rainfall has stopped.
4134,68.9167,0.762879,Rainfall has stopped.
4135,68.9333,0.762879,Rainfall has stopped.
4136,68.95,0.762879,Rainfall has stopped.
4137,68.9667,0.762879,Rainfall has stopped.
4138,68.9833,0.762879,Rainfall has stopped.
4139,69,0.762879,Rainfall has stopped.
4140,69.0167,0.762879,Rainfall has stopped.
4141,69.0333,0.762879,Rainfall has stopped.
4142,69.05,0.762879,Rainfall has stopped.
4143,69.0667,0.762879,Rainfall has stopped.
4144,69.0833,0.762879,Rainfall has stopped.
4145,69.1,0.762879,Rainfall has stopped.
4146,69.1167,0.76288,Rainfall has stopped.
4147,69.1333,0.76288,Rainfall has stopped.
4148,69.15,0.76288,Rainfall has stopped.
4149,69.1667,0.76288,Rainfall has stopped.
4150,69.1833,0.762881,Rainfall has stopped.
4151,69.2,0.762881,Rainfall has stopped.
4152,69.2167,0.762881,Rainfall has stopped.
4153,69.2333,0.762881,Rainfall has stopped.
4154,69.25,0.762881,Rainfall has stopped.
4155,69.2667,0.762881,Rainfall has stopped.
4156,69.2833,0.762881,Rainfall has stopped.
4157,69.3,0.762881,Rainfall has stopped.
4158,69.3167,0.762881,Rainfall has stopped.
4159,69.3333,0.762881,Rainfall has stopped.
4160,69.35,0.762881,Rainfall has stopped.
4161,69.3667,0.762881,Rainfall has stopped.
4162,69.3833,0.762881,Rainfall has stopped.
4163,69.4,0.762881,Rainfall has stopped.
4164,69.4167,0.762881,Rainfall has stopped.
4165,69.4333,0.762881,Rainfall has stopped.
4166,69.45,0.762881,Rainfall has stopped.
4167,69.4667,0.762881,Rainfall has stopped.
4168,69.4833,0.762881,Rainfall has stopped.
4169,69.5,0.762881,Rainfall has stopped.
4170,69.5167,0.762881,Rainfall has stopped.
4171,69.5333,0.762881,Rainfall has stopped.
4172,69.55,0.762881,Rainfall has stopped.
4173,69.5667,0.762881,Rainfall has stopped.
4174,69.5833,0.762881,Rainfall has stopped.
4175,69.6,0.762881,Rainfall has stopped.
4176,69.6167,0.762881,Rainfall has stopped.
4177,69.6333,0.762881,Rainfall has stopped.
4178,69.65,0.762881,Rainfall has stopped.
4179,69.6667,0.762881,Rainfall has stopped.
4180,69.6833,0.762881,Rainfall has stopped.
4181,69.7,0.762881,Rainfall has stopped.
4182,69.7167,0.762881,Rainfall has stopped.
4183,69.7333,0.762881,Rainfall has stopped.
4184,69.75,0.762881,Rainfall has stopped.
4185,69.7667,0.762881,Rainfall has stopped.
4186,69.7833,0.762881,Rainfall has stopped.
4187,69.8,0.762881,Rainfall has stopped.
4188,69.8167,0.762881,Rainfall has stopped.
4189,69.8333,0.762882,Rainfall has stopped.
4190,69.85,0.762882,Rainfall has stopped.
4191,69.8667,0.762882,Rainfall has stopped.
4192,69.8833,0.762882,Rainfall has stopped.
4193,69.9,0.762882,Rainfall has stopped.
4194,69.9167,0.762882,Rainfall has stopped.
4195,69.9333,0.762882,Rainfall has stopped.
4196,69.95,0.762882,Rainfall has stopped.
4197,69.9667,0.762882,Rainfall has stopped.
4198,69.9833,0.762882,Rainfall has stopped.
4199,70,0.762882,Rainfall has stopped.
4200,70.0167,0.762882,Rainfall has stopped.
4201,70.0333,0.762882,Rainfall has stopped.
4202,70.05,0.762882,Rainfall has stopped.
4203,70.0667,0.762883,Rainfall has stopped.
4204,70.0833,0.762883,Rainfall has stopped.
4205,70.1,0.762883,Rainfall has stopped.
4206,70.1167,0.762883,Rainfall has stopped.
4207,70.1333,0.762883,Rainfall has stopped.
4208,70.15,0.762883,Rainfall has stopped.
4209,70.1667,0.762883,Rainfall has stopped.
4210,70.1833,0.762883,Rainfall has stopped.
4211,70.2,0.762883,Rainfall has stopped.
4212,70.2167,0.762883,Rainfall has stopped.
4213,70.2333,0.762883,Rainfall has stopped.
4214,70.25,0.762883,Rainfall has stopped.
4215,70.2667,0.762883,Rainfall has stopped.
4216,70.2833,0.762883,Rainfall has stopped.
4217,70.3,0.762883,Rainfall has stopped.
4218,70.3167,0.762884,Rainfall has stopped.
4219,70.3333,0.762884,Rainfall has stopped.
4220,70.35,0.762884,Rainfall has stopped.
4221,70.3667,0.762884,Rainfall has stopped.
4222,70.3833,0.762884,Rainfall has stopped.
4223,70.4,0.762884,Rainfall has stopped.
4224,70.4167,0.762884,Rainfall has stopped.
4225,70.4333,0.762885,Rainfall has stopped.
4226,70.45,0.762885,Rainfall has stopped.
4227,70.4667,0.762885,Rainfall has stopped.
4228,70.4833,0.762885,Rainfall has stopped.
4229,70.5,0.762885,Rainfall has stopped.
4230,70.5167,0.762885,Rainfall has stopped.
4231,70.5333,0.762885,Rainfall has stopped.
4232,70.55,0.837602,Rainfall has stopped.
4233,70.5667,0.792482,Rainfall has stopped.
4234,70.5833,0.791033,Rainfall has stopped.
4235,70.6,0.789556,Rainfall has stopped.
4236,70.6167,0.788065,Rainfall has stopped.
4237,70.6333,0.786573,Rainfall has stopped.
4238,70.65,0.785091,Rainfall has stopped.
4239,70.6667,0.783629,Rainfall has stopped.
4240,70.6833,0.782194,Rainfall has stopped.
4241,70.7,0.780793,Rainfall has stopped.
4242,70.7167,0.779432,Rainfall has stopped.
4243,70.7333,0.778115,Rainfall has stopped.
4244,70.75,0.776846,Rainfall has stopped.
4245,70.7667,0.775628,Rainfall has stopped.
4246,70.7833,0.774464,Rainfall has stopped.
4247,70.8,0.773355,Rainfall has stopped.
4248,70.8167,0.772301,Rainfall has stopped.
4249,70.8333,0.771305,Rainfall has stopped.
4250,70.85,0.770366,Rainfall has stopped.
4251,70.8667,0.769483,Rainfall has stopped.
4252,70.8833,0.768656,Rainfall has stopped.
4253,70.9,0.767884,Rainfall has stopped.
4254,70.9167,0.767167,Rainfall has stopped.
4255,70.9333,0.766501,Rainfall has stopped.
4256,70.95,0.765887,Rainfall has stopped.
4257,70.9667,0.765321,Rainfall has stopped.
4258,70.9833,0.764803,Rainfall has stopped.
4259,71,0.76433,Rainfall has stopped.
4260,71.0167,0.763901,Rainfall has stopped.
4261,71.0333,0.763512,Rainfall has stopped.
4262,71.05,0.763163,Rainfall has stopped.
4263,71.0667,0.762851,Rainfall has stopped.
4264,71.0833,0.762573,Rainfall has stopped.
4265,71.1,0.762328,Rainfall has stopped.
4266,71.1167,0.762114,Rainfall has stopped.
4267,71.1333,0.761928,Rainfall has stopped.
4268,71.15,0.761769,Rainfall has stopped.
4269,71.1667,0.761634,Rainfall has stopped.
4270,71.1833,0.761521,Rainfall has stopped.
4271,71.2,0.76143,Rainfall has stopped.
4272,71.2167,0.761358,Rainfall has stopped.
4273,71.2333,0.761303,Rainfall has stopped.
4274,71.25,0.761264,Rainfall has stopped.
4275,71.2667,0.761239,Rainfall has stopped.
4276,71.2833,0.761227,Rainfall has stopped.
4277,71.3,0.761227,Rainfall has stopped.
4278,71.3167,0.761236,Rainfall has stopped.
4279,71.3333,0.761255,Rainfall has stopped.
4280,71.35,0.761281,Rainfall has stopped.
4281,71.3667,0.761315,Rainfall has stopped.
4282,71.3833,0.761354,Rainfall has stopped.
4283,71.4,0.761398,Rainfall has stopped.
4284,71.4167,0.761446,Rainfall has stopped.
4285,71.4333,0.761498,Rainfall has stopped.
4286,71.45,0.761552,Rainfall has stopped.
4287,71.4667,0.761608,Rainfall has stopped.
4288,71.4833,0.761666,Rainfall has stopped.
4289,71.5,0.761725,Rainfall has stopped.
4290,71.5167,0.761784,Rainfall has stopped.
4291,71.5333,0.761844,Rainfall has stopped.
4292,71.55,0.761902,Rainfall has stopped.
4293,71.5667,0.761961,Rainfall has stopped.
4294,71.5833,0.762018,Rainfall has stopped.
4295,71.6,0.762074,Rainfall has stopped.
4296,71.6167,0.762129,Rainfall has stopped.
4297,71.6333,0.762182,Rainfall has stopped.
4298,71.65,0.762233,Rainfall has stopped.
4299,71.6667,0.762283,Rainfall has stopped.
4300,71.6833,0.762331,Rainfall has stopped.
4301,71.7,0.762376,Rainfall has stopped.
4302,71.7167,0.76242,Rainfall has stopped.
4303,71.7333,0.762462,Rainfall has stopped.
4304,71.75,0.762501,Rainfall has stopped.
4305,71.7667,0.762538,Rainfall has stopped.
4306,71.7833,0.762573,Rainfall has stopped.
4307,71.8,0.762607,Rainfall has stopped.
4308,71.8167,0.762637,Rainfall has stopped.
4309,71.8333,0.762666,Rainfall has stopped.
4310,71.85,0.762693,Rainfall has stopped.
4311,71.8667,0.762718,Rainfall has stopped.
4312,71.8833,0.762742,Rainfall has stopped.
4313,71.9,0.762763,Rainfall has stopped.
4314,71.9167,0.762782,Rainfall has stopped.
4315,71.9333,0.7628,Rainfall has stopped.
4316,71.95,0.762817,Rainfall has stopped.
4317,71.9667,0.762832,Rainfall has stopped.
4318,71.9833,0.762846,Rainfall has stopped.
4319,72,0.762858,Rainfall has stopped.
4320,72.0167,0.762869,Rainfall has stopped.
4321,72.0333,0.762879,Rainfall has stopped.
4322,72.05,0.762888,Rainfall has stopped.
4323,72.0667,0.762896,Rainfall has stopped.
4324,72.0833,0.762902,Rainfall has stopped.
4325,72.1,0.762908,Rainfall has stopped.
4326,72.1167,0.762913,Rainfall has stopped.
4327,72.1333,0.762918,Rainfall has stopped.
4328,72.15,0.762921,Rainfall has stopped.
4329,72.1667,0.762924,Rainfall has stopped.
4330,72.1833,0.762926,Rainfall has stopped.
4331,72.2,0.762928,Rainfall has stopped.
4332,72.2167,0.762929,Rainfall has stopped.
4333,72.2333,0.76293,Rainfall has stopped.
4334,72.25,0.762931,Rainfall has stopped.
4335,72.2667,0.762931,Rainfall has stopped.
4336,72.2833,0.76293,Rainfall has stopped.
4337,72.3,0.76293,Rainfall has stopped.
4338,72.3167,0.762929,Rainfall has stopped.
4339,72.3333,0.762928,Rainfall has stopped.
4340,72.35,0.762927,Rainfall has stopped.
4341,72.3667,0.762926,Rainfall has stopped.
4342,72.3833,0.762924,Rainfall has stopped.
4343,72.4,0.762923,Rainfall has stopped.
4344,72.4167,0.762922,Rainfall has stopped.
4345,72.4333,0.76292,Rainfall has stopped.
4346,72.45,0.762919,Rainfall has stopped.
4347,72.4667,0.762917,Rainfall has stopped.
4348,72.4833,0.762916,Rainfall has stopped.
4349,72.5,0.762914,Rainfall has stopped.
4350,72.5167,0.762912,Rainfall has stopped.
4351,72.5333,0.762911,Rainfall has stopped.
4352,72.55,0.762909,Rainfall has stopped.
4353,72.5667,0.762908,Rainfall has stopped.
4354,72.5833,0.762906,Rainfall has stopped.
4355,72.6,0.762905,Rainfall has stopped.
4356,72.6167,0.762904,Rainfall has stopped.
4357,72.6333,0.762903,Rainfall has stopped.
4358,72.65,0.762902,Rainfall has stopped.
4359,72.6667,0.7629,Rainfall has stopped.
4360,72.6833,0.762899,Rainfall has stopped.
4361,72.7,0.762898,Rainfall has stopped.
4362,72.7167,0.762897,Rainfall has stopped.
4363,72.7333,0.762897,Rainfall has stopped.
4364,72.75,0.762896,Rainfall has stopped.
4365,72.7667,0.762895,Rainfall has stopped.
4366,72.7833,0.762894,Rainfall has stopped.
4367,72.8,0.762894,Rainfall has stopped.
4368,72.8167,0.762894,Rainfall has stopped.
4369,72.8333,0.762893,Rainfall has stopped.
4370,72.85,0.762892,Rainfall has stopped.
4371,72.8667,0.762892,Rainfall has stopped.
4372,72.8833,0.762891,Rainfall has stopped.
4373,72.9,0.76289,Rainfall has stopped.
4374,72.9167,0.76289,Rainfall has stopped.
4375,72.9333,0.76289,Rainfall has stopped.
4376,72.95,0.76289,Rainfall has stopped.
4377,72.9667,0.762889,Rainfall has stopped.
4378,72.9833,0.762889,Rainfall has stopped.
4379,73,0.762889,Rainfall has stopped.
4380,73.0167,0.762889,Rainfall has stopped.
4381,73.0333,0.762889,Rainfall has stopped.
4382,73.05,0.762889,Rainfall has stopped.
4383,73.0667,0.762889,Rainfall has stopped.
4384,73.0833,0.762889,Rainfall has stopped.
4385,73.1,0.762889,Rainfall has stopped.
4386,73.1167,0.762889,Rainfall has stopped.
4387,73.1333,0.762889,Rainfall has stopped.
4388,73.15,0.762889,Rainfall has stopped.
4389,73.1667,0.762889,Rainfall has stopped.
4390,73.1833,0.76289,Rainfall has stopped.
4391,73.2,0.76289,Rainfall has stopped.
4392,73.2167,0.76289,Rainfall has stopped.
4393,73.2333,0.762891,Rainfall has stopped.
4394,73.25,0.762891,Rainfall has stopped.
4395,73.2667,0.762892,Rainfall has stopped.
4396,73.2833,0.762892,Rainfall has stopped.
4397,73.3,0.762892,Rainfall has stopped.
4398,73.3167,0.762893,Rainfall has stopped.
4399,73.3333,0.762893,Rainfall has stopped.
4400,73.35,0.762893,Rainfall has stopped.
4401,73.3667,0.762893,Rainfall has stopped.
4402,73.3833,0.762894,Rainfall has stopped.
4403,73.4,0.762894,Rainfall has stopped.
4404,73.4167,0.762894,Rainfall has stopped.
4405,73.4333,0.762894,Rainfall has stopped.
4406,73.45,0.762895,Rainfall has stopped.
4407,73.4667,0.762895,Rainfall has stopped.
4408,73.4833,0.762895,Rainfall has stopped.
4409,73.5,0.762895,Rainfall has stopped.
4410,73.5167,0.762896,Rainfall has stopped.
4411,73.5333,0.762896,Rainfall has stopped.
4412,73.55,0.762896,Rainfall has stopped.
4413,73.5667,0.762896,Rainfall has stopped.
4414,73.5833,0.762896,Rainfall has stopped.
4415,73.6,0.762896,Rainfall has stopped.
4416,73.6167,0.762896,Rainfall has stopped.
4417,73.6333,0.762896,Rainfall has stopped.
4418,73.65,0.762896,Rainfall has stopped.
4419,73.6667,0.762896,Rainfall has stopped.
4420,73.6833,0.762896,Rainfall has stopped.
4421,73.7,0.762896,Rainfall has stopped.
4422,73.7167,0.762896,Rainfall has stopped.
4423,73.7333,0.762896,Rainfall has stopped.
4424,73.75,0.762896,Rainfall has stopped.
4425,73.7667,0.762896,Rainfall has stopped.
4426,73.7833,0.762896,Rainfall has stopped.
4427,73.8,0.762896,Rainfall has stopped.
4428,73.8167,0.762896,Rainfall has stopped.
4429,73.8333,0.762896,Rainfall has stopped.
4430,73.85,0.762896,Rainfall has stopped.
4431,73.8667,0.762897,Rainfall has stopped.
4432,73.8833,0.762897,Rainfall has stopped.
4433,73.9,0.762897,Rainfall has stopped.
4434,73.9167,0.762897,Rainfall has stopped.
4435,73.9333,0.762897,Rainfall has stopped.
4436,73.95,0.762897,Rainfall has stopped.
4437,73.9667,0.762897,Rainfall has stopped.
4438,73.9833,0.762897,Rainfall has stopped.
4439,74,0.762897,Rainfall has stopped.
4440,74.0167,0.762898,Rainfall has stopped.
4441,74.0333,0.762898,Rainfall has stopped.
4442,74.05,0.762898,Rainfall has stopped.
4443,74.0667,0.762898,Rainfall has stopped.
4444,74.0833,0.762899,Rainfall has stopped.
4445,74.1,0.762899,Rainfall has stopped.
4446,74.1167,0.762899,Rainfall has stopped.
4447,74.1333,0.762899,Rainfall has stopped.
4448,74.15,0.7629,Rainfall has stopped.
4449,74.1667,0.7629,Rainfall has stopped.
4450,74.1833,0.7629,Rainfall has stopped.
4451,74.2,0.7629,Rainfall has stopped.
4452,74.2167,0.762901,Rainfall has stopped.
4453,74.2333,0.762901,Rainfall has stopped.
4454,74.25,0.762901,Rainfall has stopped.
4455,74.2667,0.762901,Rainfall has stopped.
4456,74.2833,0.762901,Rainfall has stopped.
4457,74.3,0.762901,Rainfall has stopped.
4458,74.3167,0.762901,Rainfall has stopped.
4459,74.3333,0.762901,Rainfall has stopped.
4460,74.35,0.762901,Rainfall has stopped.
4461,74.3667,0.762901,Rainfall has stopped.
4462,74.3833,0.762901,Rainfall has stopped.
4463,74.4,0.762901,Rainfall has stopped.
4464,74.4167,0.762901,Rainfall has stopped.
4465,74.4333,0.762901,Rainfall has stopped.
4466,74.45,0.762901,Rainfall has stopped.
4467,74.4667,0.762901,Rainfall has stopped.
4468,74.4833,0.762901,Rainfall has stopped.
4469,74.5,0.762901,Rainfall has stopped.
4470,74.5167,0.762901,Rainfall has stopped.
4471,74.5333,0.762901,Rainfall has stopped.
4472,74.55,0.762901,Rainfall has stopped.
4473,74.5667,0.762901,Rainfall has stopped.
4474,74.5833,0.762901,Rainfall has stopped.
4475,74.6,0.762901,Rainfall has stopped.
4476,74.6167,0.762901,Rainfall has stopped.
4477,74.6333,0.762901,Rainfall has stopped.
4478,74.65,0.762901,Rainfall has stopped.
4479,74.6667,0.762901,Rainfall has stopped.
4480,74.6833,0.7629,Rainfall has stopped.
4481,74.7,0.7629,Rainfall has stopped.
4482,74.7167,0.7629,Rainfall has stopped.
4483,74.7333,0.7629,Rainfall has stopped.
4484,74.75,0.7629,Rainfall has stopped.
4485,74.7667,0.7629,Rainfall has stopped.
4486,74.7833,0.7629,Rainfall has stopped.
4487,74.8,0.7629,Rainfall has stopped.
4488,74.8167,0.7629,Rainfall has stopped.
4489,74.8333,0.7629,Rainfall has stopped.
4490,74.85,0.7629,Rainfall has stopped.
4491,74.8667,0.7629,Rainfall has stopped.
4492,74.8833,0.7629,Rainfall has stopped.
4493,74.9,0.7629,Rainfall has stopped.
4494,74.9167,0.7629,Rainfall has stopped.
4495,74.9333,0.7629,Rainfall has stopped.
4496,74.95,0.7629,Rainfall has stopped.
4497,74.9667,0.7629,Rainfall has stopped.
4498,74.9833,0.7629,Rainfall has stopped.
4499,75,0.7629,Rainfall has stopped.
4500,75.0167,0.7629,Rainfall has stopped.
4501,75.0333,0.7629,Rainfall has stopped.
4502,75.05,0.7629,Rainfall has stopped.
4503,75.0667,0.7629,Rainfall has stopped.
4504,75.0833,0.7629,Rainfall has stopped.
4505,75.1,0.762901,Rainfall has stopped.
4506,75.1167,0.762901,Rainfall has stopped.
4507,75.1333,0.762901,Rainfall has stopped.
4508,75.15,0.762901,Rainfall has stopped.
4509,75.1667,0.762901,Rainfall has stopped.
4510,75.1833,0.762901,Rainfall has stopped.
4511,75.2,0.762901,Rainfall has stopped.
4512,75.2167,0.762901,Rainfall has stopped.
4513,75.2333,0.762901,Rainfall has stopped.
4514,75.25,0.762901,Rainfall has stopped.
4515,75.2667,0.762901,Rainfall has stopped.
4516,75.2833,0.762902,Rainfall has stopped.
4517,75.3,0.762902,Rainfall has stopped.
4518,75.3167,0.762902,Rainfall has stopped.
4519,75.3333,0.762902,Rainfall has stopped.
4520,75.35,0.762902,Rainfall has stopped.
4521,75.3667,0.762902,Rainfall has stopped.
4522,75.3833,0.762902,Rainfall has stopped.
4523,75.4,0.762902,Rainfall has stopped.
4524,75.4167,0.762902,Rainfall has stopped.
4525,75.4333,0.762902,Rainfall has stopped.
4526,75.45,0.762902,Rainfall has stopped.
4527,75.4667,0.762902,Rainfall has stopped.
4528,75.4833,0.762902,Rainfall has stopped.
4529,75.5,0.762902,Rainfall has stopped.
4530,75.5167,0.762902,Rainfall has stopped.
4531,75.5333,0.762902,Rainfall has stopped.
4532,75.55,0.762902,Rainfall has stopped.
4533,75.5667,0.762902,Rainfall has stopped.
4534,75.5833,0.762902,Rainfall has stopped.
4535,75.6,0.762902,Rainfall has stopped.
4536,75.6167,0.762902,Rainfall has stopped.
4537,75.6333,0.762902,Rainfall has stopped.
4538,75.65,0.762902,Rainfall has stopped.
4539,75.6667,0.762903,Rainfall has stopped.
4540,75.6833,0.762903,Rainfall has stopped.
4541,75.7,0.762903,Rainfall has stopped.
4542,75.7167,0.762903,Rainfall has stopped.
4543,75.7333,0.762903,Rainfall has stopped.
4544,75.75,0.762903,Rainfall has stopped.
4545,75.7667,0.762903,Rainfall has stopped.
4546,75.7833,0.762903,Rainfall has stopped.
4547,75.8,0.762903,Rainfall has stopped.
4548,75.8167,0.762903,Rainfall has stopped.
4549,75.8333,0.762903,Rainfall has stopped.
4550,75.85,0.762903,Rainfall has stopped.
4551,75.8667,0.762903,Rainfall has stopped.
4552,75.8833,0.762903,Rainfall has stopped.
4553,75.9,0.762903,Rainfall has stopped.
4554,75.9167,0.762903,Rainfall has stopped.
4555,75.9333,0.762903,Rainfall has stopped.
4556,75.95,0.762903,Rainfall has stopped.
4557,75.9667,0.762904,Rainfall has stopped.
4558,75.9833,0.762904,Rainfall has stopped.
4559,76,0.762904,Rainfall has stopped.
4560,76.0167,0.762903,Rainfall has stopped.
4561,76.0333,0.762903,Rainfall has stopped.
4562,76.05,0.762903,Rainfall has stopped.
4563,76.0667,0.762903,Rainfall has stopped.
4564,76.0833,0.762903,Rainfall has stopped.
4565,76.1,0.762903,Rainfall has stopped.
4566,76.1167,0.762903,Rainfall has stopped.
4567,76.1333,0.762902,Rainfall has stopped.
4568,76.15,0.762902,Rainfall has stopped.
4569,76.1667,0.762902,Rainfall has stopped.
4570,76.1833,0.762902,Rainfall has stopped.
4571,76.2,0.762902,Rainfall has stopped.
4572,76.2167,0.762902,Rainfall has stopped.
4573,76.2333,0.762902,Rainfall has stopped.
4574,76.25,0.762902,Rainfall has stopped.
4575,76.2667,0.762902,Rainfall has stopped.
4576,76.2833,0.762902,Rainfall has stopped.
4577,76.3,0.762902,Rainfall has stopped.
4578,76.3167,0.762903,Rainfall has stopped.
4579,76.3333,0.762903,Rainfall has stopped.
4580,76.35,0.762903,Rainfall has stopped.
4581,76.3667,0.762903,Rainfall has stopped.
4582,76.3833,0.762903,Rainfall has stopped.
4583,76.4,0.762903,Rainfall has stopped.
4584,76.4167,0.762903,Rainfall has stopped.
4585,76.4333,0.762903,Rainfall has stopped.
4586,76.45,0.762903,Rainfall has stopped.
4587,76.4667,0.762903,Rainfall has stopped.
4588,76.4833,0.762903,Rainfall has stopped.
4589,76.5,0.762903,Rainfall has stopped.
4590,76.5167,0.762903,Rainfall has stopped.
4591,76.5333,0.762903,Rainfall has stopped.
4592,76.55,0.762904,Rainfall has stopped.
4593,76.5667,0.762904,Rainfall has stopped.
4594,76.5833,0.762904,Rainfall has stopped.
4595,76.6,0.762904,Rainfall has stopped.
4596,76.6167,0.762904,Rainfall has stopped.
4597,76.6333,0.762904,Rainfall has stopped.
4598,76.65,0.762904,Rainfall has stopped.
4599,76.6667,0.762904,Rainfall has stopped.
4600,76.6833,0.762904,Rainfall has stopped.
4601,76.7,0.762904,Rainfall has stopped.
4602,76.7167,0.762905,Rainfall has stopped.
4603,76.7333,0.762905,Rainfall has stopped.
4604,76.75,0.762905,Rainfall has stopped.
4605,76.7667,0.762904,Rainfall has stopped.
4606,76.7833,0.762904,Rainfall has stopped.
4607,76.8,0.762904,Rainfall has stopped.
4608,76.8167,0.762904,Rainfall has stopped.
4609,76.8333,0.762904,Rainfall has stopped.
4610,76.85,0.762904,Rainfall has stopped.
4611,76.8667,0.762905,Rainfall has stopped.
4612,76.8833,0.762905,Rainfall has stopped.
4613,76.9,0.762905,Rainfall has stopped.
4614,76.9167,0.762905,Rainfall has stopped.
4615,76.9333,0.762906,Rainfall has stopped.
4616,76.95,0.762906,Rainfall has stopped.
4617,76.9667,0.762905,Rainfall has stopped.
4618,76.9833,0.762905,Rainfall has stopped.
4619,77,0.762905,Rainfall has stopped.
4620,77.0167,0.762905,Rainfall has stopped.
4621,77.0333,0.762905,Rainfall has stopped.
4622,77.05,0.762905,Rainfall has stopped.
4623,77.0667,0.762905,Rainfall has stopped.
4624,77.0833,0.762905,Rainfall has stopped.
4625,77.1,0.762905,Rainfall has stopped.
4626,77.1167,0.762905,Rainfall has stopped.
4627,77.1333,0.762905,Rainfall has stopped.
4628,77.15,0.762905,Rainfall has stopped.
4629,77.1667,0.762905,Rainfall has stopped.
4630,77.1833,0.762905,Rainfall has stopped.
4631,77.2,0.762905,Rainfall has stopped.
4632,77.2167,0.762905,Rainfall has stopped.
4633,77.2333,0.762905,Rainfall has stopped.
4634,77.25,0.762905,Rainfall has stopped.
4635,77.2667,0.762905,Rainfall has stopped.
4636,77.2833,0.762905,Rainfall has stopped.
4637,77.3,0.762906,Rainfall has stopped.
4638,77.3167,0.762906,Rainfall has stopped.
4639,77.3333,0.762906,Rainfall has stopped.
4640,77.35,0.762906,Rainfall has stopped.
4641,77.3667,0.762906,Rainfall has stopped.
4642,77.3833,0.762906,Rainfall has stopped.
4643,77.4,0.762906,Rainfall has stopped.
4644,77.4167,0.762906,Rainfall has stopped.
4645,77.4333,0.762906,Rainfall has stopped.
4646,77.45,0.762906,Rainfall has stopped.
4647,77.4667,0.762906,Rainfall has stopped.
4648,77.4833,0.762906,Rainfall has stopped.
4649,77.5,0.762907,Rainfall has stopped.
4650,77.5167,0.762907,Rainfall has stopped.
4651,77.5333,0.762907,Rainfall has stopped.
4652,77.55,0.762907,Rainfall has stopped.
4653,77.5667,0.762907,Rainfall has stopped.
4654,77.5833,0.762907,Rainfall has stopped.
4655,77.6,0.762908,Rainfall has stopped.
4656,77.6167,0.762908,Rainfall has stopped.
4657,77.6333,0.762908,Rainfall has stopped.
4658,77.65,0.762907,Rainfall has stopped.
4659,77.6667,0.762907,Rainfall has stopped.
4660,77.6833,0.762907,Rainfall has stopped.
4661,77.7,0.762907,Rainfall has stopped.
4662,77.7167,0.762907,Rainfall has stopped.
4663,77.7333,0.762907,Rainfall has stopped.
4664,77.75,0.762908,Rainfall has stopped.
4665,77.7667,0.762908,Rainfall has stopped.
4666,77.7833,0.762908,Rainfall has stopped.
4667,77.8,0.762908,Rainfall has stopped.
4668,77.8167,0.762908,Rainfall has stopped.
4669,77.8333,0.762908,Rainfall has stopped.
4670,77.85,0.762908,Rainfall has stopped.
4671,77.8667,0.762908,Rainfall has stopped.
4672,77.8833,0.762908,Rainfall has stopped.
4673,77.9,0.762908,Rainfall has stopped.
4674,77.9167,0.762908,Rainfall has stopped.
4675,77.9333,0.762908,Rainfall has stopped.
4676,77.95,0.762908,Rainfall has stopped.
4677,77.9667,0.762908,Rainfall has stopped.
4678,77.9833,0.762907,Rainfall has stopped.
4679,78,0.762907,Rainfall has stopped.
4680,78.0167,0.762907,Rainfall has stopped.
4681,78.0333,0.762907,Rainfall has stopped.
4682,78.05,0.762907,Rainfall has stopped.
4683,78.0667,0.762907,Rainfall has stopped.
4684,78.0833,0.762908,Rainfall has stopped.
4685,78.1,0.762908,Rainfall has stopped.
4686,78.1167,0.762908,Rainfall has stopped.
4687,78.1333,0.762908,Rainfall has stopped.
4688,78.15,0.762908,Rainfall has stopped.
4689,78.1667,0.762908,Rainfall has stopped.
4690,78.1833,0.762908,Rainfall has stopped.
4691,78.2,0.762908,Rainfall has stopped.
4692,78.2167,0.762908,Rainfall has stopped.
4693,78.2333,0.762908,Rainfall has stopped.
4694,78.25,0.762908,Rainfall has stopped.
4695,78.2667,0.762908,Rainfall has stopped.
4696,78.2833,0.762908,Rainfall has stopped.
4697,78.3,0.762908,Rainfall has stopped.
4698,78.3167,0.762908,Rainfall has stopped.
4699,78.3333,0.762909,Rainfall has stopped.
4700,78.35,0.762909,Rainfall has stopped.
4701,78.3667,0.762909,Rainfall has stopped.
4702,78.3833,0.762909,Rainfall has stopped.
4703,78.4,0.762909,Rainfall has stopped.
4704,78.4167,0.762909,Rainfall has stopped.
4705,78.4333,0.76291,Rainfall has stopped.
4706,78.45,0.76291,Rainfall has stopped.
4707,78.4667,0.76291,Rainfall has stopped.
4708,78.4833,0.76291,Rainfall has stopped.
4709,78.5,0.76291,Rainfall has stopped.
4710,78.5167,0.76291,Rainfall has stopped.
4711,78.5333,0.76291,Rainfall has stopped.
4712,78.55,0.76291,Rainfall has stopped.
4713,78.5667,0.76291,Rainfall has stopped.
4714,78.5833,0.76291,Rainfall has stopped.
4715,78.6,0.76291,Rainfall has stopped.
4716,78.6167,0.762911,Rainfall has stopped.
4717,78.6333,0.76291,Rainfall has stopped.
4718,78.65,0.76291,Rainfall has stopped.
4719,78.6667,0.76291,Rainfall has stopped.
4720,78.6833,0.76291,Rainfall has stopped.
4721,78.7,0.76291,Rainfall has stopped.
4722,78.7167,0.76291,Rainfall has stopped.
4723,78.7333,0.76291,Rainfall has stopped.
4724,78.75,0.762911,Rainfall has stopped.
4725,78.7667,0.76291,Rainfall has stopped.
4726,78.7833,0.76291,Rainfall has stopped.
4727,78.8,0.76291,Rainfall has stopped.
4728,78.8167,0.76291,Rainfall has stopped.
4729,78.8333,0.76291,Rainfall has stopped.
4730,78.85,0.76291,Rainfall has stopped.
4731,78.8667,0.76291,Rainfall has stopped.
4732,78.8833,0.76291,Rainfall has stopped.
4733,78.9,0.76291,Rainfall has stopped.
4734,78.9167,0.76291,Rainfall has stopped.
4735,78.9333,0.76291,Rainfall has stopped.
4736,78.95,0.76291,Rainfall has stopped.
4737,78.9667,0.762911,Rainfall has stopped.
4738,78.9833,0.762911,Rainfall has stopped.
4739,79,0.762911,Rainfall has stopped.
4740,79.0167,0.762911,Rainfall has stopped.
4741,79.0333,0.762911,Rainfall has stopped.
4742,79.05,0.762911,Rainfall has stopped.
4743,79.0667,0.762911,Rainfall has stopped.
4744,79.0833,0.762911,Rainfall has stopped.
4745,79.1,0.762911,Rainfall has stopped.
4746,79.1167,0.762912,Rainfall has stopped.
4747,79.1333,0.762912,Rainfall has stopped.
4748,79.15,0.762912,Rainfall has stopped.
4749,79.1667,0.762912,Rainfall has stopped.
4750,79.1833,0.762912,Rainfall has stopped.
4751,79.2,0.762912,Rainfall has stopped.
4752,79.2167,0.762912,Rainfall has stopped.
4753,79.2333,0.762913,Rainfall has stopped.
4754,79.25,0.762913,Rainfall has stopped.
4755,79.2667,0.762913,Rainfall has stopped.
4756,79.2833,0.762913,Rainfall has stopped.
4757,79.3,0.762913,Rainfall has stopped.
4758,79.3167,0.762913,Rainfall has stopped.
4759,79.3333,0.762913,Rainfall has stopped.
4760,79.35,0.762913,Rainfall has stopped.
4761,79.3667,0.762913,Rainfall has stopped.
4762,79.3833,0.762913,Rainfall has stopped.
4763,79.4,0.762913,Rainfall has stopped.
4764,79.4167,0.762913,Rainfall has stopped.
4765,79.4333,0.762913,Rainfall has stopped.
4766,79.45,0.762913,Rainfall has stopped.
4767,79.4667,0.762913,Rainfall has stopped.
4768,79.4833,0.762913,Rainfall has stopped.
4769,79.5,0.762913,Rainfall has stopped.
4770,79.5167,0.762913,Rainfall has stopped.
4771,79.5333,0.762913,Rainfall has stopped.
4772,79.55,0.762913,Rainfall has stopped.
4773,79.5667,0.762913,Rainfall has stopped.
4774,79.5833,0.762914,Rainfall has stopped.
4775,79.6,0.762914,Rainfall has stopped.
4776,79.6167,0.762913,Rainfall has stopped.
4777,79.6333,0.762913,Rainfall has stopped.
4778,79.65,0.762913,Rainfall has stopped.
4779,79.6667,0.762913,Rainfall has stopped.
4780,79.6833,0.762913,Rainfall has stopped.
4781,79.7,0.762914,Rainfall has stopped.
4782,79.7167,0.762914,Rainfall has stopped.
4783,79.7333,0.762914,Rainfall has stopped.
4784,79.75,0.762914,Rainfall has stopped.
4785,79.7667,0.762914,Rainfall has stopped.
4786,79.7833,0.762914,Rainfall has stopped.
4787,79.8,0.762914,Rainfall has stopped.
4788,79.8167,0.762914,Rainfall has stopped.
4789,79.8333,0.762914,Rainfall has stopped.
4790,79.85,0.762915,Rainfall has stopped.
4791,79.8667,0.762915,Rainfall has stopped.
4792,79.8833,0.762915,Rainfall has stopped.
4793,79.9,0.762915,Rainfall has stopped.
4794,79.9167,0.762915,Rainfall has stopped.
4795,79.9333,0.762915,Rainfall has stopped.
4796,79.95,0.762915,Rainfall has stopped.
4797,79.9667,0.762915,Rainfall has stopped.
4798,79.9833,0.762915,Rainfall has stopped.
4799,80,0.762915,Rainfall has stopped.
4800,80.0167,0.762915,Rainfall has stopped.
4801,80.0333,0.762915,Rainfall has stopped.
4802,80.05,0.762915,Rainfall has stopped.
4803,80.0667,0.762916,Rainfall has stopped.
4804,80.0833,0.762916,Rainfall has stopped.
4805,80.1,0.762916,Rainfall has stopped.
4806,80.1167,0.762916,Rainfall has stopped.
4807,80.1333,0.762916,Rainfall has stopped.
4808,80.15,0.762916,Rainfall has stopped.
4809,80.1667,0.762916,Rainfall has stopped.
4810,80.1833,0.762916,Rainfall has stopped.
4811,80.2,0.762916,Rainfall has stopped.
4812,80.2167,0.762916,Rainfall has stopped.
4813,80.2333,0.762916,Rainfall has stopped.
4814,80.25,0.762915,Rainfall has stopped.
4815,80.2667,0.762915,Rainfall has stopped.
4816,80.2833,0.762915,Rainfall has stopped.
4817,80.3,0.762915,Rainfall has stopped.
4818,80.3167,0.762915,Rainfall has stopped.
4819,80.3333,0.762916,Rainfall has stopped.
4820,80.35,0.762916,Rainfall has stopped.
4821,80.3667,0.762916,Rainfall has stopped.
4822,80.3833,0.762916,Rainfall has stopped.
4823,80.4,0.762916,Rainfall has stopped.
4824,80.4167,0.762916,Rainfall has stopped.
4825,80.4333,0.762916,Rainfall has stopped.
4826,80.45,0.762917,Rainfall has stopped.
4827,80.4667,0.762917,Rainfall has stopped.
4828,80.4833,0.762917,Rainfall has stopped.
4829,80.5,0.762917,Rainfall has stopped.
4830,80.5167,0.762917,Rainfall has stopped.
4831,80.5333,0.762917,Rainfall has stopped.
4832,80.55,0.762917,Rainfall has stopped.
4833,80.5667,0.762917,Rainfall has stopped.
4834,80.5833,0.762917,Rainfall has stopped.
4835,80.6,0.762917,Rainfall has stopped.
4836,80.6167,0.762917,Rainfall has stopped.
4837,80.6333,0.762918,Rainfall has stopped.
4838,80.65,0.762918,Rainfall has stopped.
4839,80.6667,0.762918,Rainfall has stopped.
4840,80.6833,0.762918,Rainfall has stopped.
4841,80.7,0.762918,Rainfall has stopped.
4842,80.7167,0.762918,Rainfall has stopped.
4843,80.7333,0.762918,Rainfall has stopped.
4844,80.75,0.762918,Rainfall has stopped.
4845,80.7667,0.762918,Rainfall has stopped.
4846,80.7833,0.762918,Rainfall has stopped.
4847,80.8,0.762918,Rainfall has stopped.
4848,80.8167,0.762918,Rainfall has stopped.
4849,80.8333,0.762919,Rainfall has stopped.
4850,80.85,0.762919,Rainfall has stopped.
4851,80.8667,0.762919,Rainfall has stopped.
4852,80.8833,0.762919,Rainfall has stopped.
4853,80.9,0.762919,Rainfall has stopped.
4854,80.9167,0.762919,Rainfall has stopped.
4855,80.9333,0.762919,Rainfall has stopped.
4856,80.95,0.762919,Rainfall has stopped.
4857,80.9667,0.762919,Rainfall has stopped.
4858,80.9833,0.762919,Rainfall has stopped.
4859,81,0.762919,Rainfall has stopped.
4860,81.0167,0.762919,Rainfall has stopped.
4861,81.0333,0.762919,Rainfall has stopped.
4862,81.05,0.762919,Rainfall has stopped.
4863,81.0667,0.762919,Rainfall has stopped.
4864,81.0833,0.762919,Rainfall has stopped.
4865,81.1,0.762919,Rainfall has stopped.
4866,81.1167,0.762919,Rainfall has stopped.
4867,81.1333,0.762919,Rainfall has stopped.
4868,81.15,0.762919,Rainfall has stopped.
4869,81.1667,0.762919,Rainfall has stopped.
4870,81.1833,0.762919,Rainfall has stopped.
4871,81.2,0.762919,Rainfall has stopped.
4872,81.2167,0.762919,Rainfall has stopped.
4873,81.2333,0.76292,Rainfall has stopped.
4874,81.25,0.76292,Rainfall has stopped.
4875,81.2667,0.76292,Rainfall has stopped.
4876,81.2833,0.76292,Rainfall has stopped.
4877,81.3,0.76292,Rainfall has stopped.
4878,81.3167,0.76292,Rainfall has stopped.
4879,81.3333,0.762921,Rainfall has stopped.
4880,81.35,0.76292,Rainfall has stopped.
4881,81.3667,0.76292,Rainfall has stopped.
4882,81.3833,0.76292,Rainfall has stopped.
4883,81.4,0.76292,Rainfall has stopped.
4884,81.4167,0.76292,Rainfall has stopped.
4885,81.4333,0.762921,Rainfall has stopped.
4886,81.45,0.762921,Rainfall has stopped.
4887,81.4667,0.762921,Rainfall has stopped.
4888,81.4833,0.762921,Rainfall has stopped.
4889,81.5,0.762921,Rainfall has stopped.
4890,81.5167,0.762921,Rainfall has stopped.
4891,81.5333,0.762921,Rainfall has stopped.
4892,81.55,0.762921,Rainfall has stopped.
4893,81.5667,0.762922,Rainfall has stopped.
4894,81.5833,0.762922,Rainfall has stopped.
4895,81.6,0.762922,Rainfall has stopped.
4896,81.6167,0.762922,Rainfall has stopped.
4897,81.6333,0.762923,Rainfall has stopped.
4898,81.65,0.762923,Rainfall has stopped.
4899,81.6667,0.762923,Rainfall has stopped.
4900,81.6833,0.762923,Rainfall has stopped.
4901,81.7,0.762923,Rainfall has stopped.
4902,81.7167,0.762923,Rainfall has stopped.
4903,81.7333,0.762922,Rainfall has stopped.
4904,81.75,0.762922,Rainfall has stopped.
4905,81.7667,0.762922,Rainfall has stopped.
4906,81.7833,0.762922,Rainfall has stopped.
4907,81.8,0.762922,Rainfall has stopped.
4908,81.8167,0.762922,Rainfall has stopped.
4909,81.8333,0.762922,Rainfall has stopped.
4910,81.85,0.762922,Rainfall has stopped.
4911,81.8667,0.762922,Rainfall has stopped.
4912,81.8833,0.762922,Rainfall has stopped.
4913,81.9,0.762922,Rainfall has stopped.
4914,81.9167,0.762923,Rainfall has stopped.
4915,81.9333,0.762923,Rainfall has stopped.
4916,81.95,0.762923,Rainfall has stopped.
4917,81.9667,0.762923,Rainfall has stopped.
4918,81.9833,0.762923,Rainfall has stopped.
4919,82,0.762923,Rainfall has stopped.
4920,82.0167,0.762922,Rainfall has stopped.
4921,82.0333,0.762922,Rainfall has stopped.
4922,82.05,0.762922,Rainfall has stopped.
4923,82.0667,0.762922,Rainfall has stopped.
4924,82.0833,0.762922,Rainfall has stopped.
4925,82.1,0.762923,Rainfall has stopped.
4926,82.1167,0.762923,Rainfall has stopped.
4927,82.1333,0.762923,Rainfall has stopped.
4928,82.15,0.762923,Rainfall has stopped.
4929,82.1667,0.762923,Rainfall has stopped.
4930,82.1833,0.762923,Rainfall has stopped.
4931,82.2,0.762923,Rainfall has stopped.
4932,82.2167,0.762923,Rainfall has stopped.
4933,82.2333,0.762923,Rainfall has stopped.
4934,82.25,0.762923,Rainfall has stopped.
4935,82.2667,0.762924,Rainfall has stopped.
4936,82.2833,0.762924,Rainfall has stopped.
4937,82.3,0.762924,Rainfall has stopped.
4938,82.3167,0.762924,Rainfall has stopped.
4939,82.3333,0.762924,Rainfall has stopped.
4940,82.35,0.762924,Rainfall has stopped.
4941,82.3667,0.762924,Rainfall has stopped.
4942,82.3833,0.762924,Rainfall has stopped.
4943,82.4,0.762924,Rainfall has stopped.
4944,82.4167,0.762924,Rainfall has stopped.
4945,82.4333,0.762924,Rainfall has stopped.
4946,82.45,0.762924,Rainfall has stopped.
4947,82.4667,0.762925,Rainfall has stopped.
4948,82.4833,0.762925,Rainfall has stopped.
4949,82.5,0.762925,Rainfall has stopped.
4950,82.5167,0.762925,Rainfall has stopped.
4951,82.5333,0.762925,Rainfall has stopped.
4952,82.55,0.762925,Rainfall has stopped.
4953,82.5667,0.762925,Rainfall has stopped.
4954,82.5833,0.762925,Rainfall has stopped.
4955,82.6,0.762925,Rainfall has stopped.
4956,82.6167,0.762925,Rainfall has stopped.
4957,82.6333,0.762925,Rainfall has stopped.
4958,82.65,0.762925,Rainfall has stopped.
4959,82.6667,0.762925,Rainfall has stopped.
4960,82.6833,0.762925,Rainfall has stopped.
4961,82.7,0.762924,Rainfall has stopped.
4962,82.7167,0.762924,Rainfall has stopped.
4963,82.7333,0.762924,Rainfall has stopped.
4964,82.75,0.762924,Rainfall has stopped.
4965,82.7667,0.762924,Rainfall has stopped.
4966,82.7833,0.762925,Rainfall has stopped.
4967,82.8,0.762925,Rainfall has stopped.
4968,82.8167,0.762925,Rainfall has stopped.
4969,82.8333,0.762925,Rainfall has stopped.
4970,82.85,0.762925,Rainfall has stopped.
4971,82.8667,0.762925,Rainfall has stopped.
4972,82.8833,0.762925,Rainfall has stopped.
4973,82.9,0.762925,Rainfall has stopped.
4974,82.9167,0.762925,Rainfall has stopped.
4975,82.9333,0.762926,Rainfall has stopped.
4976,82.95,0.762926,Rainfall has stopped.
4977,82.9667,0.762926,Rainfall has stopped.
4978,82.9833,0.762926,Rainfall has stopped.
4979,83,0.762926,Rainfall has stopped.
4980,83.0167,0.762926,Rainfall has stopped.
4981,83.0333,0.762926,Rainfall has stopped.
4982,83.05,0.762926,Rainfall has stopped.
4983,83.0667,0.762926,Rainfall has stopped.
4984,83.0833,0.762926,Rainfall has stopped.
4985,83.1,0.762926,Rainfall has stopped.
4986,83.1167,0.762926,Rainfall has stopped.
4987,83.1333,0.762926,Rainfall has stopped.
4988,83.15,0.762927,Rainfall has stopped.
4989,83.1667,0.762927,Rainfall has stopped.
4990,83.1833,0.762927,Rainfall has stopped.
4991,83.2,0.762927,Rainfall has stopped.
4992,83.2167,0.762927,Rainfall has stopped.
4993,83.2333,0.762927,Rainfall has stopped.
4994,83.25,0.762927,Rainfall has stopped.
4995,83.2667,0.762927,Rainfall has stopped.
4996,83.2833,0.762927,Rainfall has stopped.
4997,83.3,0.762928,Rainfall has stopped.
4998,83.3167,0.762928,Rainfall has stopped.
4999,83.3333,0.762928,Rainfall has stopped.
5000,83.35,0.762928,Rainfall has stopped.
5001,83.3667,0.762928,Rainfall has stopped.
5002,83.3833,0.762928,Rainfall has stopped.
5003,83.4,0.762928,Rainfall has stopped.
5004,83.4167,0.762928,Rainfall has stopped.
5005,83.4333,0.762928,Rainfall has stopped.
5006,83.45,0.762927,Rainfall has stopped.
5007,83.4667,0.762927,Rainfall has stopped.
5008,83.4833,0.762927,Rainfall has stopped.
5009,83.5,0.762927,Rainfall has stopped.
5010,83.5167,0.762927,Rainfall has stopped.
5011,83.5333,0.762927,Rainfall has stopped.
5012,83.55,0.762927,Rainfall has stopped.
5013,83.5667,0.762927,Rainfall has stopped.
5014,83.5833,0.762927,Rainfall has stopped.
5015,83.6,0.762927,Rainfall has stopped.
5016,83.6167,0.762927,Rainfall has stopped.
5017,83.6333,0.762927,Rainfall has stopped.
5018,83.65,0.762927,Rainfall has stopped.
5019,83.6667,0.762927,Rainfall has stopped.
5020,83.6833,0.762928,Rainfall has stopped.
5021,83.7,0.762928,Rainfall has stopped.
5022,83.7167,0.762928,Rainfall has stopped.
5023,83.7333,0.762928,Rainfall has stopped.
5024,83.75,0.762928,Rainfall has stopped.
5025,83.7667,0.762928,Rainfall has stopped.
5026,83.7833,0.762928,Rainfall has stopped.
5027,83.8,0.762928,Rainfall has stopped.
5028,83.8167,0.762928,Rainfall has stopped.
5029,83.8333,0.762928,Rainfall has stopped.
5030,83.85,0.762928,Rainfall has stopped.
5031,83.8667,0.762928,Rainfall has stopped.
5032,83.8833,0.762928,Rainfall has stopped.
5033,83.9,0.762928,Rainfall has stopped.
5034,83.9167,0.762928,Rainfall has stopped.
5035,83.9333,0.762928,Rainfall has stopped.
5036,83.95,0.762928,Rainfall has stopped.
5037,83.9667,0.762928,Rainfall has stopped.
5038,83.9833,0.762928,Rainfall has stopped.
5039,84,0.762929,Rainfall has stopped.
5040,84.0167,0.762929,Rainfall has stopped.
5041,84.0333,0.762929,Rainfall has stopped.
5042,84.05,0.762929,Rainfall has stopped.
5043,84.0667,0.762929,Rainfall has stopped.
5044,84.0833,0.76293,Rainfall has stopped.
5045,84.1,0.76293,Rainfall has stopped.
5046,84.1167,0.76293,Rainfall has stopped.
5047,84.1333,0.76293,Rainfall has stopped.
5048,84.15,0.76293,Rainfall has stopped.
5049,84.1667,0.76293,Rainfall has stopped.
5050,84.1833,0.76293,Rainfall has stopped.
5051,84.2,0.76293,Rainfall has stopped.
5052,84.2167,0.76293,Rainfall has stopped.
5053,84.2333,0.76293,Rainfall has stopped.
5054,84.25,0.76293,Rainfall has stopped.
5055,84.2667,0.76293,Rainfall has stopped.
5056,84.2833,0.76293,Rainfall has stopped.
5057,84.3,0.76293,Rainfall has stopped.
5058,84.3167,0.76293,Rainfall has stopped.
5059,84.3333,0.76293,Rainfall has stopped.
5060,84.35,0.76293,Rainfall has stopped.
5061,84.3667,0.76293,Rainfall has stopped.
5062,84.3833,0.76293,Rainfall has stopped.
5063,84.4,0.76293,Rainfall has stopped.
5064,84.4167,0.76293,Rainfall has stopped.
5065,84.4333,0.76293,Rainfall has stopped.
5066,84.45,0.76293,Rainfall has stopped.
5067,84.4667,0.76293,Rainfall has stopped.
5068,84.4833,0.76293,Rainfall has stopped.
5069,84.5,0.76293,Rainfall has stopped.
5070,84.5167,0.76293,Rainfall has stopped.
5071,84.5333,0.762931,Rainfall has stopped.
5072,84.55,0.76293,Rainfall has stopped.
5073,84.5667,0.76293,Rainfall has stopped.
5074,84.5833,0.76293,Rainfall has stopped.
5075,84.6,0.76293,Rainfall has stopped.
5076,84.6167,0.76293,Rainfall has stopped.
5077,84.6333,0.76293,Rainfall has stopped.
5078,84.65,0.76293,Rainfall has stopped.
5079,84.6667,0.76293,Rainfall has stopped.
5080,84.6833,0.76293,Rainfall has stopped.
5081,84.7,0.76293,Rainfall has stopped.
5082,84.7167,0.76293,Rainfall has stopped.
5083,84.7333,0.76293,Rainfall has stopped.
5084,84.75,0.76293,Rainfall has stopped.
5085,84.7667,0.76293,Rainfall has stopped.
5086,84.7833,0.76293,Rainfall has stopped.
5087,84.8,0.76293,Rainfall has stopped.
5088,84.8167,0.76293,Rainfall has stopped.
5089,84.8333,0.762931,Rainfall has stopped.
5090,84.85,0.762931,Rainfall has stopped.
5091,84.8667,0.762931,Rainfall has stopped.
5092,84.8833,0.762931,Rainfall has stopped.
5093,84.9,0.762931,Rainfall has stopped.
5094,84.9167,0.762931,Rainfall has stopped.
5095,84.9333,0.762931,Rainfall has stopped.
5096,84.95,0.762932,Rainfall has stopped.
5097,84.9667,0.762932,Rainfall has stopped.
5098,84.9833,0.762932,Rainfall has stopped.
5099,85,0.762932,Rainfall has stopped.
5100,85.0167,0.762932,Rainfall has stopped.
5101,85.0333,0.762932,Rainfall has stopped.
5102,85.05,0.762932,Rainfall has stopped.
5103,85.0667,0.762932,Rainfall has stopped.
5104,85.0833,0.762932,Rainfall has stopped.
5105,85.1,0.762932,Rainfall has stopped.
5106,85.1167,0.762932,Rainfall has stopped.
5107,85.1333,0.762932,Rainfall has stopped.
5108,85.15,0.762932,Rainfall has stopped.
5109,85.1667,0.762932,Rainfall has stopped.
5110,85.1833,0.762932,Rainfall has stopped.
5111,85.2,0.762932,Rainfall has stopped.
5112,85.2167,0.762932,Rainfall has stopped.
5113,85.2333,0.762932,Rainfall has stopped.
5114,85.25,0.762933,Rainfall has stopped.
5115,85.2667,0.762933,Rainfall has stopped.
5116,85.2833,0.762933,Rainfall has stopped.
5117,85.3,0.762933,Rainfall has stopped.
5118,85.3167,0.762933,Rainfall has stopped.
5119,85.3333,0.762933,Rainfall has stopped.
5120,85.35,0.762933,Rainfall has stopped.
5121,85.3667,0.762933,Rainfall has stopped.
5122,85.3833,0.762933,Rainfall has stopped.
5123,85.4,0.762934,Rainfall has stopped.
5124,85.4167,0.762934,Rainfall has stopped.
5125,85.4333,0.762934,Rainfall has stopped.
5126,85.45,0.762934,Rainfall has stopped.
5127,85.4667,0.762934,Rainfall has stopped.
5128,85.4833,0.762933,Rainfall has stopped.
5129,85.5,0.762933,Rainfall has stopped.
5130,85.5167,0.762933,Rainfall has stopped.
5131,85.5333,0.762933,Rainfall has stopped.
5132,85.55,0.762933,Rainfall has stopped.
5133,85.5667,0.762933,Rainfall has stopped.
5134,85.5833,0.762933,Rainfall has stopped.
5135,85.6,0.762933,Rainfall has stopped.
5136,85.6167,0.762933,Rainfall has stopped.
5137,85.6333,0.762933,Rainfall has stopped.
5138,85.65,0.762933,Rainfall has stopped.
5139,85.6667,0.762933,Rainfall has stopped.
5140,85.6833,0.762933,Rainfall has stopped.
5141,85.7,0.762933,Rainfall has stopped.
5142,85.7167,0.762933,Rainfall has stopped.
5143,85.7333,0.762933,Rainfall has stopped.
5144,85.75,0.762933,Rainfall has stopped.
5145,85.7667,0.762933,Rainfall has stopped.
5146,85.7833,0.762933,Rainfall has stopped.
5147,85.8,0.762933,Rainfall has stopped.
5148,85.8167,0.762933,Rainfall has stopped.
5149,85.8333,0.762933,Rainfall has stopped.
5150,85.85,0.762933,Rainfall has stopped.
5151,85.8667,0.762933,Rainfall has stopped.
5152,85.8833,0.762933,Rainfall has stopped.
5153,85.9,0.762934,Rainfall has stopped.
5154,85.9167,0.762934,Rainfall has stopped.
5155,85.9333,0.762933,Rainfall has stopped.
5156,85.95,0.762933,Rainfall has stopped.
5157,85.9667,0.762933,Rainfall has stopped.
5158,85.9833,0.762933,Rainfall has stopped.
5159,86,0.762933,Rainfall has stopped.
5160,86.0167,0.762933,Rainfall has stopped.
5161,86.0333,0.762933,Rainfall has stopped.
5162,86.05,0.762933,Rainfall has stopped.
5163,86.0667,0.762933,Rainfall has stopped.
5164,86.0833,0.762933,Rainfall has stopped.
5165,86.1,0.762934,Rainfall has stopped.
5166,86.1167,0.762934,Rainfall has stopped.
5167,86.1333,0.762934,Rainfall has stopped.
5168,86.15,0.762934,Rainfall has stopped.
5169,86.1667,0.762934,Rainfall has stopped.
5170,86.1833,0.762934,Rainfall has stopped.
5171,86.2,0.762934,Rainfall has stopped.
5172,86.2167,0.762934,Rainfall has stopped.
5173,86.2333,0.762934,Rainfall has stopped.
5174,86.25,0.762935,Rainfall has stopped.
5175,86.2667,0.762935,Rainfall has stopped.
5176,86.2833,0.762935,Rainfall has stopped.
5177,86.3,0.762935,Rainfall has stopped.
5178,86.3167,0.762935,Rainfall has stopped.
5179,86.3333,0.762935,Rainfall has stopped.
5180,86.35,0.762935,Rainfall has stopped.
5181,86.3667,0.762936,Rainfall has stopped.
5182,86.3833,0.762936,Rainfall has stopped.
5183,86.4,0.762936,Rainfall has stopped.
5184,86.4167,0.762936,Rainfall has stopped.
5185,86.4333,0.762936,Rainfall has stopped.
5186,86.45,0.762936,Rainfall has stopped.
5187,86.4667,0.762936,Rainfall has stopped.
5188,86.4833,0.762936,Rainfall has stopped.
5189,86.5,0.762936,Rainfall has stopped.
5190,86.5167,0.762936,Rainfall has stopped.
5191,86.5333,0.762936,Rainfall has stopped.
5192,86.55,0.762936,Rainfall has stopped.
5193,86.5667,0.762936,Rainfall has stopped.
5194,86.5833,0.762936,Rainfall has stopped.
5195,86.6,0.762936,Rainfall has stopped.
5196,86.6167,0.762936,Rainfall has stopped.
5197,86.6333,0.762936,Rainfall has stopped.
5198,86.65,0.762936,Rainfall has stopped.
5199,86.6667,0.762936,Rainfall has stopped.
5200,86.6833,0.762936,Rainfall has stopped.
5201,86.7,0.762936,Rainfall has stopped.
5202,86.7167,0.762936,Rainfall has stopped.
5203,86.7333,0.762936,Rainfall has stopped.
5204,86.75,0.762936,Rainfall has stopped.
5205,86.7667,0.762936,Rainfall has stopped.
5206,86.7833,0.762936,Rainfall has stopped.
5207,86.8,0.762936,Rainfall has stopped.
5208,86.8167,0.762936,Rainfall has stopped.
5209,86.8333,0.762936,Rainfall has stopped.
5210,86.85,0.762936,Rainfall has stopped.
5211,86.8667,0.762936,Rainfall has stopped.
5212,86.8833,0.762936,Rainfall has stopped.
5213,86.9,0.762936,Rainfall has stopped.
5214,86.9167,0.762936,Rainfall has stopped.
5215,86.9333,0.762936,Rainfall has stopped.
5216,86.95,0.762936,Rainfall has stopped.
5217,86.9667,0.762935,Rainfall has stopped.
5218,86.9833,0.762935,Rainfall has stopped.
5219,87,0.762935,Rainfall has stopped.
5220,87.0167,0.762935,Rainfall has stopped.
5221,87.0333,0.762935,Rainfall has stopped.
5222,87.05,0.762935,Rainfall has stopped.
5223,87.0667,0.762935,Rainfall has stopped.
5224,87.0833,0.762935,Rainfall has stopped.
5225,87.1,0.762935,Rainfall has stopped.
5226,87.1167,0.762935,Rainfall has stopped.
5227,87.1333,0.762935,Rainfall has stopped.
5228,87.15,0.762935,Rainfall has stopped.
5229,87.1667,0.762935,Rainfall has stopped.
5230,87.1833,0.762935,Rainfall has stopped.
5231,87.2,0.762935,Rainfall has stopped.
5232,87.2167,0.762936,Rainfall has stopped.
5233,87.2333,0.762936,Rainfall has stopped.
5234,87.25,0.762936,Rainfall has stopped.
5235,87.2667,0.762936,Rainfall has stopped.
5236,87.2833,0.762936,Rainfall has stopped.
5237,87.3,0.762936,Rainfall has stopped.
5238,87.3167,0.762937,Rainfall has stopped.
5239,87.3333,0.762937,Rainfall has stopped.
5240,87.35,0.762937,Rainfall has stopped.
5241,87.3667,0.762937,Rainfall has stopped.
5242,87.3833,0.762937,Rainfall has stopped.
5243,87.4,0.762937,Rainfall has stopped.
5244,87.4167,0.762937,Rainfall has stopped.
5245,87.4333,0.762937,Rainfall has stopped.
5246,87.45,0.762937,Rainfall has stopped.
5247,87.4667,0.762937,Rainfall has stopped.
5248,87.4833,0.762938,Rainfall has stopped.
5249,87.5,0.762938,Rainfall has stopped.
5250,87.5167,0.762938,Rainfall has stopped.
5251,87.5333,0.762937,Rainfall has stopped.
5252,87.55,0.762937,Rainfall has stopped.
5253,87.5667,0.762937,Rainfall has stopped.
5254,87.5833,0.762937,Rainfall has stopped.
5255,87.6,0.762937,Rainfall has stopped.
5256,87.6167,0.762937,Rainfall has stopped.
5257,87.6333,0.762937,Rainfall has stopped.
5258,87.65,0.762937,Rainfall has stopped.
5259,87.6667,0.762937,Rainfall has stopped.
5260,87.6833,0.762937,Rainfall has stopped.
5261,87.7,0.762937,Rainfall has stopped.
5262,87.7167,0.762937,Rainfall has stopped.
5263,87.7333,0.762937,Rainfall has stopped.
5264,87.75,0.762937,Rainfall has stopped.
5265,87.7667,0.762937,Rainfall has stopped.
5266,87.7833,0.762938,Rainfall has stopped.
5267,87.8,0.762938,Rainfall has stopped.
5268,87.8167,0.762938,Rainfall has stopped.
5269,87.8333,0.762938,Rainfall has stopped.
5270,87.85,0.762938,Rainfall has stopped.
5271,87.8667,0.762938,Rainfall has stopped.
5272,87.8833,0.762938,Rainfall has stopped.
5273,87.9,0.762938,Rainfall has stopped.
5274,87.9167,0.762938,Rainfall has stopped.
5275,87.9333,0.762938,Rainfall has stopped.
5276,87.95,0.762939,Rainfall has stopped.
5277,87.9667,0.762939,Rainfall has stopped.
5278,87.9833,0.762939,Rainfall has stopped.
5279,88,0.762939,Rainfall has stopped.
5280,88.0167,0.762939,Rainfall has stopped.
5281,88.0333,0.762939,Rainfall has stopped.
5282,88.05,0.762939,Rainfall has stopped.
5283,88.0667,0.76294,Rainfall has stopped.
5284,88.0833,0.76294,Rainfall has stopped.
5285,88.1,0.762939,Rainfall has stopped.
5286,88.1167,0.762939,Rainfall has stopped.
5287,88.1333,0.762939,Rainfall has stopped.
5288,88.15,0.762939,Rainfall has stopped.
5289,88.1667,0.762939,Rainfall has stopped.
5290,88.1833,0.762938,Rainfall has stopped.
5291,88.2,0.762938,Rainfall has stopped.
5292,88.2167,0.762938,Rainfall has stopped.
5293,88.2333,0.762938,Rainfall has stopped.
5294,88.25,0.762938,Rainfall has stopped.
5295,88.2667,0.762938,Rainfall has stopped.
5296,88.2833,0.762938,Rainfall has stopped.
5297,88.3,0.762938,Rainfall has stopped.
5298,88.3167,0.762937,Rainfall has stopped.
5299,88.3333,0.762937,Rainfall has stopped.
5300,88.35,0.762937,Rainfall has stopped.
5301,88.3667,0.762937,Rainfall has stopped.
5302,88.3833,0.762937,Rainfall has stopped.
5303,88.4,0.762937,Rainfall has stopped.
5304,88.4167,0.762937,Rainfall has stopped.
5305,88.4333,0.762937,Rainfall has stopped.
5306,88.45,0.762937,Rainfall has stopped.
5307,88.4667,0.762937,Rainfall has stopped.
5308,88.4833,0.762938,Rainfall has stopped.
5309,88.5,0.762938,Rainfall has stopped.
5310,88.5167,0.762938,Rainfall has stopped.
5311,88.5333,0.762938,Rainfall has stopped.
5312,88.55,0.762938,Rainfall has stopped.
5313,88.5667,0.762938,Rainfall has stopped.
5314,88.5833,0.762938,Rainfall has stopped.
5315,88.6,0.762939,Rainfall has stopped.
5316,88.6167,0.762939,Rainfall has stopped.
5317,88.6333,0.762939,Rainfall has stopped.
5318,88.65,0.762939,Rainfall has stopped.
5319,88.6667,0.762939,Rainfall has stopped.
5320,88.6833,0.762939,Rainfall has stopped.
5321,88.7,0.762939,Rainfall has stopped.
5322,88.7167,0.762939,Rainfall has stopped.
5323,88.7333,0.762939,Rainfall has stopped.
5324,88.75,0.762939,Rainfall has stopped.
5325,88.7667,0.762939,Rainfall has stopped.
5326,88.7833,0.762939,Rainfall has stopped.
5327,88.8,0.762939,Rainfall has stopped.
5328,88.8167,0.762939,Rainfall has stopped.
5329,88.8333,0.762939,Rainfall has stopped.
5330,88.85,0.762939,Rainfall has stopped.
5331,88.8667,0.762939,Rainfall has stopped.
5332,88.8833,0.762939,Rainfall has stopped.
5333,88.9,0.762939,Rainfall has stopped.
5334,88.9167,0.762939,Rainfall has stopped.
5335,88.9333,0.762939,Rainfall has stopped.
5336,88.95,0.762939,Rainfall has stopped.
5337,88.9667,0.762939,Rainfall has stopped.
5338,88.9833,0.76294,Rainfall has stopped.
5339,89,0.76294,Rainfall has stopped.
5340,89.0167,0.76294,Rainfall has stopped.
5341,89.0333,0.76294,Rainfall has stopped.
5342,89.05,0.76294,Rainfall has stopped.
5343,89.0667,0.76294,Rainfall has stopped.
5344,89.0833,0.76294,Rainfall has stopped.
5345,89.1,0.76294,Rainfall has stopped.
5346,89.1167,0.76294,Rainfall has stopped.
5347,89.1333,0.76294,Rainfall has stopped.
5348,89.15,0.76294,Rainfall has stopped.
5349,89.1667,0.76294,Rainfall has stopped.
5350,89.1833,0.76294,Rainfall has stopped.
5351,89.2,0.76294,Rainfall has stopped.
5352,89.2167,0.76294,Rainfall has stopped.
5353,89.2333,0.76294,Rainfall has stopped.
5354,89.25,0.762941,Rainfall has stopped.
5355,89.2667,0.762941,Rainfall has stopped.
5356,89.2833,0.762941,Rainfall has stopped.
5357,89.3,0.762941,Rainfall has stopped.
5358,89.3167,0.762941,Rainfall has stopped.
5359,89.3333,0.762941,Rainfall has stopped.
5360,89.35,0.762942,Rainfall has stopped.
5361,89.3667,0.762942,Rainfall has stopped.
5362,89.3833,0.762942,Rainfall has stopped.
5363,89.4,0.762942,Rainfall has stopped.
5364,89.4167,0.762942,Rainfall has stopped.
5365,89.4333,0.762942,Rainfall has stopped.
5366,89.45,0.762942,Rainfall has stopped.
5367,89.4667,0.762942,Rainfall has stopped.
5368,89.4833,0.762941,Rainfall has stopped.
5369,89.5,0.762941,Rainfall has stopped.
5370,89.5167,0.762941,Rainfall has stopped.
5371,89.5333,0.762941,Rainfall has stopped.
5372,89.55,0.762941,Rainfall has stopped.
5373,89.5667,0.762941,Rainfall has stopped.
5374,89.5833,0.762941,Rainfall has stopped.
5375,89.6,0.762941,Rainfall has stopped.
5376,89.6167,0.762941,Rainfall has stopped.
5377,89.6333,0.762941,Rainfall has stopped.
5378,89.65,0.762941,Rainfall has stopped.
5379,89.6667,0.762941,Rainfall has stopped.
5380,89.6833,0.762942,Rainfall has stopped.
5381,89.7,0.762942,Rainfall has stopped.
5382,89.7167,0.762942,Rainfall has stopped.
5383,89.7333,0.762942,Rainfall has stopped.
5384,89.75,0.762942,Rainfall has stopped.
5385,89.7667,0.762942,Rainfall has stopped.
5386,89.7833,0.762942,Rainfall has stopped.
5387,89.8,0.762942,Rainfall has stopped.
5388,89.8167,0.762942,Rainfall has stopped.
5389,89.8333,0.762942,Rainfall has stopped.
5390,89.85,0.762941,Rainfall has stopped.
5391,89.8667,0.762941,Rainfall has stopped.
5392,89.8833,0.762941,Rainfall has stopped.
5393,89.9,0.762941,Rainfall has stopped.
5394,89.9167,0.762941,Rainfall has stopped.
5395,89.9333,0.762941,Rainfall has stopped.
5396,89.95,0.762941,Rainfall has stopped.
5397,89.9667,0.762941,Rainfall has stopped.
5398,89.9833,0.762941,Rainfall has stopped.
5399,90,0.762941,Rainfall has stopped.
5400,90.0167,0.762941,Rainfall has stopped.
5401,90.0333,0.762941,Rainfall has stopped.
5402,90.05,0.762941,Rainfall has stopped.
5403,90.0667,0.762941,Rainfall has stopped.
5404,90.0833,0.762941,Rainfall has stopped.
5405,90.1,0.762941,Rainfall has stopped.
5406,90.1167,0.762941,Rainfall has stopped.
5407,90.1333,0.762941,Rainfall has stopped.
5408,90.15,0.762941,Rainfall has stopped.
5409,90.1667,0.762941,Rainfall has stopped.
5410,90.1833,0.762941,Rainfall has stopped.
5411,90.2,0.762941,Rainfall has stopped.
5412,90.2167,0.762941,Rainfall has stopped.
5413,90.2333,0.762941,Rainfall has stopped.
5414,90.25,0.762941,Rainfall has stopped.
5415,90.2667,0.762941,Rainfall has stopped.
5416,90.2833,0.762941,Rainfall has stopped.
5417,90.3,0.762941,Rainfall has stopped.
5418,90.3167,0.762941,Rainfall has stopped.
5419,90.3333,0.762941,Rainfall has stopped.
5420,90.35,0.76294,Rainfall has stopped.
5421,90.3667,0.76294,Rainfall has stopped.
5422,90.3833,0.76294,Rainfall has stopped.
5423,90.4,0.76294,Rainfall has stopped.
5424,90.4167,0.76294,Rainfall has stopped.
5425,90.4333,0.76294,Rainfall has stopped.
5426,90.45,0.762941,Rainfall has stopped.
5427,90.4667,0.762941,Rainfall has stopped.
5428,90.4833,0.762941,Rainfall has stopped.
5429,90.5,0.762941,Rainfall has stopped.
5430,90.5167,0.762941,Rainfall has stopped.
5431,90.5333,0.762941,Rainfall has stopped.
5432,90.55,0.762941,Rainfall has stopped.
5433,90.5667,0.762941,Rainfall has stopped.
5434,90.5833,0.762941,Rainfall has stopped.
5435,90.6,0.762941,Rainfall has stopped.
5436,90.6167,0.762941,Rainfall has stopped.
5437,90.6333,0.762942,Rainfall has stopped.
5438,90.65,0.762942,Rainfall has stopped.
5439,90.6667,0.762942,Rainfall has stopped.
5440,90.6833,0.762942,Rainfall has stopped.
5441,90.7,0.762942,Rainfall has stopped.
5442,90.7167,0.762942,Rainfall has stopped.
5443,90.7333,0.762942,Rainfall has stopped.
5444,90.75,0.762943,Rainfall has stopped.
5445,90.7667,0.762943,Rainfall has stopped.
5446,90.7833,0.762943,Rainfall has stopped.
5447,90.8,0.762943,Rainfall has stopped.
5448,90.8167,0.762943,Rainfall has stopped.
5449,90.8333,0.762943,Rainfall has stopped.
5450,90.85,0.762943,Rainfall has stopped.
5451,90.8667,0.762943,Rainfall has stopped.
5452,90.8833,0.762943,Rainfall has stopped.
5453,90.9,0.762943,Rainfall has stopped.
5454,90.9167,0.762944,Rainfall has stopped.
5455,90.9333,0.762944,Rainfall has stopped.
5456,90.95,0.762944,Rainfall has stopped.
5457,90.9667,0.762944,Rainfall has stopped.
5458,90.9833,0.762943,Rainfall has stopped.
5459,91,0.762943,Rainfall has stopped.
5460,91.0167,0.762943,Rainfall has stopped.
5461,91.0333,0.762943,Rainfall has stopped.
5462,91.05,0.762943,Rainfall has stopped.
5463,91.0667,0.762943,Rainfall has stopped.
5464,91.0833,0.762943,Rainfall has stopped.
5465,91.1,0.762943,Rainfall has stopped.
5466,91.1167,0.762943,Rainfall has stopped.
5467,91.1333,0.762943,Rainfall has stopped.
5468,91.15,0.762943,Rainfall has stopped.
5469,91.1667,0.762943,Rainfall has stopped.
5470,91.1833,0.762943,Rainfall has stopped.
5471,91.2,0.762943,Rainfall has stopped.
5472,91.2167,0.762943,Rainfall has stopped.
5473,91.2333,0.762943,Rainfall has stopped.
5474,91.25,0.762943,Rainfall has stopped.
5475,91.2667,0.762943,Rainfall has stopped.
5476,91.2833,0.762944,Rainfall has stopped.
5477,91.3,0.762944,Rainfall has stopped.
5478,91.3167,0.762944,Rainfall has stopped.
5479,91.3333,0.762944,Rainfall has stopped.
5480,91.35,0.762944,Rainfall has stopped.
5481,91.3667,0.762944,Rainfall has stopped.
5482,91.3833,0.762944,Rainfall has stopped.
5483,91.4,0.762944,Rainfall has stopped.
5484,91.4167,0.762944,Rainfall has stopped.
5485,91.4333,0.762944,Rainfall has stopped.
5486,91.45,0.762944,Rainfall has stopped.
5487,91.4667,0.762944,Rainfall has stopped.
5488,91.4833,0.762944,Rainfall has stopped.
5489,91.5,0.762944,Rainfall has stopped.
5490,91.5167,0.762944,Rainfall has stopped.
5491,91.5333,0.762944,Rainfall has stopped.
5492,91.55,0.762944,Rainfall has stopped.
5493,91.5667,0.762944,Rainfall has stopped.
5494,91.5833,0.762944,Rainfall has stopped.
5495,91.6,0.762945,Rainfall has stopped.
5496,91.6167,0.762945,Rainfall has stopped.
5497,91.6333,0.762945,Rainfall has stopped.
5498,91.65,0.762945,Rainfall has stopped.
5499,91.6667,0.762945,Rainfall has stopped.
5500,91.6833,0.762945,Rainfall has stopped.
5501,91.7,0.762945,Rainfall has stopped.
5502,91.7167,0.762945,Rainfall has stopped.
5503,91.7333,0.762945,Rainfall has stopped.
5504,91.75,0.762945,Rainfall has stopped.
5505,91.7667,0.762945,Rainfall has stopped.
5506,91.7833,0.762945,Rainfall has stopped.
5507,91.8,0.762946,Rainfall has stopped.
5508,91.8167,0.762946,Rainfall has stopped.
5509,91.8333,0.762945,Rainfall has stopped.
5510,91.85,0.762945,Rainfall has stopped.
5511,91.8667,0.762945,Rainfall has stopped.
5512,91.8833,0.762945,Rainfall has stopped.
5513,91.9,0.762945,Rainfall has stopped.
5514,91.9167,0.762945,Rainfall has stopped.
5515,91.9333,0.762944,Rainfall has stopped.
5516,91.95,0.762944,Rainfall has stopped.
5517,91.9667,0.762944,Rainfall has stopped.
5518,91.9833,0.762943,Rainfall has stopped.
5519,92,0.762943,Rainfall has stopped.
5520,92.0167,0.762943,Rainfall has stopped.
5521,92.0333,0.762943,Rainfall has stopped.
5522,92.05,0.762943,Rainfall has stopped.
5523,92.0667,0.762943,Rainfall has stopped.
5524,92.0833,0.762943,Rainfall has stopped.
5525,92.1,0.762943,Rainfall has stopped.
5526,92.1167,0.762943,Rainfall has stopped.
5527,92.1333,0.762943,Rainfall has stopped.
5528,92.15,0.762943,Rainfall has stopped.
5529,92.1667,0.762943,Rainfall has stopped.
5530,92.1833,0.762943,Rainfall has stopped.
5531,92.2,0.762943,Rainfall has stopped.
5532,92.2167,0.762943,Rainfall has stopped.
5533,92.2333,0.762943,Rainfall has stopped.
5534,92.25,0.762943,Rainfall has stopped.
5535,92.2667,0.762943,Rainfall has stopped.
5536,92.2833,0.762943,Rainfall has stopped.
5537,92.3,0.762943,Rainfall has stopped.
5538,92.3167,0.762943,Rainfall has stopped.
5539,92.3333,0.762943,Rainfall has stopped.
5540,92.35,0.762943,Rainfall has stopped.
5541,92.3667,0.762943,Rainfall has stopped.
5542,92.3833,0.762943,Rainfall has stopped.
5543,92.4,0.762943,Rainfall has stopped.
5544,92.4167,0.762944,Rainfall has stopped.
5545,92.4333,0.762944,Rainfall has stopped.
5546,92.45,0.762944,Rainfall has stopped.
5547,92.4667,0.762944,Rainfall has stopped.
5548,92.4833,0.762944,Rainfall has stopped.
5549,92.5,0.762944,Rainfall has stopped.
5550,92.5167,0.762944,Rainfall has stopped.
5551,92.5333,0.762944,Rainfall has stopped.
5552,92.55,0.762944,Rainfall has stopped.
5553,92.5667,0.762944,Rainfall has stopped.
5554,92.5833,0.762944,Rainfall has stopped.
5555,92.6,0.762944,Rainfall has stopped.
5556,92.6167,0.762944,Rainfall has stopped.
5557,92.6333,0.762945,Rainfall has stopped.
5558,92.65,0.762945,Rainfall has stopped.
5559,92.6667,0.762945,Rainfall has stopped.
5560,92.6833,0.762945,Rainfall has stopped.
5561,92.7,0.762945,Rainfall has stopped.
5562,92.7167,0.762945,Rainfall has stopped.
5563,92.7333,0.762945,Rainfall has stopped.
5564,92.75,0.762945,Rainfall has stopped.
5565,92.7667,0.762945,Rainfall has stopped.
5566,92.7833,0.762945,Rainfall has stopped.
5567,92.8,0.762945,Rainfall has stopped.
5568,92.8167,0.762944,Rainfall has stopped.
5569,92.8333,0.762944,Rainfall has stopped.
5570,92.85,0.762944,Rainfall has stopped.
5571,92.8667,0.762944,Rainfall has stopped.
5572,92.8833,0.762944,Rainfall has stopped.
5573,92.9,0.762944,Rainfall has stopped.
5574,92.9167,0.762944,Rainfall has stopped.
5575,92.9333,0.762944,Rainfall has stopped.
5576,92.95,0.762944,Rainfall has stopped.
5577,92.9667,0.762944,Rainfall has stopped.
5578,92.9833,0.762944,Rainfall has stopped.
5579,93,0.762944,Rainfall has stopped.
5580,93.0167,0.762944,Rainfall has stopped.
5581,93.0333,0.762944,Rainfall has stopped.
5582,93.05,0.762944,Rainfall has stopped.
5583,93.0667,0.762944,Rainfall has stopped.
5584,93.0833,0.762944,Rainfall has stopped.
5585,93.1,0.762944,Rainfall has stopped.
5586,93.1167,0.762944,Rainfall has stopped.
5587,93.1333,0.762944,Rainfall has stopped.
5588,93.15,0.762944,Rainfall has stopped.
5589,93.1667,0.762944,Rainfall has stopped.
5590,93.1833,0.762944,Rainfall has stopped.
5591,93.2,0.762944,Rainfall has stopped.
5592,93.2167,0.762944,Rainfall has stopped.
5593,93.2333,0.762945,Rainfall has stopped.
5594,93.25,0.762945,Rainfall has stopped.
5595,93.2667,0.762945,Rainfall has stopped.
5596,93.2833,0.762945,Rainfall has stopped.
5597,93.3,0.762945,Rainfall has stopped.
5598,93.3167,0.762945,Rainfall has stopped.
5599,93.3333,0.762945,Rainfall has stopped.
5600,93.35,0.762945,Rainfall has stopped.
5601,93.3667,0.762946,Rainfall has stopped.
5602,93.3833,0.762946,Rainfall has stopped.
5603,93.4,0.762946,Rainfall has stopped.
5604,93.4167,0.762946,Rainfall has stopped.
5605,93.4333,0.762946,Rainfall has stopped.
5606,93.45,0.762946,Rainfall has stopped.
5607,93.4667,0.762946,Rainfall has stopped.
5608,93.4833,0.762946,Rainfall has stopped.
5609,93.5,0.762946,Rainfall has stopped.
5610,93.5167,0.762946,Rainfall has stopped.
5611,93.5333,0.762946,Rainfall has stopped.
5612,93.55,0.762946,Rainfall has stopped.
5613,93.5667,0.762946,Rainfall has stopped.
5614,93.5833,0.762946,Rainfall has stopped.
5615,93.6,0.762947,Rainfall has stopped.
5616,93.6167,0.762947,Rainfall has stopped.
5617,93.6333,0.762947,Rainfall has stopped.
5618,93.65,0.762947,Rainfall has stopped.
5619,93.6667,0.762947,Rainfall has stopped.
5620,93.6833,0.762947,Rainfall has stopped.
5621,93.7,0.762947,Rainfall has stopped.
5622,93.7167,0.762947,Rainfall has stopped.
5623,93.7333,0.762947,Rainfall has stopped.
5624,93.75,0.762947,Rainfall has stopped.
5625,93.7667,0.762947,Rainfall has stopped.
5626,93.7833,0.762947,Rainfall has stopped.
5627,93.8,0.762947,Rainfall has stopped.
5628,93.8167,0.762947,Rainfall has stopped.
5629,93.8333,0.762947,Rainfall has stopped.
5630,93.85,0.762947,Rainfall has stopped.
5631,93.8667,0.762947,Rainfall has stopped.
5632,93.8833,0.762947,Rainfall has stopped.
5633,93.9,0.762946,Rainfall has stopped.
5634,93.9167,0.762946,Rainfall has stopped.
5635,93.9333,0.762946,Rainfall has stopped.
5636,93.95,0.762946,Rainfall has stopped.
5637,93.9667,0.762946,Rainfall has stopped.
5638,93.9833,0.762946,Rainfall has stopped.
5639,94,0.762946,Rainfall has stopped.
5640,94.0167,0.762946,Rainfall has stopped.
5641,94.0333,0.762946,Rainfall has stopped.
5642,94.05,0.762946,Rainfall has stopped.
5643,94.0667,0.762946,Rainfall has stopped.
5644,94.0833,0.762946,Rainfall has stopped.
5645,94.1,0.762946,Rainfall has stopped.
5646,94.1167,0.762946,Rainfall has stopped.
5647,94.1333,0.762946,Rainfall has stopped.
5648,94.15,0.762947,Rainfall has stopped.
5649,94.1667,0.762947,Rainfall has stopped.
5650,94.1833,0.762947,Rainfall has stopped.
5651,94.2,0.762947,Rainfall has stopped.
5652,94.2167,0.762947,Rainfall has stopped.
5653,94.2333,0.762947,Rainfall has stopped.
5654,94.25,0.762947,Rainfall has stopped.
5655,94.2667,0.762947,Rainfall has stopped.
5656,94.2833,0.762947,Rainfall has stopped.
5657,94.3,0.762947,Rainfall has stopped.
5658,94.3167,0.762947,Rainfall has stopped.
5659,94.3333,0.762947,Rainfall has stopped.
5660,94.35,0.762947,Rainfall has stopped.
5661,94.3667,0.762947,Rainfall has stopped.
5662,94.3833,0.762948,Rainfall has stopped.
5663,94.4,0.762948,Rainfall has stopped.
5664,94.4167,0.762948,Rainfall has stopped.
5665,94.4333,0.762948,Rainfall has stopped.
5666,94.45,0.762948,Rainfall has stopped.
5667,94.4667,0.762948,Rainfall has stopped.
5668,94.4833,0.762948,Rainfall has stopped.
5669,94.5,0.762948,Rainfall has stopped.
5670,94.5167,0.762948,Rainfall has stopped.
5671,94.5333,0.762948,Rainfall has stopped.
5672,94.55,0.762948,Rainfall has stopped.
5673,94.5667,0.762948,Rainfall has stopped.
5674,94.5833,0.762948,Rainfall has stopped.
5675,94.6,0.762947,Rainfall has stopped.
5676,94.6167,0.762947,Rainfall has stopped.
5677,94.6333,0.762947,Rainfall has stopped.
5678,94.65,0.762947,Rainfall has stopped.
5679,94.6667,0.762947,Rainfall has stopped.
5680,94.6833,0.762947,Rainfall has stopped.
5681,94.7,0.762947,Rainfall has stopped.
5682,94.7167,0.762947,Rainfall has stopped.
5683,94.7333,0.762947,Rainfall has stopped.
5684,94.75,0.762947,Rainfall has stopped.
5685,94.7667,0.762947,Rainfall has stopped.
5686,94.7833,0.762947,Rainfall has stopped.
5687,94.8,0.762947,Rainfall has stopped.
5688,94.8167,0.762947,Rainfall has stopped.
5689,94.8333,0.762947,Rainfall has stopped.
5690,94.85,0.762947,Rainfall has stopped.
5691,94.8667,0.762947,Rainfall has stopped.
5692,94.8833,0.762947,Rainfall has stopped.
5693,94.9,0.762947,Rainfall has stopped.
5694,94.9167,0.762947,Rainfall has stopped.
5695,94.9333,0.762947,Rainfall has stopped.
5696,94.95,0.762946,Rainfall has stopped.
5697,94.9667,0.762946,Rainfall has stopped.
5698,94.9833,0.762946,Rainfall has stopped.
5699,95,0.762946,Rainfall has stopped.
5700,95.0167,0.762946,Rainfall has stopped.
5701,95.0333,0.762946,Rainfall has stopped.
5702,95.05,0.762946,Rainfall has stopped.
5703,95.0667,0.762946,Rainfall has stopped.
5704,95.0833,0.762946,Rainfall has stopped.
5705,95.1,0.762946,Rainfall has stopped.
5706,95.1167,0.762946,Rainfall has stopped.
5707,95.1333,0.762946,Rainfall has stopped.
5708,95.15,0.762946,Rainfall has stopped.
5709,95.1667,0.762946,Rainfall has stopped.
5710,95.1833,0.762946,Rainfall has stopped.
5711,95.2,0.762946,Rainfall has stopped.
5712,95.2167,0.762946,Rainfall has stopped.
5713,95.2333,0.762946,Rainfall has stopped.
5714,95.25,0.762946,Rainfall has stopped.
5715,95.2667,0.762946,Rainfall has stopped.
5716,95.2833,0.762946,Rainfall has stopped.
5717,95.3,0.762946,Rainfall has stopped.
5718,95.3167,0.762946,Rainfall has stopped.
5719,95.3333,0.762946,Rainfall has stopped.
5720,95.35,0.762947,Rainfall has stopped.
5721,95.3667,0.762947,Rainfall has stopped.
5722,95.3833,0.762947,Rainfall has stopped.
5723,95.4,0.762947,Rainfall has stopped.
5724,95.4167,0.762947,Rainfall has stopped.
5725,95.4333,0.762947,Rainfall has stopped.
5726,95.45,0.762947,Rainfall has stopped.
5727,95.4667,0.762947,Rainfall has stopped.
5728,95.4833,0.762947,Rainfall has stopped.
5729,95.5,0.762947,Rainfall has stopped.
5730,95.5167,0.762947,Rainfall has stopped.
5731,95.5333,0.762947,Rainfall has stopped.
5732,95.55,0.762947,Rainfall has stopped.
5733,95.5667,0.762947,Rainfall has stopped.
5734,95.5833,0.762947,Rainfall has stopped.
5735,95.6,0.762948,Rainfall has stopped.
5736,95.6167,0.762948,Rainfall has stopped.
5737,95.6333,0.762948,Rainfall has stopped.
5738,95.65,0.762948,Rainfall has stopped.
5739,95.6667,0.762948,Rainfall has stopped.
5740,95.6833,0.762948,Rainfall has stopped.
5741,95.7,0.762948,Rainfall has stopped.
5742,95.7167,0.762948,Rainfall has stopped.
5743,95.7333,0.762948,Rainfall has stopped.
5744,95.75,0.762948,Rainfall has stopped.
5745,95.7667,0.762948,Rainfall has stopped.
5746,95.7833,0.762948,Rainfall has stopped.
5747,95.8,0.762948,Rainfall has stopped.
5748,95.8167,0.762948,Rainfall has stopped.
5749,95.8333,0.762948,Rainfall has stopped.
5750,95.85,0.762948,Rainfall has stopped.
5751,95.8667,0.762948,Rainfall has stopped.
5752,95.8833,0.762948,Rainfall has stopped.
5753,95.9,0.762949,Rainfall has stopped.
5754,95.9167,0.762949,Rainfall has stopped.
5755,95.9333,0.762949,Rainfall has stopped.
5756,95.95,0.762949,Rainfall has stopped.
5757,95.9667,0.762949,Rainfall has stopped.
5758,95.9833,0.762949,Rainfall has stopped.
5759,96,0.762949,Rainfall has stopped.
5760,96.0167,0.762949,Rainfall has stopped.
5761,96.0333,0.762949,Rainfall has stopped.
5762,96.05,0.762949,Rainfall has stopped.
5763,96.0667,0.762949,Rainfall has stopped.
5764,96.0833,0.762949,Rainfall has stopped.
5765,96.1,0.762949,Rainfall has stopped.
5766,96.1167,0.762949,Rainfall has stopped.
5767,96.1333,0.762949,Rainfall has stopped.
5768,96.15,0.762949,Rainfall has stopped.
5769,96.1667,0.762949,Rainfall has stopped.
5770,96.1833,0.762949,Rainfall has stopped.
5771,96.2,0.762949,Rainfall has stopped.
5772,96.2167,0.762949,Rainfall has stopped.
5773,96.2333,0.762949,Rainfall has stopped.
5774,96.25,0.762949,Rainfall has stopped.
5775,96.2667,0.762949,Rainfall has stopped.
5776,96.2833,0.762948,Rainfall has stopped.
5777,96.3,0.762948,Rainfall has stopped.
5778,96.3167,0.762948,Rainfall has stopped.
5779,96.3333,0.762948,Rainfall has stopped.
5780,96.35,0.762948,Rainfall has stopped.
5781,96.3667,0.762948,Rainfall has stopped.
5782,96.3833,0.762948,Rainfall has stopped.
5783,96.4,0.762948,Rainfall has stopped.
5784,96.4167,0.762948,Rainfall has stopped.
5785,96.4333,0.762948,Rainfall has stopped.
5786,96.45,0.762948,Rainfall has stopped.
5787,96.4667,0.762948,Rainfall has stopped.
5788,96.4833,0.762948,Rainfall has stopped.
5789,96.5,0.762948,Rainfall has stopped.
5790,96.5167,0.762948,Rainfall has stopped.
5791,96.5333,0.762948,Rainfall has stopped.
5792,96.55,0.762948,Rainfall has stopped.
5793,96.5667,0.762948,Rainfall has stopped.
5794,96.5833,0.762949,Rainfall has stopped.
5795,96.6,0.762949,Rainfall has stopped.
5796,96.6167,0.762949,Rainfall has stopped.
5797,96.6333,0.762949,Rainfall has stopped.
5798,96.65,0.762949,Rainfall has stopped.
5799,96.6667,0.762949,Rainfall has stopped.
5800,96.6833,0.762949,Rainfall has stopped.
5801,96.7,0.762949,Rainfall has stopped.
5802,96.7167,0.762949,Rainfall has stopped.
5803,96.7333,0.762949,Rainfall has stopped.
5804,96.75,0.762949,Rainfall has stopped.
5805,96.7667,0.762949,Rainfall has stopped.
5806,96.7833,0.762949,Rainfall has stopped.
5807,96.8,0.762949,Rainfall has stopped.
5808,96.8167,0.762949,Rainfall has stopped.
5809,96.8333,0.762949,Rainfall has stopped.
5810,96.85,0.762949,Rainfall has stopped.
5811,96.8667,0.762949,Rainfall has stopped.
5812,96.8833,0.762949,Rainfall has stopped.
5813,96.9,0.762949,Rainfall has stopped.
5814,96.9167,0.762949,Rainfall has stopped.
5815,96.9333,0.76295,Rainfall has stopped.
5816,96.95,0.76295,Rainfall has stopped.
5817,96.9667,0.76295,Rainfall has stopped.
5818,96.9833,0.76295,Rainfall has stopped.
5819,97,0.76295,Rainfall has stopped.
5820,97.0167,0.76295,Rainfall has stopped.
5821,97.0333,0.76295,Rainfall has stopped.
5822,97.05,0.76295,Rainfall has stopped.
5823,97.0667,0.76295,Rainfall has stopped.
5824,97.0833,0.76295,Rainfall has stopped.
5825,97.1,0.76295,Rainfall has stopped.
5826,97.1167,0.76295,Rainfall has stopped.
5827,97.1333,0.76295,Rainfall has stopped.
5828,97.15,0.76295,Rainfall has stopped.
5829,97.1667,0.76295,Rainfall has stopped.
5830,97.1833,0.76295,Rainfall has stopped.
5831,97.2,0.76295,Rainfall has stopped.
5832,97.2167,0.76295,Rainfall has stopped.
5833,97.2333,0.76295,Rainfall has stopped.
5834,97.25,0.76295,Rainfall has stopped.
5835,97.2667,0.76295,Rainfall has stopped.
5836,97.2833,0.76295,Rainfall has stopped.
5837,97.3,0.76295,Rainfall has stopped.
5838,97.3167,0.76295,Rainfall has stopped.
5839,97.3333,0.76295,Rainfall has stopped.
5840,97.35,0.76295,Rainfall has stopped.
5841,97.3667,0.76295,Rainfall has stopped.
5842,97.3833,0.76295,Rainfall has stopped.
5843,97.4,0.76295,Rainfall has stopped.
5844,97.4167,0.76295,Rainfall has stopped.
5845,97.4333,0.762951,Rainfall has stopped.
5846,97.45,0.762951,Rainfall has stopped.
5847,97.4667,0.762951,Rainfall has stopped.
5848,97.4833,0.762951,Rainfall has stopped.
5849,97.5,0.762951,Rainfall has stopped.
5850,97.5167,0.762951,Rainfall has stopped.
5851,97.5333,0.762951,Rainfall has stopped.
5852,97.55,0.762951,Rainfall has stopped.
5853,97.5667,0.762951,Rainfall has stopped.
5854,97.5833,0.76295,Rainfall has stopped.
5855,97.6,0.76295,Rainfall has stopped.
5856,97.6167,0.76295,Rainfall has stopped.
5857,97.6333,0.76295,Rainfall has stopped.
5858,97.65,0.76295,Rainfall has stopped.
5859,97.6667,0.76295,Rainfall has stopped.
5860,97.6833,0.76295,Rainfall has stopped.
5861,97.7,0.76295,Rainfall has stopped.
5862,97.7167,0.76295,Rainfall has stopped.
5863,97.7333,0.76295,Rainfall has stopped.
5864,97.75,0.76295,Rainfall has stopped.
5865,97.7667,0.76295,Rainfall has stopped.
5866,97.7833,0.76295,Rainfall has stopped.
5867,97.8,0.76295,Rainfall has stopped.
5868,97.8167,0.76295,Rainfall has stopped.
5869,97.8333,0.76295,Rainfall has stopped.
5870,97.85,0.76295,Rainfall has stopped.
5871,97.8667,0.76295,Rainfall has stopped.
5872,97.8833,0.76295,Rainfall has stopped.
5873,97.9,0.76295,Rainfall has stopped.
5874,97.9167,0.76295,Rainfall has stopped.
5875,97.9333,0.762949,Rainfall has stopped.
5876,97.95,0.762949,Rainfall has stopped.
5877,97.9667,0.762949,Rainfall has stopped.
5878,97.9833,0.762949,Rainfall has stopped.
5879,98,0.762949,Rainfall has stopped.
5880,98.0167,0.762949,Rainfall has stopped.
5881,98.0333,0.762949,Rainfall has stopped.
5882,98.05,0.762949,Rainfall has stopped.
5883,98.0667,0.762949,Rainfall has stopped.
5884,98.0833,0.762949,Rainfall has stopped.
5885,98.1,0.762949,Rainfall has stopped.
5886,98.1167,0.762949,Rainfall has stopped.
5887,98.1333,0.762949,Rainfall has stopped.
5888,98.15,0.762949,Rainfall has stopped.
5889,98.1667,0.762949,Rainfall has stopped.
5890,98.1833,0.762949,Rainfall has stopped.
5891,98.2,0.762949,Rainfall has stopped.
5892,98.2167,0.762949,Rainfall has stopped.
5893,98.2333,0.762949,Rainfall has stopped.
5894,98.25,0.762949,Rainfall has stopped.
5895,98.2667,0.762949,Rainfall has stopped.
5896,98.2833,0.762949,Rainfall has stopped.
5897,98.3,0.762949,Rainfall has stopped.
5898,98.3167,0.762949,Rainfall has stopped.
5899,98.3333,0.762949,Rainfall has stopped.
5900,98.35,0.762949,Rainfall has stopped.
5901,98.3667,0.762949,Rainfall has stopped.
5902,98.3833,0.762949,Rainfall has stopped.
5903,98.4,0.762949,Rainfall has stopped.
5904,98.4167,0.762949,Rainfall has stopped.
5905,98.4333,0.762949,Rainfall has stopped.
5906,98.45,0.762949,Rainfall has stopped.
5907,98.4667,0.762949,Rainfall has stopped.
5908,98.4833,0.76295,Rainfall has stopped.
5909,98.5,0.76295,Rainfall has stopped.
5910,98.5167,0.76295,Rainfall has stopped.
5911,98.5333,0.76295,Rainfall has stopped.
5912,98.55,0.76295,Rainfall has stopped.
5913,98.5667,0.76295,Rainfall has stopped.
5914,98.5833,0.76295,Rainfall has stopped.
5915,98.6,0.76295,Rainfall has stopped.
5916,98.6167,0.76295,Rainfall has stopped.
5917,98.6333,0.76295,Rainfall has stopped.
5918,98.65,0.76295,Rainfall has stopped.
5919,98.6667,0.76295,Rainfall has stopped.
5920,98.6833,0.762951,Rainfall has stopped.
5921,98.7,0.762951,Rainfall has stopped.
5922,98.7167,0.762951,Rainfall has stopped.
5923,98.7333,0.762951,Rainfall has stopped.
5924,98.75,0.762951,Rainfall has stopped.
5925,98.7667,0.762951,Rainfall has stopped.
5926,98.7833,0.762951,Rainfall has stopped.
5927,98.8,0.762951,Rainfall has stopped.
5928,98.8167,0.762951,Rainfall has stopped.
5929,98.8333,0.762951,Rainfall has stopped.
5930,98.85,0.762951,Rainfall has stopped.
5931,98.8667,0.762951,Rainfall has stopped.
5932,98.8833,0.762951,Rainfall has stopped.
5933,98.9,0.762952,Rainfall has stopped.
5934,98.9167,0.762952,Rainfall has stopped.
5935,98.9333,0.762952,Rainfall has stopped.
5936,98.95,0.762952,Rainfall has stopped.
5937,98.9667,0.762952,Rainfall has stopped.
5938,98.9833,0.762952,Rainfall has stopped.
5939,99,0.762952,Rainfall has stopped.
5940,99.0167,0.762952,Rainfall has stopped.
5941,99.0333,0.762952,Rainfall has stopped.
5942,99.05,0.762952,Rainfall has stopped.
5943,99.0667,0.762951,Rainfall has stopped.
5944,99.0833,0.762951,Rainfall has stopped.
5945,99.1,0.762951,Rainfall has stopped.
5946,99.1167,0.762951,Rainfall has stopped.
5947,99.1333,0.762951,Rainfall has stopped.
5948,99.15,0.762951,Rainfall has stopped.
5949,99.1667,0.762951,Rainfall has stopped.
5950,99.1833,0.762951,Rainfall has stopped.
5951,99.2,0.762951,Rainfall has stopped.
5952,99.2167,0.76295,Rainfall has stopped.
5953,99.2333,0.76295,Rainfall has stopped.
5954,99.25,0.76295,Rainfall has stopped.
5955,99.2667,0.76295,Rainfall has stopped.
5956,99.2833,0.76295,Rainfall has stopped.
5957,99.3,0.76295,Rainfall has stopped.
5958,99.3167,0.76295,Rainfall has stopped.
5959,99.3333,0.76295,Rainfall has stopped.
5960,99.35,0.76295,Rainfall has stopped.
5961,99.3667,0.76295,Rainfall has stopped.
5962,99.3833,0.76295,Rainfall has stopped.
5963,99.4,0.76295,Rainfall has stopped.
5964,99.4167,0.76295,Rainfall has stopped.
5965,99.4333,0.76295,Rainfall has stopped.
5966,99.45,0.76295,Rainfall has stopped.
5967,99.4667,0.76295,Rainfall has stopped.
5968,99.4833,0.76295,Rainfall has stopped.
5969,99.5,0.76295,Rainfall has stopped.
5970,99.5167,0.76295,Rainfall has stopped.
5971,99.5333,0.76295,Rainfall has stopped.
5972,99.55,0.76295,Rainfall has stopped.
5973,99.5667,0.76295,Rainfall has stopped.
5974,99.5833,0.76295,Rainfall has stopped.
5975,99.6,0.76295,Rainfall has stopped.
5976,99.6167,0.76295,Rainfall has stopped.
5977,99.6333,0.76295,Rainfall has stopped.
5978,99.65,0.762951,Rainfall has stopped.
5979,99.6667,0.762951,Rainfall has stopped.
5980,99.6833,0.762951,Rainfall has stopped.
5981,99.7,0.762951,Rainfall has stopped.
5982,99.7167,0.762951,Rainfall has stopped.
5983,99.7333,0.762951,Rainfall has stopped.
5984,99.75,0.762951,Rainfall has stopped.
5985,99.7667,0.762951,Rainfall has stopped.
5986,99.7833,0.762951,Rainfall has stopped.
5987,99.8,0.762951,Rainfall has stopped.
5988,99.8167,0.762951,Rainfall has stopped.
5989,99.8333,0.762951,Rainfall has stopped.
5990,99.85,0.762951,Rainfall has stopped.
5991,99.8667,0.762951,Rainfall has stopped.
5992,99.8833,0.762951,Rainfall has stopped.
5993,99.9,0.762952,Rainfall has stopped.
5994,99.9167,0.762952,Rainfall has stopped.
5995,99.9333,0.762952,Rainfall has stopped.
5996,99.95,0.762952,Rainfall has stopped.
5997,99.9667,0.762952,Rainfall has stopped.
5998,99.9833,0.762952,Rainfall has stopped.
5999,100,0.762952,Rainfall has stopped.
6000,100.017,0.762952,Rainfall has stopped.
6001,100.033,0.762952,Rainfall has stopped.
6002,100.05,0.762952,Rainfall has stopped.
6003,100.067,0.762952,Rainfall has stopped.
6004,100.083,0.762952,Rainfall has stopped.
6005,100.1,0.762952,Rainfall has stopped.
6006,100.117,0.762952,Rainfall has stopped.
6007,100.133,0.762952,Rainfall has stopped.
6008,100.15,0.762952,Rainfall has stopped.
6009,100.167,0.762952,Rainfall has stopped.
6010,100.183,0.762952,Rainfall has stopped.
6011,100.2,0.762952,Rainfall has stopped.
6012,100.217,0.762952,Rainfall has stopped.
6013,100.233,0.762952,Rainfall has stopped.
6014,100.25,0.762952,Rainfall has stopped.
6015,100.267,0.762952,Rainfall has stopped.
6016,100.283,0.762952,Rainfall has stopped.
6017,100.3,0.762952,Rainfall has stopped.
6018,100.317,0.762953,Rainfall has stopped.
6019,100.333,0.762953,Rainfall has stopped.
6020,100.35,0.762953,Rainfall has stopped.
6021,100.367,0.762953,Rainfall has stopped.
6022,100.383,0.762953,Rainfall has stopped.
6023,100.4,0.762953,Rainfall has stopped.
6024,100.417,0.762953,Rainfall has stopped.
6025,100.433,0.762953,Rainfall has stopped.
6026,100.45,0.762953,Rainfall has stopped.
6027,100.467,0.762953,Rainfall has stopped.
6028,100.483,0.762953,Rainfall has stopped.
6029,100.5,0.762953,Rainfall has stopped.
6030,100.517,0.762953,Rainfall has stopped.
6031,100.533,0.762953,Rainfall has stopped.
6032,100.55,0.762954,Rainfall has stopped.
6033,100.567,0.762954,Rainfall has stopped.
6034,100.583,0.762954,Rainfall has stopped.
6035,100.6,0.762954,Rainfall has stopped.
6036,100.617,0.762954,Rainfall has stopped.
6037,100.633,0.762954,Rainfall has stopped.
6038,100.65,0.762954,Rainfall has stopped.
6039,100.667,0.762954,Rainfall has stopped.
6040,100.683,0.762954,Rainfall has stopped.
6041,100.7,0.762953,Rainfall has stopped.
6042,100.717,0.762953,Rainfall has stopped.
6043,100.733,0.762953,Rainfall has stopped.
6044,100.75,0.762953,Rainfall has stopped.
6045,100.767,0.762953,Rainfall has stopped.
6046,100.783,0.762953,Rainfall has stopped.
6047,100.8,0.762953,Rainfall has stopped.
6048,100.817,0.762953,Rainfall has stopped.
6049,100.833,0.762953,Rainfall has stopped.
6050,100.85,0.762953,Rainfall has stopped.
6051,100.867,0.762953,Rainfall has stopped.
6052,100.883,0.762953,Rainfall has stopped.
6053,100.9,0.762953,Rainfall has stopped.
6054,100.917,0.762953,Rainfall has stopped.
6055,100.933,0.762952,Rainfall has stopped.
6056,100.95,0.762952,Rainfall has stopped.
6057,100.967,0.762952,Rainfall has stopped.
6058,100.983,0.762952,Rainfall has stopped.
6059,101,0.762952,Rainfall has stopped.
6060,101.017,0.762952,Rainfall has stopped.
6061,101.033,0.762952,Rainfall has stopped.
6062,101.05,0.762952,Rainfall has stopped.
6063,101.067,0.762952,Rainfall has stopped.
6064,101.083,0.762952,Rainfall has stopped.
6065,101.1,0.762952,Rainfall has stopped.
6066,101.117,0.762952,Rainfall has stopped.
6067,101.133,0.762953,Rainfall has stopped.
6068,101.15,0.762953,Rainfall has stopped.
6069,101.167,0.762953,Rainfall has stopped.
6070,101.183,0.762953,Rainfall has stopped.
6071,101.2,0.762954,Rainfall has stopped.
6072,101.217,0.762954,Rainfall has stopped.
6073,101.233,0.762954,Rainfall has stopped.
6074,101.25,0.762954,Rainfall has stopped.
6075,101.267,0.762954,Rainfall has stopped.
6076,101.283,0.762954,Rainfall has stopped.
6077,101.3,0.762954,Rainfall has stopped.
6078,101.317,0.762954,Rainfall has stopped.
6079,101.333,0.762954,Rainfall has stopped.
6080,101.35,0.762954,Rainfall has stopped.
6081,101.367,0.762954,Rainfall has stopped.
6082,101.383,0.762954,Rainfall has stopped.
6083,101.4,0.762954,Rainfall has stopped.
6084,101.417,0.762954,Rainfall has stopped.
6085,101.433,0.762954,Rainfall has stopped.
6086,101.45,0.762954,Rainfall has stopped.
6087,101.467,0.762954,Rainfall has stopped.
6088,101.483,0.762954,Rainfall has stopped.
6089,101.5,0.762954,Rainfall has stopped.
6090,101.517,0.762954,Rainfall has stopped.
6091,101.533,0.762954,Rainfall has stopped.
6092,101.55,0.762954,Rainfall has stopped.
6093,101.567,0.762954,Rainfall has stopped.
6094,101.583,0.762954,Rainfall has stopped.
6095,101.6,0.762954,Rainfall has stopped.
6096,101.617,0.762954,Rainfall has stopped.
6097,101.633,0.762954,Rainfall has stopped.
6098,101.65,0.762954,Rainfall has stopped.
6099,101.667,0.762954,Rainfall has stopped.
6100,101.683,0.762955,Rainfall has stopped.
6101,101.7,0.762955,Rainfall has stopped.
6102,101.717,0.762955,Rainfall has stopped.
6103,101.733,0.762955,Rainfall has stopped.
6104,101.75,0.762955,Rainfall has stopped.
6105,101.767,0.762955,Rainfall has stopped.
6106,101.783,0.762955,Rainfall has stopped.
6107,101.8,0.762955,Rainfall has stopped.
6108,101.817,0.762955,Rainfall has stopped.
6109,101.833,0.762955,Rainfall has stopped.
6110,101.85,0.762955,Rainfall has stopped.
6111,101.867,0.762955,Rainfall has stopped.
6112,101.883,0.762955,Rainfall has stopped.
6113,101.9,0.762955,Rainfall has stopped.
6114,101.917,0.762955,Rainfall has stopped.
6115,101.933,0.762955,Rainfall has stopped.
6116,101.95,0.762955,Rainfall has stopped.
6117,101.967,0.762955,Rainfall has stopped.
6118,101.983,0.762955,Rainfall has stopped.
6119,102,0.762955,Rainfall has stopped.
6120,102.017,0.762956,Rainfall has stopped.
6121,102.033,0.762956,Rainfall has stopped.
6122,102.05,0.762955,Rainfall has stopped.
6123,102.067,0.762955,Rainfall has stopped.
6124,102.083,0.762955,Rainfall has stopped.
6125,102.1,0.762955,Rainfall has stopped.
6126,102.117,0.762954,Rainfall has stopped.
6127,102.133,0.762954,Rainfall has stopped.
6128,102.15,0.762954,Rainfall has stopped.
6129,102.167,0.762954,Rainfall has stopped.
6130,102.183,0.762954,Rainfall has stopped.
6131,102.2,0.762954,Rainfall has stopped.
6132,102.217,0.762954,Rainfall has stopped.
6133,102.233,0.762954,Rainfall has stopped.
6134,102.25,0.762954,Rainfall has stopped.
6135,102.267,0.762954,Rainfall has stopped.
6136,102.283,0.762954,Rainfall has stopped.
6137,102.3,0.762954,Rainfall has stopped.
6138,102.317,0.762954,Rainfall has stopped.
6139,102.333,0.762954,Rainfall has stopped.
6140,102.35,0.762954,Rainfall has stopped.
6141,102.367,0.762954,Rainfall has stopped.
6142,102.383,0.762954,Rainfall has stopped.
6143,102.4,0.762954,Rainfall has stopped.
6144,102.417,0.762954,Rainfall has stopped.
6145,102.433,0.762954,Rainfall has stopped.
6146,102.45,0.762954,Rainfall has stopped.
6147,102.467,0.762954,Rainfall has stopped.
6148,102.483,0.762953,Rainfall has stopped.
6149,102.5,0.762953,Rainfall has stopped.
6150,102.517,0.762953,Rainfall has stopped.
6151,102.533,0.762953,Rainfall has stopped.
6152,102.55,0.762952,Rainfall has stopped.
6153,102.567,0.762952,Rainfall has stopped.
6154,102.583,0.762952,Rainfall has stopped.
6155,102.6,0.762952,Rainfall has stopped.
6156,102.617,0.762952,Rainfall has stopped.
6157,102.633,0.762952,Rainfall has stopped.
6158,102.65,0.762952,Rainfall has stopped.
6159,102.667,0.762952,Rainfall has stopped.
6160,102.683,0.762952,Rainfall has stopped.
6161,102.7,0.762952,Rainfall has stopped.
6162,102.717,0.762952,Rainfall has stopped.
6163,102.733,0.762952,Rainfall has stopped.
6164,102.75,0.762952,Rainfall has stopped.
6165,102.767,0.762952,Rainfall has stopped.
6166,102.783,0.762952,Rainfall has stopped.
6167,102.8,0.762952,Rainfall has stopped.
6168,102.817,0.762952,Rainfall has stopped.
6169,102.833,0.762952,Rainfall has stopped.
6170,102.85,0.762952,Rainfall has stopped.
6171,102.867,0.762952,Rainfall has stopped.
6172,102.883,0.762952,Rainfall has stopped.
6173,102.9,0.762953,Rainfall has stopped.
6174,102.917,0.762953,Rainfall has stopped.
6175,102.933,0.762953,Rainfall has stopped.
6176,102.95,0.762953,Rainfall has stopped.
6177,102.967,0.762953,Rainfall has stopped.
6178,102.983,0.762953,Rainfall has stopped.
6179,103,0.762953,Rainfall has stopped.
6180,103.017,0.762953,Rainfall has stopped.
6181,103.033,0.762953,Rainfall has stopped.
6182,103.05,0.762953,Rainfall has stopped.
6183,103.067,0.762953,Rainfall has stopped.
6184,103.083,0.762953,Rainfall has stopped.
6185,103.1,0.762953,Rainfall has stopped.
6186,103.117,0.762953,Rainfall has stopped.
6187,103.133,0.762953,Rainfall has stopped.
6188,103.15,0.762953,Rainfall has stopped.
6189,103.167,0.762953,Rainfall has stopped.
6190,103.183,0.762954,Rainfall has stopped.
6191,103.2,0.762954,Rainfall has stopped.
6192,103.217,0.762954,Rainfall has stopped.
6193,103.233,0.762954,Rainfall has stopped.
6194,103.25,0.762954,Rainfall has stopped.
6195,103.267,0.762954,Rainfall has stopped.
6196,103.283,0.762954,Rainfall has stopped.
6197,103.3,0.762954,Rainfall has stopped.
6198,103.317,0.762954,Rainfall has stopped.
6199,103.333,0.762954,Rainfall has stopped.
6200,103.35,0.762954,Rainfall has stopped.
6201,103.367,0.762954,Rainfall has stopped.
6202,103.383,0.762954,Rainfall has stopped.
6203,103.4,0.762954,Rainfall has stopped.
6204,103.417,0.762954,Rainfall has stopped.
6205,103.433,0.762954,Rainfall has stopped.
6206,103.45,0.762954,Rainfall has stopped.
6207,103.467,0.762954,Rainfall has stopped.
6208,103.483,0.762954,Rainfall has stopped.
6209,103.5,0.762955,Rainfall has stopped.
6210,103.517,0.762955,Rainfall has stopped.
6211,103.533,0.762955,Rainfall has stopped.
6212,103.55,0.762955,Rainfall has stopped.
6213,103.567,0.762955,Rainfall has stopped.
6214,103.583,0.762955,Rainfall has stopped.
6215,103.6,0.762955,Rainfall has stopped.
6216,103.617,0.762955,Rainfall has stopped.
6217,103.633,0.762955,Rainfall has stopped.
6218,103.65,0.762955,Rainfall has stopped.
6219,103.667,0.762955,Rainfall has stopped.
6220,103.683,0.762955,Rainfall has stopped.
6221,103.7,0.762955,Rainfall has stopped.
6222,103.717,0.762955,Rainfall has stopped.
6223,103.733,0.762955,Rainfall has stopped.
6224,103.75,0.762955,Rainfall has stopped.
6225,103.767,0.762955,Rainfall has stopped.
6226,103.783,0.762955,Rainfall has stopped.
6227,103.8,0.762955,Rainfall has stopped.
6228,103.817,0.762956,Rainfall has stopped.
6229,103.833,0.762956,Rainfall has stopped.
6230,103.85,0.762956,Rainfall has stopped.
6231,103.867,0.762956,Rainfall has stopped.
6232,103.883,0.762956,Rainfall has stopped.
6233,103.9,0.762956,Rainfall has stopped.
6234,103.917,0.762956,Rainfall has stopped.
6235,103.933,0.762956,Rainfall has stopped.
6236,103.95,0.762956,Rainfall has stopped.
6237,103.967,0.762956,Rainfall has stopped.
6238,103.983,0.762956,Rainfall has stopped.
6239,104,0.762956,Rainfall has stopped.
6240,104.017,0.762956,Rainfall has stopped.
6241,104.033,0.762956,Rainfall has stopped.
6242,104.05,0.762956,Rainfall has stopped.
6243,104.067,0.762956,Rainfall has stopped.
6244,104.083,0.762956,Rainfall has stopped.
6245,104.1,0.762956,Rainfall has stopped.
6246,104.117,0.762956,Rainfall has stopped.
6247,104.133,0.762956,Rainfall has stopped.
6248,104.15,0.762956,Rainfall has stopped.
6249,104.167,0.762956,Rainfall has stopped.
6250,104.183,0.762956,Rainfall has stopped.
6251,104.2,0.762956,Rainfall has stopped.
6252,104.217,0.762956,Rainfall has stopped.
6253,104.233,0.762957,Rainfall has stopped.
6254,104.25,0.762957,Rainfall has stopped.
6255,104.267,0.762957,Rainfall has stopped.
6256,104.283,0.762957,Rainfall has stopped.
6257,104.3,0.762957,Rainfall has stopped.
6258,104.317,0.762957,Rainfall has stopped.
6259,104.333,0.762957,Rainfall has stopped.
6260,104.35,0.762956,Rainfall has stopped.
6261,104.367,0.762956,Rainfall has stopped.
6262,104.383,0.762956,Rainfall has stopped.
6263,104.4,0.762956,Rainfall has stopped.
6264,104.417,0.762955,Rainfall has stopped.
6265,104.433,0.762955,Rainfall has stopped.
6266,104.45,0.762955,Rainfall has stopped.
6267,104.467,0.762955,Rainfall has stopped.
6268,104.483,0.762955,Rainfall has stopped.
6269,104.5,0.762955,Rainfall has stopped.
6270,104.517,0.762955,Rainfall has stopped.
6271,104.533,0.762955,Rainfall has stopped.
6272,104.55,0.762955,Rainfall has stopped.
6273,104.567,0.762955,Rainfall has stopped.
6274,104.583,0.762955,Rainfall has stopped.
6275,104.6,0.762955,Rainfall has stopped.
6276,104.617,0.762955,Rainfall has stopped.
6277,104.633,0.762955,Rainfall has stopped.
6278,104.65,0.762955,Rainfall has stopped.
6279,104.667,0.762955,Rainfall has stopped.
6280,104.683,0.762955,Rainfall has stopped.
6281,104.7,0.762955,Rainfall has stopped.
6282,104.717,0.762955,Rainfall has stopped.
6283,104.733,0.762955,Rainfall has stopped.
6284,104.75,0.762955,Rainfall has stopped.
6285,104.767,0.762955,Rainfall has stopped.
6286,104.783,0.762955,Rainfall has stopped.
6287,104.8,0.762955,Rainfall has stopped.
6288,104.817,0.762955,Rainfall has stopped.
6289,104.833,0.762955,Rainfall has stopped.
6290,104.85,0.762955,Rainfall has stopped.
6291,104.867,0.762955,Rainfall has stopped.
6292,104.883,0.762955,Rainfall has stopped.
6293,104.9,0.762955,Rainfall has stopped.
6294,104.917,0.762955,Rainfall has stopped.
6295,104.933,0.762955,Rainfall has stopped.
6296,104.95,0.762955,Rainfall has stopped.
6297,104.967,0.762955,Rainfall has stopped.
6298,104.983,0.762955,Rainfall has stopped.
6299,105,0.762955,Rainfall has stopped.
6300,105.017,0.762955,Rainfall has stopped.
6301,105.033,0.762955,Rainfall has stopped.
6302,105.05,0.762955,Rainfall has stopped.
6303,105.067,0.762955,Rainfall has stopped.
6304,105.083,0.762955,Rainfall has stopped.
6305,105.1,0.762956,Rainfall has stopped.
6306,105.117,0.762956,Rainfall has stopped.
6307,105.133,0.762956,Rainfall has stopped.
6308,105.15,0.762956,Rainfall has stopped.
6309,105.167,0.762957,Rainfall has stopped.
6310,105.183,0.762957,Rainfall has stopped.
6311,105.2,0.762957,Rainfall has stopped.
6312,105.217,0.762957,Rainfall has stopped.
6313,105.233,0.762957,Rainfall has stopped.
6314,105.25,0.762957,Rainfall has stopped.
6315,105.267,0.762957,Rainfall has stopped.
6316,105.283,0.762957,Rainfall has stopped.
6317,105.3,0.762957,Rainfall has stopped.
6318,105.317,0.762957,Rainfall has stopped.
6319,105.333,0.762957,Rainfall has stopped.
6320,105.35,0.762957,Rainfall has stopped.
6321,105.367,0.762957,Rainfall has stopped.
6322,105.383,0.762957,Rainfall has stopped.
6323,105.4,0.762957,Rainfall has stopped.
6324,105.417,0.762957,Rainfall has stopped.
6325,105.433,0.762957,Rainfall has stopped.
6326,105.45,0.762957,Rainfall has stopped.
6327,105.467,0.762957,Rainfall has stopped.
6328,105.483,0.762957,Rainfall has stopped.
6329,105.5,0.762957,Rainfall has stopped.
6330,105.517,0.762957,Rainfall has stopped.
6331,105.533,0.762957,Rainfall has stopped.
6332,105.55,0.762958,Rainfall has stopped.
6333,105.567,0.762958,Rainfall has stopped.
6334,105.583,0.762958,Rainfall has stopped.
6335,105.6,0.762958,Rainfall has stopped.
6336,105.617,0.762958,Rainfall has stopped.
6337,105.633,0.762958,Rainfall has stopped.
6338,105.65,0.762958,Rainfall has stopped.
6339,105.667,0.762958,Rainfall has stopped.
6340,105.683,0.762958,Rainfall has stopped.
6341,105.7,0.762958,Rainfall has stopped.
6342,105.717,0.762958,Rainfall has stopped.
6343,105.733,0.762958,Rainfall has stopped.
6344,105.75,0.762958,Rainfall has stopped.
6345,105.767,0.762958,Rainfall has stopped.
6346,105.783,0.762958,Rainfall has stopped.
6347,105.8,0.762958,Rainfall has stopped.
6348,105.817,0.762958,Rainfall has stopped.
6349,105.833,0.762958,Rainfall has stopped.
6350,105.85,0.762958,Rainfall has stopped.
6351,105.867,0.762958,Rainfall has stopped.
6352,105.883,0.762958,Rainfall has stopped.
6353,105.9,0.762958,Rainfall has stopped.
6354,105.917,0.762958,Rainfall has stopped.
6355,105.933,0.762958,Rainfall has stopped.
6356,105.95,0.762958,Rainfall has stopped.
6357,105.967,0.762958,Rainfall has stopped.
6358,105.983,0.762958,Rainfall has stopped.
6359,106,0.762958,Rainfall has stopped.
6360,106.017,0.762958,Rainfall has stopped.
6361,106.033,0.762958,Rainfall has stopped.
6362,106.05,0.762958,Rainfall has stopped.
6363,106.067,0.762958,Rainfall has stopped.
6364,106.083,0.762958,Rainfall has stopped.
6365,106.1,0.762958,Rainfall has stopped.
6366,106.117,0.762958,Rainfall has stopped.
6367,106.133,0.762958,Rainfall has stopped.
6368,106.15,0.762958,Rainfall has stopped.
6369,106.167,0.762958,Rainfall has stopped.
6370,106.183,0.762958,Rainfall has stopped.
6371,106.2,0.762958,Rainfall has stopped.
6372,106.217,0.762958,Rainfall has stopped.
6373,106.233,0.762958,Rainfall has stopped.
6374,106.25,0.762958,Rainfall has stopped.
6375,106.267,0.762958,Rainfall has stopped.
6376,106.283,0.762958,Rainfall has stopped.
6377,106.3,0.762958,Rainfall has stopped.
6378,106.317,0.762959,Rainfall has stopped.
6379,106.333,0.762959,Rainfall has stopped.
6380,106.35,0.762959,Rainfall has stopped.
6381,106.367,0.762959,Rainfall has stopped.
6382,106.383,0.762959,Rainfall has stopped.
6383,106.4,0.762959,Rainfall has stopped.
6384,106.417,0.762959,Rainfall has stopped.
6385,106.433,0.762959,Rainfall has stopped.
6386,106.45,0.762959,Rainfall has stopped.
6387,106.467,0.762958,Rainfall has stopped.
6388,106.483,0.762958,Rainfall has stopped.
6389,106.5,0.762958,Rainfall has stopped.
6390,106.517,0.762958,Rainfall has stopped.
6391,106.533,0.762957,Rainfall has stopped.
6392,106.55,0.762957,Rainfall has stopped.
6393,106.567,0.762957,Rainfall has stopped.
6394,106.583,0.762957,Rainfall has stopped.
6395,106.6,0.762957,Rainfall has stopped.
6396,106.617,0.762957,Rainfall has stopped.
6397,106.633,0.762957,Rainfall has stopped.
6398,106.65,0.762957,Rainfall has stopped.
6399,106.667,0.762957,Rainfall has stopped.
6400,106.683,0.762957,Rainfall has stopped.
6401,106.7,0.762957,Rainfall has stopped.
6402,106.717,0.762957,Rainfall has stopped.
6403,106.733,0.762957,Rainfall has stopped.
6404,106.75,0.762957,Rainfall has stopped.
6405,106.767,0.762957,Rainfall has stopped.
6406,106.783,0.762957,Rainfall has stopped.
6407,106.8,0.762957,Rainfall has stopped.
6408,106.817,0.762957,Rainfall has stopped.
6409,106.833,0.762957,Rainfall has stopped.
6410,106.85,0.762957,Rainfall has stopped.
6411,106.867,0.762957,Rainfall has stopped.
6412,106.883,0.762957,Rainfall has stopped.
6413,106.9,0.762957,Rainfall has stopped.
6414,106.917,0.762957,Rainfall has stopped.
6415,106.933,0.762957,Rainfall has stopped.
6416,106.95,0.762957,Rainfall has stopped.
6417,106.967,0.762957,Rainfall has stopped.
6418,106.983,0.762957,Rainfall has stopped.
6419,107,0.762957,Rainfall has stopped.
6420,107.017,0.762958,Rainfall has stopped.
6421,107.033,0.762958,Rainfall has stopped.
6422,107.05,0.762958,Rainfall has stopped.
6423,107.067,0.762958,Rainfall has stopped.
6424,107.083,0.762958,Rainfall has stopped.
6425,107.1,0.762958,Rainfall has stopped.
6426,107.117,0.762958,Rainfall has stopped.
6427,107.133,0.762958,Rainfall has stopped.
6428,107.15,0.762958,Rainfall has stopped.
6429,107.167,0.762958,Rainfall has stopped.
6430,107.183,0.762957,Rainfall has stopped.
6431,107.2,0.762957,Rainfall has stopped.
6432,107.217,0.762957,Rainfall has stopped.
6433,107.233,0.762957,Rainfall has stopped.
6434,107.25,0.762957,Rainfall has stopped.
6435,107.267,0.762957,Rainfall has stopped.
6436,107.283,0.762957,Rainfall has stopped.
6437,107.3,0.762957,Rainfall has stopped.
6438,107.317,0.762956,Rainfall has stopped.
6439,107.333,0.762957,Rainfall has stopped.
6440,107.35,0.762957,Rainfall has stopped.
6441,107.367,0.762957,Rainfall has stopped.
6442,107.383,0.762957,Rainfall has stopped.
6443,107.4,0.762957,Rainfall has stopped.
6444,107.417,0.762957,Rainfall has stopped.
6445,107.433,0.762957,Rainfall has stopped.
6446,107.45,0.762957,Rainfall has stopped.
6447,107.467,0.762957,Rainfall has stopped.
6448,107.483,0.762957,Rainfall has stopped.
6449,107.5,0.762957,Rainfall has stopped.
6450,107.517,0.762957,Rainfall has stopped.
6451,107.533,0.762957,Rainfall has stopped.
6452,107.55,0.762957,Rainfall has stopped.
6453,107.567,0.762957,Rainfall has stopped.
6454,107.583,0.762957,Rainfall has stopped.
6455,107.6,0.762957,Rainfall has stopped.
6456,107.617,0.762957,Rainfall has stopped.
6457,107.633,0.762957,Rainfall has stopped.
6458,107.65,0.762957,Rainfall has stopped.
6459,107.667,0.762957,Rainfall has stopped.
6460,107.683,0.762957,Rainfall has stopped.
6461,107.7,0.762957,Rainfall has stopped.
6462,107.717,0.762958,Rainfall has stopped.
6463,107.733,0.762958,Rainfall has stopped.
6464,107.75,0.762958,Rainfall has stopped.
6465,107.767,0.762958,Rainfall has stopped.
6466,107.783,0.762959,Rainfall has stopped.
6467,107.8,0.762959,Rainfall has stopped.
6468,107.817,0.762959,Rainfall has stopped.
6469,107.833,0.762959,Rainfall has stopped.
6470,107.85,0.762959,Rainfall has stopped.
6471,107.867,0.762959,Rainfall has stopped.
6472,107.883,0.762959,Rainfall has stopped.
6473,107.9,0.762959,Rainfall has stopped.
6474,107.917,0.762959,Rainfall has stopped.
6475,107.933,0.762959,Rainfall has stopped.
6476,107.95,0.762959,Rainfall has stopped.
6477,107.967,0.762959,Rainfall has stopped.
6478,107.983,0.762959,Rainfall has stopped.
6479,108,0.762959,Rainfall has stopped.
6480,108.017,0.762959,Rainfall has stopped.
6481,108.033,0.762959,Rainfall has stopped.
6482,108.05,0.762959,Rainfall has stopped.
6483,108.067,0.762959,Rainfall has stopped.
6484,108.083,0.762959,Rainfall has stopped.
6485,108.1,0.762959,Rainfall has stopped.
6486,108.117,0.762959,Rainfall has stopped.
6487,108.133,0.762959,Rainfall has stopped.
6488,108.15,0.762959,Rainfall has stopped.
6489,108.167,0.762959,Rainfall has stopped.
6490,108.183,0.762959,Rainfall has stopped.
6491,108.2,0.762959,Rainfall has stopped.
6492,108.217,0.762959,Rainfall has stopped.
6493,108.233,0.762959,Rainfall has stopped.
6494,108.25,0.762959,Rainfall has stopped.
6495,108.267,0.762959,Rainfall has stopped.
6496,108.283,0.762959,Rainfall has stopped.
6497,108.3,0.762959,Rainfall has stopped.
6498,108.317,0.762959,Rainfall has stopped.
6499,108.333,0.762959,Rainfall has stopped.
6500,108.35,0.762959,Rainfall has stopped.
6501,108.367,0.76296,Rainfall has stopped.
6502,108.383,0.76296,Rainfall has stopped.
6503,108.4,0.76296,Rainfall has stopped.
6504,108.417,0.76296,Rainfall has stopped.
6505,108.433,0.762959,Rainfall has stopped.
6506,108.45,0.762959,Rainfall has stopped.
6507,108.467,0.762959,Rainfall has stopped.
6508,108.483,0.762959,Rainfall has stopped.
6509,108.5,0.762959,Rainfall has stopped.
6510,108.517,0.762958,Rainfall has stopped.
6511,108.533,0.762958,Rainfall has stopped.
6512,108.55,0.762958,Rainfall has stopped.
6513,108.567,0.762958,Rainfall has stopped.
6514,108.583,0.762958,Rainfall has stopped.
6515,108.6,0.762958,Rainfall has stopped.
6516,108.617,0.762958,Rainfall has stopped.
6517,108.633,0.762958,Rainfall has stopped.
6518,108.65,0.762958,Rainfall has stopped.
6519,108.667,0.762958,Rainfall has stopped.
6520,108.683,0.762957,Rainfall has stopped.
6521,108.7,0.762957,Rainfall has stopped.
6522,108.717,0.762957,Rainfall has stopped.
6523,108.733,0.762957,Rainfall has stopped.
6524,108.75,0.762957,Rainfall has stopped.
6525,108.767,0.762957,Rainfall has stopped.
6526,108.783,0.762957,Rainfall has stopped.
6527,108.8,0.762957,Rainfall has stopped.
6528,108.817,0.762957,Rainfall has stopped.
6529,108.833,0.762957,Rainfall has stopped.
6530,108.85,0.762957,Rainfall has stopped.
6531,108.867,0.762957,Rainfall has stopped.
6532,108.883,0.762957,Rainfall has stopped.
6533,108.9,0.762957,Rainfall has stopped.
6534,108.917,0.762957,Rainfall has stopped.
6535,108.933,0.762957,Rainfall has stopped.
6536,108.95,0.762957,Rainfall has stopped.
6537,108.967,0.762957,Rainfall has stopped.
6538,108.983,0.762957,Rainfall has stopped.
6539,109,0.762957,Rainfall has stopped.
6540,109.017,0.762957,Rainfall has stopped.
6541,109.033,0.762957,Rainfall has stopped.
6542,109.05,0.762957,Rainfall has stopped.
6543,109.067,0.762957,Rainfall has stopped.
6544,109.083,0.762958,Rainfall has stopped.
6545,109.1,0.762958,Rainfall has stopped.
6546,109.117,0.762958,Rainfall has stopped.
6547,109.133,0.762958,Rainfall has stopped.
6548,109.15,0.762959,Rainfall has stopped.
6549,109.167,0.762959,Rainfall has stopped.
6550,109.183,0.762959,Rainfall has stopped.
6551,109.2,0.762959,Rainfall has stopped.
6552,109.217,0.762959,Rainfall has stopped.
6553,109.233,0.762959,Rainfall has stopped.
6554,109.25,0.76296,Rainfall has stopped.
6555,109.267,0.76296,Rainfall has stopped.
6556,109.283,0.76296,Rainfall has stopped.
6557,109.3,0.76296,Rainfall has stopped.
6558,109.317,0.76296,Rainfall has stopped.
6559,109.333,0.76296,Rainfall has stopped.
6560,109.35,0.76296,Rainfall has stopped.
6561,109.367,0.76296,Rainfall has stopped.
6562,109.383,0.76296,Rainfall has stopped.
6563,109.4,0.76296,Rainfall has stopped.
6564,109.417,0.76296,Rainfall has stopped.
6565,109.433,0.76296,Rainfall has stopped.
6566,109.45,0.76296,Rainfall has stopped.
6567,109.467,0.76296,Rainfall has stopped.
6568,109.483,0.76296,Rainfall has stopped.
6569,109.5,0.76296,Rainfall has stopped.
6570,109.517,0.76296,Rainfall has stopped.
6571,109.533,0.76296,Rainfall has stopped.
6572,109.55,0.76296,Rainfall has stopped.
6573,109.567,0.76296,Rainfall has stopped.
6574,109.583,0.76296,Rainfall has stopped.
6575,109.6,0.76296,Rainfall has stopped.
6576,109.617,0.76296,Rainfall has stopped.
6577,109.633,0.76296,Rainfall has stopped.
6578,109.65,0.76296,Rainfall has stopped.
6579,109.667,0.76296,Rainfall has stopped.
6580,109.683,0.76296,Rainfall has stopped.
6581,109.7,0.76296,Rainfall has stopped.
6582,109.717,0.76296,Rainfall has stopped.
6583,109.733,0.76296,Rainfall has stopped.
6584,109.75,0.76296,Rainfall has stopped.
6585,109.767,0.76296,Rainfall has stopped.
6586,109.783,0.76296,Rainfall has stopped.
6587,109.8,0.76296,Rainfall has stopped.
6588,109.817,0.76296,Rainfall has stopped.
6589,109.833,0.76296,Rainfall has stopped.
6590,109.85,0.76296,Rainfall has stopped.
6591,109.867,0.76296,Rainfall has stopped.
6592,109.883,0.76296,Rainfall has stopped.
6593,109.9,0.76296,Rainfall has stopped.
6594,109.917,0.76296,Rainfall has stopped.
6595,109.933,0.76296,Rainfall has stopped.
6596,109.95,0.76296,Rainfall has stopped.
6597,109.967,0.76296,Rainfall has stopped.
6598,109.983,0.76296,Rainfall has stopped.
6599,110,0.76296,Rainfall has stopped.
6600,110.017,0.76296,Rainfall has stopped.
6601,110.033,0.76296,Rainfall has stopped.
6602,110.05,0.76296,Rainfall has stopped.
6603,110.067,0.76296,Rainfall has stopped.
6604,110.083,0.76296,Rainfall has stopped.
6605,110.1,0.76296,Rainfall has stopped.
6606,110.117,0.76296,Rainfall has stopped.
6607,110.133,0.76296,Rainfall has stopped.
6608,110.15,0.76296,Rainfall has stopped.
6609,110.167,0.76296,Rainfall has stopped.
6610,110.183,0.76296,Rainfall has stopped.
6611,110.2,0.76296,Rainfall has stopped.
6612,110.217,0.76296,Rainfall has stopped.
6613,110.233,0.76296,Rainfall has stopped.
6614,110.25,0.76296,Rainfall has stopped.
6615,110.267,0.76296,Rainfall has stopped.
6616,110.283,0.76296,Rainfall has stopped.
6617,110.3,0.76296,Rainfall has stopped.
6618,110.317,0.76296,Rainfall has stopped.
6619,110.333,0.76296,Rainfall has stopped.
6620,110.35,0.76296,Rainfall has stopped.
6621,110.367,0.76296,Rainfall has stopped.
6622,110.383,0.76296,Rainfall has stopped.
6623,110.4,0.76296,Rainfall has stopped.
6624,110.417,0.76296,Rainfall has stopped.
6625,110.433,0.76296,Rainfall has stopped.
6626,110.45,0.76296,Rainfall has stopped.
6627,110.467,0.762961,Rainfall has stopped.
6628,110.483,0.762961,Rainfall has stopped.
6629,110.5,0.762961,Rainfall has stopped.
6630,110.517,0.762961,Rainfall has stopped.
6631,110.533,0.762961,Rainfall has stopped.
6632,110.55,0.762961,Rainfall has stopped.
6633,110.567,0.762961,Rainfall has stopped.
6634,110.583,0.762961,Rainfall has stopped.
6635,110.6,0.762961,Rainfall has stopped.
6636,110.617,0.762961,Rainfall has stopped.
6637,110.633,0.762961,Rainfall has stopped.
6638,110.65,0.762961,Rainfall has stopped.
6639,110.667,0.762961,Rainfall has stopped.
6640,110.683,0.762961,Rainfall has stopped.
6641,110.7,0.762961,Rainfall has stopped.
6642,110.717,0.762961,Rainfall has stopped.
6643,110.733,0.762961,Rainfall has stopped.
6644,110.75,0.762961,Rainfall has stopped.
6645,110.767,0.762961,Rainfall has stopped.
6646,110.783,0.762961,Rainfall has stopped.
6647,110.8,0.762961,Rainfall has stopped.
6648,110.817,0.762961,Rainfall has stopped.
6649,110.833,0.762961,Rainfall has stopped.
6650,110.85,0.762961,Rainfall has stopped.
6651,110.867,0.762961,Rainfall has stopped.
6652,110.883,0.762961,Rainfall has stopped.
6653,110.9,0.762961,Rainfall has stopped.
6654,110.917,0.762961,Rainfall has stopped.
6655,110.933,0.762961,Rainfall has stopped.
6656,110.95,0.762961,Rainfall has stopped.
6657,110.967,0.76296,Rainfall has stopped.
6658,110.983,0.76296,Rainfall has stopped.
6659,111,0.76296,Rainfall has stopped.
6660,111.017,0.76296,Rainfall has stopped.
6661,111.033,0.76296,Rainfall has stopped.
6662,111.05,0.76296,Rainfall has stopped.
6663,111.067,0.76296,Rainfall has stopped.
6664,111.083,0.76296,Rainfall has stopped.
6665,111.1,0.76296,Rainfall has stopped.
6666,111.117,0.76296,Rainfall has stopped.
6667,111.133,0.76296,Rainfall has stopped.
6668,111.15,0.76296,Rainfall has stopped.
6669,111.167,0.76296,Rainfall has stopped.
6670,111.183,0.76296,Rainfall has stopped.
6671,111.2,0.76296,Rainfall has stopped.
6672,111.217,0.76296,Rainfall has stopped.
6673,111.233,0.76296,Rainfall has stopped.
6674,111.25,0.76296,Rainfall has stopped.
6675,111.267,0.76296,Rainfall has stopped.
6676,111.283,0.76296,Rainfall has stopped.
6677,111.3,0.76296,Rainfall has stopped.
6678,111.317,0.76296,Rainfall has stopped.
6679,111.333,0.76296,Rainfall has stopped.
6680,111.35,0.76296,Rainfall has stopped.
6681,111.367,0.76296,Rainfall has stopped.
6682,111.383,0.76296,Rainfall has stopped.
6683,111.4,0.76296,Rainfall has stopped.
6684,111.417,0.76296,Rainfall has stopped.
6685,111.433,0.76296,Rainfall has stopped.
6686,111.45,0.76296,Rainfall has stopped.
6687,111.467,0.76296,Rainfall has stopped.
6688,111.483,0.76296,Rainfall has stopped.
6689,111.5,0.76296,Rainfall has stopped.
6690,111.517,0.76296,Rainfall has stopped.
6691,111.533,0.76296,Rainfall has stopped.
6692,111.55,0.76296,Rainfall has stopped.
6693,111.567,0.76296,Rainfall has stopped.
6694,111.583,0.76296,Rainfall has stopped.
6695,111.6,0.76296,Rainfall has stopped.
6696,111.617,0.76296,Rainfall has stopped.
6697,111.633,0.76296,Rainfall has stopped.
6698,111.65,0.762961,Rainfall has stopped.
6699,111.667,0.762961,Rainfall has stopped.
6700,111.683,0.762961,Rainfall has stopped.
6701,111.7,0.762961,Rainfall has stopped.
6702,111.717,0.762962,Rainfall has stopped.
6703,111.733,0.762962,Rainfall has stopped.
6704,111.75,0.762962,Rainfall has stopped.
6705,111.767,0.762962,Rainfall has stopped.
6706,111.783,0.762963,Rainfall has stopped.
6707,111.8,0.762962,Rainfall has stopped.
6708,111.817,0.762963,Rainfall has stopped.
6709,111.833,0.762963,Rainfall has stopped.
6710,111.85,0.762963,Rainfall has stopped.
6711,111.867,0.762963,Rainfall has stopped.
6712,111.883,0.762963,Rainfall has stopped.
6713,111.9,0.762963,Rainfall has stopped.
6714,111.917,0.762963,Rainfall has stopped.
6715,111.933,0.762963,Rainfall has stopped.
6716,111.95,0.762963,Rainfall has stopped.
6717,111.967,0.762963,Rainfall has stopped.
6718,111.983,0.762963,Rainfall has stopped.
6719,112,0.762963,Rainfall has stopped.
6720,112.017,0.762963,Rainfall has stopped.
6721,112.033,0.762963,Rainfall has stopped.
6722,112.05,0.762963,Rainfall has stopped.
6723,112.067,0.762963,Rainfall has stopped.
6724,112.083,0.762963,Rainfall has stopped.
6725,112.1,0.762963,Rainfall has stopped.
6726,112.117,0.762963,Rainfall has stopped.
6727,112.133,0.762963,Rainfall has stopped.
6728,112.15,0.762963,Rainfall has stopped.
6729,112.167,0.762963,Rainfall has stopped.
6730,112.183,0.762963,Rainfall has stopped.
6731,112.2,0.762963,Rainfall has stopped.
6732,112.217,0.762963,Rainfall has stopped.
6733,112.233,0.762963,Rainfall has stopped.
6734,112.25,0.762963,Rainfall has stopped.
6735,112.267,0.762963,Rainfall has stopped.
6736,112.283,0.762963,Rainfall has stopped.
6737,112.3,0.762963,Rainfall has stopped.
6738,112.317,0.762963,Rainfall has stopped.
6739,112.333,0.762963,Rainfall has stopped.
6740,112.35,0.762963,Rainfall has stopped.
6741,112.367,0.762963,Rainfall has stopped.
6742,112.383,0.762963,Rainfall has stopped.
6743,112.4,0.762963,Rainfall has stopped.
6744,112.417,0.762963,Rainfall has stopped.
6745,112.433,0.762963,Rainfall has stopped.
6746,112.45,0.762963,Rainfall has stopped.
6747,112.467,0.762963,Rainfall has stopped.
6748,112.483,0.762963,Rainfall has stopped.
6749,112.5,0.762963,Rainfall has stopped.
6750,112.517,0.762963,Rainfall has stopped.
6751,112.533,0.762963,Rainfall has stopped.
6752,112.55,0.762963,Rainfall has stopped.
6753,112.567,0.762963,Rainfall has stopped.
6754,112.583,0.762963,Rainfall has stopped.
6755,112.6,0.762963,Rainfall has stopped.
6756,112.617,0.762963,Rainfall has stopped.
6757,112.633,0.762963,Rainfall has stopped.
6758,112.65,0.762963,Rainfall has stopped.
6759,112.667,0.762963,Rainfall has stopped.
6760,112.683,0.762963,Rainfall has stopped.
6761,112.7,0.762963,Rainfall has stopped.
6762,112.717,0.762963,Rainfall has stopped.
6763,112.733,0.762963,Rainfall has stopped.
6764,112.75,0.762962,Rainfall has stopped.
6765,112.767,0.762962,Rainfall has stopped.
6766,112.783,0.762962,Rainfall has stopped.
6767,112.8,0.762962,Rainfall has stopped.
6768,112.817,0.762961,Rainfall has stopped.
6769,112.833,0.762961,Rainfall has stopped.
6770,112.85,0.762961,Rainfall has stopped.
6771,112.867,0.762961,Rainfall has stopped.
6772,112.883,0.762961,Rainfall has stopped.
6773,112.9,0.762961,Rainfall has stopped.
6774,112.917,0.762961,Rainfall has stopped.
6775,112.933,0.762961,Rainfall has stopped.
6776,112.95,0.762961,Rainfall has stopped.
6777,112.967,0.762961,Rainfall has stopped.
6778,112.983,0.762961,Rainfall has stopped.
6779,113,0.762961,Rainfall has stopped.
6780,113.017,0.762961,Rainfall has stopped.
6781,113.033,0.762961,Rainfall has stopped.
6782,113.05,0.762961,Rainfall has stopped.
6783,113.067,0.762961,Rainfall has stopped.
6784,113.083,0.762961,Rainfall has stopped.
6785,113.1,0.762961,Rainfall has stopped.
6786,113.117,0.762961,Rainfall has stopped.
6787,113.133,0.762961,Rainfall has stopped.
6788,113.15,0.762961,Rainfall has stopped.
6789,113.167,0.762961,Rainfall has stopped.
6790,113.183,0.762961,Rainfall has stopped.
6791,113.2,0.762961,Rainfall has stopped.
6792,113.217,0.762961,Rainfall has stopped.
6793,113.233,0.762961,Rainfall has stopped.
6794,113.25,0.762961,Rainfall has stopped.
6795,113.267,0.762961,Rainfall has stopped.
6796,113.283,0.762961,Rainfall has stopped.
6797,113.3,0.762961,Rainfall has stopped.
6798,113.317,0.762961,Rainfall has stopped.
6799,113.333,0.762961,Rainfall has stopped.
6800,113.35,0.762961,Rainfall has stopped.
6801,113.367,0.762961,Rainfall has stopped.
6802,113.383,0.762961,Rainfall has stopped.
6803,113.4,0.762961,Rainfall has stopped.
6804,113.417,0.762961,Rainfall has stopped.
6805,113.433,0.762961,Rainfall has stopped.
6806,113.45,0.762961,Rainfall has stopped.
6807,113.467,0.762962,Rainfall has stopped.
6808,113.483,0.762962,Rainfall has stopped.
6809,113.5,0.762962,Rainfall has stopped.
6810,113.517,0.762962,Rainfall has stopped.
6811,113.533,0.762962,Rainfall has stopped.
6812,113.55,0.762962,Rainfall has stopped.
6813,113.567,0.762962,Rainfall has stopped.
6814,113.583,0.762962,Rainfall has stopped.
6815,113.6,0.762962,Rainfall has stopped.
6816,113.617,0.762962,Rainfall has stopped.
6817,113.633,0.762962,Rainfall has stopped.
6818,113.65,0.762962,Rainfall has stopped.
6819,113.667,0.762962,Rainfall has stopped.
6820,113.683,0.762962,Rainfall has stopped.
6821,113.7,0.762962,Rainfall has stopped.
6822,113.717,0.762962,Rainfall has stopped.
6823,113.733,0.762962,Rainfall has stopped.
6824,113.75,0.762962,Rainfall has stopped.
6825,113.767,0.762962,Rainfall has stopped.
6826,113.783,0.762962,Rainfall has stopped.
6827,113.8,0.762962,Rainfall has stopped.
6828,113.817,0.762962,Rainfall has stopped.
6829,113.833,0.762962,Rainfall has stopped.
6830,113.85,0.762962,Rainfall has stopped.
6831,113.867,0.762962,Rainfall has stopped.
6832,113.883,0.762962,Rainfall has stopped.
6833,113.9,0.762962,Rainfall has stopped.
6834,113.917,0.762962,Rainfall has stopped.
6835,113.933,0.762962,Rainfall has stopped.
6836,113.95,0.762962,Rainfall has stopped.
6837,113.967,0.762962,Rainfall has stopped.
6838,113.983,0.762962,Rainfall has stopped.
6839,114,0.762962,Rainfall has stopped.
6840,114.017,0.762962,Rainfall has stopped.
6841,114.033,0.762962,Rainfall has stopped.
6842,114.05,0.762962,Rainfall has stopped.
6843,114.067,0.762962,Rainfall has stopped.
6844,114.083,0.762962,Rainfall has stopped.
6845,114.1,0.762962,Rainfall has stopped.
6846,114.117,0.762962,Rainfall has stopped.
6847,114.133,0.762962,Rainfall has stopped.
6848,114.15,0.762962,Rainfall has stopped.
6849,114.167,0.762962,Rainfall has stopped.
6850,114.183,0.762962,Rainfall has stopped.
6851,114.2,0.762962,Rainfall has stopped.
6852,114.217,0.762962,Rainfall has stopped.
6853,114.233,0.762962,Rainfall has stopped.
6854,114.25,0.762962,Rainfall has stopped.
6855,114.267,0.762962,Rainfall has stopped.
6856,114.283,0.762962,Rainfall has stopped.
6857,114.3,0.762962,Rainfall has stopped.
6858,114.317,0.762962,Rainfall has stopped.
6859,114.333,0.762962,Rainfall has stopped.
6860,114.35,0.762963,Rainfall has stopped.
6861,114.367,0.762963,Rainfall has stopped.
6862,114.383,0.762963,Rainfall has stopped.
6863,114.4,0.762963,Rainfall has stopped.
6864,114.417,0.762963,Rainfall has stopped.
6865,114.433,0.762964,Rainfall has stopped.
6866,114.45,0.762964,Rainfall has stopped.
6867,114.467,0.762964,Rainfall has stopped.
6868,114.483,0.762964,Rainfall has stopped.
6869,114.5,0.762964,Rainfall has stopped.
6870,114.517,0.762964,Rainfall has stopped.
6871,114.533,0.762964,Rainfall has stopped.
6872,114.55,0.762964,Rainfall has stopped.
6873,114.567,0.762964,Rainfall has stopped.
6874,114.583,0.762964,Rainfall has stopped.
6875,114.6,0.762964,Rainfall has stopped.
6876,114.617,0.762964,Rainfall has stopped.
6877,114.633,0.762964,Rainfall has stopped.
6878,114.65,0.762964,Rainfall has stopped.
6879,114.667,0.762964,Rainfall has stopped.
6880,114.683,0.762964,Rainfall has stopped.
6881,114.7,0.762964,Rainfall has stopped.
6882,114.717,0.762964,Rainfall has stopped.
6883,114.733,0.762964,Rainfall has stopped.
6884,114.75,0.762964,Rainfall has stopped.
6885,114.767,0.762964,Rainfall has stopped.
6886,114.783,0.762964,Rainfall has stopped.
6887,114.8,0.762964,Rainfall has stopped.
6888,114.817,0.762964,Rainfall has stopped.
6889,114.833,0.762964,Rainfall has stopped.
6890,114.85,0.762964,Rainfall has stopped.
6891,114.867,0.762964,Rainfall has stopped.
6892,114.883,0.762964,Rainfall has stopped.
6893,114.9,0.762964,Rainfall has stopped.
6894,114.917,0.762964,Rainfall has stopped.
6895,114.933,0.762964,Rainfall has stopped.
6896,114.95,0.762964,Rainfall has stopped.
6897,114.967,0.762964,Rainfall has stopped.
6898,114.983,0.762964,Rainfall has stopped.
6899,115,0.762964,Rainfall has stopped.
6900,115.017,0.762964,Rainfall has stopped.
6901,115.033,0.762964,Rainfall has stopped.
6902,115.05,0.762964,Rainfall has stopped.
6903,115.067,0.762964,Rainfall has stopped.
6904,115.083,0.762964,Rainfall has stopped.
6905,115.1,0.762964,Rainfall has stopped.
6906,115.117,0.762964,Rainfall has stopped.
6907,115.133,0.762963,Rainfall has stopped.
6908,115.15,0.762963,Rainfall has stopped.
6909,115.167,0.762963,Rainfall has stopped.
6910,115.183,0.762963,Rainfall has stopped.
6911,115.2,0.762963,Rainfall has stopped.
6912,115.217,0.762963,Rainfall has stopped.
6913,115.233,0.762963,Rainfall has stopped.
6914,115.25,0.762963,Rainfall has stopped.
6915,115.267,0.762963,Rainfall has stopped.
6916,115.283,0.762963,Rainfall has stopped.
6917,115.3,0.762963,Rainfall has stopped.
6918,115.317,0.762963,Rainfall has stopped.
6919,115.333,0.762963,Rainfall has stopped.
6920,115.35,0.762963,Rainfall has stopped.
6921,115.367,0.762963,Rainfall has stopped.
6922,115.383,0.762963,Rainfall has stopped.
6923,115.4,0.762963,Rainfall has stopped.
6924,115.417,0.762963,Rainfall has stopped.
6925,115.433,0.762963,Rainfall has stopped.
6926,115.45,0.762964,Rainfall has stopped.
6927,115.467,0.762964,Rainfall has stopped.
6928,115.483,0.762964,Rainfall has stopped.
6929,115.5,0.762964,Rainfall has stopped.
6930,115.517,0.762964,Rainfall has stopped.
6931,115.533,0.762964,Rainfall has stopped.
6932,115.55,0.762964,Rainfall has stopped.
6933,115.567,0.762964,Rainfall has stopped.
6934,115.583,0.762964,Rainfall has stopped.
6935,115.6,0.762964,Rainfall has stopped.
6936,115.617,0.762964,Rainfall has stopped.
6937,115.633,0.762964,Rainfall has stopped.
6938,115.65,0.762964,Rainfall has stopped.
6939,115.667,0.762964,Rainfall has stopped.
6940,115.683,0.762964,Rainfall has stopped.
6941,115.7,0.762964,Rainfall has stopped.
6942,115.717,0.762964,Rainfall has stopped.
6943,115.733,0.762964,Rainfall has stopped.
6944,115.75,0.762964,Rainfall has stopped.
6945,115.767,0.762964,Rainfall has stopped.
6946,115.783,0.762964,Rainfall has stopped.
6947,115.8,0.762964,Rainfall has stopped.
6948,115.817,0.762964,Rainfall has stopped.
6949,115.833,0.762964,Rainfall has stopped.
6950,115.85,0.762964,Rainfall has stopped.
6951,115.867,0.762964,Rainfall has stopped.
6952,115.883,0.762964,Rainfall has stopped.
6953,115.9,0.762964,Rainfall has stopped.
6954,115.917,0.762964,Rainfall has stopped.
6955,115.933,0.762964,Rainfall has stopped.
6956,115.95,0.762964,Rainfall has stopped.
6957,115.967,0.762964,Rainfall has stopped.
6958,115.983,0.762964,Rainfall has stopped.
6959,116,0.762964,Rainfall has stopped.
6960,116.017,0.762964,Rainfall has stopped.
6961,116.033,0.762964,Rainfall has stopped.
6962,116.05,0.762964,Rainfall has stopped.
6963,116.067,0.762964,Rainfall has stopped.
6964,116.083,0.762964,Rainfall has stopped.
6965,116.1,0.762964,Rainfall has stopped.
6966,116.117,0.762964,Rainfall has stopped.
6967,116.133,0.762964,Rainfall has stopped.
6968,116.15,0.762964,Rainfall has stopped.
6969,116.167,0.762964,Rainfall has stopped.
6970,116.183,0.762964,Rainfall has stopped.
6971,116.2,0.762964,Rainfall has stopped.
6972,116.217,0.762964,Rainfall has stopped.
6973,116.233,0.762964,Rainfall has stopped.
6974,116.25,0.762964,Rainfall has stopped.
6975,116.267,0.762964,Rainfall has stopped.
6976,116.283,0.762964,Rainfall has stopped.
6977,116.3,0.762964,Rainfall has stopped.
6978,116.317,0.762964,Rainfall has stopped.
6979,116.333,0.762964,Rainfall has stopped.
6980,116.35,0.762964,Rainfall has stopped.
6981,116.367,0.762964,Rainfall has stopped.
6982,116.383,0.762964,Rainfall has stopped.
6983,116.4,0.762964,Rainfall has stopped.
6984,116.417,0.762964,Rainfall has stopped.
6985,116.433,0.762964,Rainfall has stopped.
6986,116.45,0.762964,Rainfall has stopped.
6987,116.467,0.762964,Rainfall has stopped.
6988,116.483,0.762964,Rainfall has stopped.
6989,116.5,0.762964,Rainfall has stopped.
6990,116.517,0.762964,Rainfall has stopped.
6991,116.533,0.762964,Rainfall has stopped.
6992,116.55,0.762964,Rainfall has stopped.
6993,116.567,0.762964,Rainfall has stopped.
6994,116.583,0.762964,Rainfall has stopped.
6995,116.6,0.762964,Rainfall has stopped.
6996,116.617,0.762964,Rainfall has stopped.
6997,116.633,0.762964,Rainfall has stopped.
6998,116.65,0.762964,Rainfall has stopped.
6999,116.667,0.762965,Rainfall has stopped.
7000,116.683,0.762965,Rainfall has stopped.
7001,116.7,0.762965,Rainfall has stopped.
7002,116.717,0.762965,Rainfall has stopped.
7003,116.733,0.762965,Rainfall has stopped.
7004,116.75,0.762965,Rainfall has stopped.
7005,116.767,0.762965,Rainfall has stopped.
7006,116.783,0.762966,Rainfall has stopped.
7007,116.8,0.762966,Rainfall has stopped.
7008,116.817,0.762966,Rainfall has stopped.
7009,116.833,0.762966,Rainfall has stopped.
7010,116.85,0.762966,Rainfall has stopped.
7011,116.867,0.762966,Rainfall has stopped.
7012,116.883,0.762967,Rainfall has stopped.
7013,116.9,0.762967,Rainfall has stopped.
7014,116.917,0.762967,Rainfall has stopped.
7015,116.933,0.762967,Rainfall has stopped.
7016,116.95,0.762967,Rainfall has stopped.
7017,116.967,0.762967,Rainfall has stopped.
7018,116.983,0.762967,Rainfall has stopped.
7019,117,0.762967,Rainfall has stopped.
7020,117.017,0.762967,Rainfall has stopped.
7021,117.033,0.762967,Rainfall has stopped.
7022,117.05,0.762967,Rainfall has stopped.
7023,117.067,0.762967,Rainfall has stopped.
7024,117.083,0.762967,Rainfall has stopped.
7025,117.1,0.762967,Rainfall has stopped.
7026,117.117,0.762967,Rainfall has stopped.
7027,117.133,0.762967,Rainfall has stopped.
7028,117.15,0.762967,Rainfall has stopped.
7029,117.167,0.762967,Rainfall has stopped.
7030,117.183,0.762967,Rainfall has stopped.
7031,117.2,0.762967,Rainfall has stopped.
7032,117.217,0.762967,Rainfall has stopped.
7033,117.233,0.762967,Rainfall has stopped.
7034,117.25,0.762967,Rainfall has stopped.
7035,117.267,0.762967,Rainfall has stopped.
7036,117.283,0.762967,Rainfall has stopped.
7037,117.3,0.762967,Rainfall has stopped.
7038,117.317,0.762967,Rainfall has stopped.
7039,117.333,0.762967,Rainfall has stopped.
7040,117.35,0.762967,Rainfall has stopped.
7041,117.367,0.762967,Rainfall has stopped.
7042,117.383,0.762967,Rainfall has stopped.
7043,117.4,0.762967,Rainfall has stopped.
7044,117.417,0.762967,Rainfall has stopped.
7045,117.433,0.762967,Rainfall has stopped.
7046,117.45,0.762967,Rainfall has stopped.
7047,117.467,0.762967,Rainfall has stopped.
7048,117.483,0.762967,Rainfall has stopped.
7049,117.5,0.762967,Rainfall has stopped.
7050,117.517,0.762967,Rainfall has stopped.
7051,117.533,0.762967,Rainfall has stopped.
7052,117.55,0.762967,Rainfall has stopped.
7053,117.567,0.762967,Rainfall has stopped.
7054,117.583,0.762967,Rainfall has stopped.
7055,117.6,0.762967,Rainfall has stopped.
7056,117.617,0.762967,Rainfall has stopped.
7057,117.633,0.762967,Rainfall has stopped.
7058,117.65,0.762967,Rainfall has stopped.
7059,117.667,0.762967,Rainfall has stopped.
7060,117.683,0.762967,Rainfall has stopped.
7061,117.7,0.762967,Rainfall has stopped.
7062,117.717,0.762967,Rainfall has stopped.
7063,117.733,0.762967,Rainfall has stopped.
7064,117.75,0.762967,Rainfall has stopped.
7065,117.767,0.762967,Rainfall has stopped.
7066,117.783,0.762967,Rainfall has stopped.
7067,117.8,0.762967,Rainfall has stopped.
7068,117.817,0.762967,Rainfall has stopped.
7069,117.833,0.762966,Rainfall has stopped.
7070,117.85,0.762966,Rainfall has stopped.
7071,117.867,0.762966,Rainfall has stopped.
7072,117.883,0.762966,Rainfall has stopped.
7073,117.9,0.762966,Rainfall has stopped.
7074,117.917,0.762966,Rainfall has stopped.
7075,117.933,0.762966,Rainfall has stopped.
7076,117.95,0.762966,Rainfall has stopped.
7077,117.967,0.762966,Rainfall has stopped.
7078,117.983,0.762966,Rainfall has stopped.
7079,118,0.762966,Rainfall has stopped.
7080,118.017,0.762966,Rainfall has stopped.
7081,118.033,0.762966,Rainfall has stopped.
7082,118.05,0.762966,Rainfall has stopped.
7083,118.067,0.762966,Rainfall has stopped.
7084,118.083,0.762966,Rainfall has stopped.
7085,118.1,0.762966,Rainfall has stopped.
7086,118.117,0.762966,Rainfall has stopped.
7087,118.133,0.762966,Rainfall has stopped.
7088,118.15,0.762966,Rainfall has stopped.
7089,118.167,0.762966,Rainfall has stopped.
7090,118.183,0.762966,Rainfall has stopped.
7091,118.2,0.762966,Rainfall has stopped.
7092,118.217,0.762966,Rainfall has stopped.
7093,118.233,0.762966,Rainfall has stopped.
7094,118.25,0.762966,Rainfall has stopped.
7095,118.267,0.762966,Rainfall has stopped.
7096,118.283,0.762965,Rainfall has stopped.
7097,118.3,0.762965,Rainfall has stopped.
7098,118.317,0.762965,Rainfall has stopped.
7099,118.333,0.762965,Rainfall has stopped.
7100,118.35,0.762965,Rainfall has stopped.
7101,118.367,0.762965,Rainfall has stopped.
7102,118.383,0.762965,Rainfall has stopped.
7103,118.4,0.762965,Rainfall has stopped.
7104,118.417,0.762965,Rainfall has stopped.
7105,118.433,0.762965,Rainfall has stopped.
7106,118.45,0.762965,Rainfall has stopped.
7107,118.467,0.762965,Rainfall has stopped.
7108,118.483,0.762965,Rainfall has stopped.
7109,118.5,0.762965,Rainfall has stopped.
7110,118.517,0.762965,Rainfall has stopped.
7111,118.533,0.762965,Rainfall has stopped.
7112,118.55,0.762965,Rainfall has stopped.
7113,118.567,0.762965,Rainfall has stopped.
7114,118.583,0.762965,Rainfall has stopped.
7115,118.6,0.762965,Rainfall has stopped.
7116,118.617,0.762965,Rainfall has stopped.
7117,118.633,0.762965,Rainfall has stopped.
7118,118.65,0.762965,Rainfall has stopped.
7119,118.667,0.762965,Rainfall has stopped.
7120,118.683,0.762965,Rainfall has stopped.
7121,118.7,0.762965,Rainfall has stopped.
7122,118.717,0.762965,Rainfall has stopped.
7123,118.733,0.762965,Rainfall has stopped.
7124,118.75,0.762965,Rainfall has stopped.
7125,118.767,0.762965,Rainfall has stopped.
7126,118.783,0.762965,Rainfall has stopped.
7127,118.8,0.762965,Rainfall has stopped.
7128,118.817,0.762965,Rainfall has stopped.
7129,118.833,0.762965,Rainfall has stopped.
7130,118.85,0.762965,Rainfall has stopped.
7131,118.867,0.762965,Rainfall has stopped.
7132,118.883,0.762965,Rainfall has stopped.
7133,118.9,0.762965,Rainfall has stopped.
7134,118.917,0.762965,Rainfall has stopped.
7135,118.933,0.762966,Rainfall has stopped.
7136,118.95,0.762966,Rainfall has stopped.
7137,118.967,0.762966,Rainfall has stopped.
7138,118.983,0.762966,Rainfall has stopped.
7139,119,0.762966,Rainfall has stopped.
7140,119.017,0.762966,Rainfall has stopped.
7141,119.033,0.762966,Rainfall has stopped.
7142,119.05,0.762966,Rainfall has stopped.
7143,119.067,0.762966,Rainfall has stopped.
7144,119.083,0.762966,Rainfall has stopped.
7145,119.1,0.762966,Rainfall has stopped.
7146,119.117,0.762966,Rainfall has stopped.
7147,119.133,0.762966,Rainfall has stopped.
7148,119.15,0.762966,Rainfall has stopped.
7149,119.167,0.762966,Rainfall has stopped.
7150,119.183,0.762966,Rainfall has stopped.
7151,119.2,0.762966,Rainfall has stopped.
7152,119.217,0.762966,Rainfall has stopped.
7153,119.233,0.762966,Rainfall has stopped.
7154,119.25,0.762966,Rainfall has stopped.
7155,119.267,0.762966,Rainfall has stopped.
7156,119.283,0.762966,Rainfall has stopped.
7157,119.3,0.762966,Rainfall has stopped.
7158,119.317,0.762966,Rainfall has stopped.
7159,119.333,0.762966,Rainfall has stopped.
7160,119.35,0.762966,Rainfall has stopped.
7161,119.367,0.762966,Rainfall has stopped.
7162,119.383,0.762966,Rainfall has stopped.
7163,119.4,0.762966,Rainfall has stopped.
7164,119.417,0.762966,Rainfall has stopped.
7165,119.433,0.762966,Rainfall has stopped.
7166,119.45,0.762966,Rainfall has stopped.
7167,119.467,0.762966,Rainfall has stopped.
7168,119.483,0.762966,Rainfall has stopped.
7169,119.5,0.762966,Rainfall has stopped.
7170,119.517,0.762966,Rainfall has stopped.
7171,119.533,0.762966,Rainfall has stopped.
7172,119.55,0.762966,Rainfall has stopped.
7173,119.567,0.762966,Rainfall has stopped.
7174,119.583,0.762966,Rainfall has stopped.
7175,119.6,0.762966,Rainfall has stopped.
7176,119.617,0.762966,Rainfall has stopped.
7177,119.633,0.762966,Rainfall has stopped.
7178,119.65,0.762966,Rainfall has stopped.
7179,119.667,0.762966,Rainfall has stopped.
7180,119.683,0.762966,Rainfall has stopped.
7181,119.7,0.762966,Rainfall has stopped.
7182,119.717,0.762966,Rainfall has stopped.
7183,119.733,0.762966,Rainfall has stopped.
7184,119.75,0.762966,Rainfall has stopped.
7185,119.767,0.762966,Rainfall has stopped.
7186,119.783,0.762965,Rainfall has stopped.
7187,119.8,0.762965,Rainfall has stopped.
7188,119.817,0.762965,Rainfall has stopped.
7189,119.833,0.762965,Rainfall has stopped.
7190,119.85,0.762965,Rainfall has stopped.
7191,119.867,0.762965,Rainfall has stopped.
7192,119.883,0.762965,Rainfall has stopped.
7193,119.9,0.762966,Rainfall has stopped.
7194,119.917,0.762966,Rainfall has stopped.
7195,119.933,0.762966,Rainfall has stopped.
7196,119.95,0.762966,Rainfall has stopped.
7197,119.967,0.762966,Rainfall has stopped.
7198,119.983,0.762966,Rainfall has stopped.
7199,120,0.762966,Rainfall has stopped.
Simulation time used by my computer for this 120 hours simulation=12.280982858333335 minutes,,,
