Processors = 12,,,
Duration = 432000 seconds,,,
Rain_application_duration = 0 hours,,,
Time_step = 60 seconds,,,
cfl = 0.70000000000000007,,,
Time_step_min = 60 seconds,,,
Time_steps = 7200,,,
mult = 0,,,
addition = 0.028000001,,,
InitialWaterLevel = 0 meter,,,
Minutes_to_seconds = 60,,,
Hour_to_minute = 60,,,
Rain_duration_seconds = 1,,,
sea_level = 4.6999998 meter,,,
Dike scenario = WITHOUT DIKE,,,
Target cell = column 1014, row 1042,,,
seconds_per_day = 86400,,,
current_time = 0 seconds,,,
------------------------------,,,
Time step,Time [hours],Max difference in water depth [m],Rainfall situation
0,0.0166667,0,No rainfall.
1,0.0333333,0,No rainfall.
2,0.05,0.0160508,No rainfall.
3,0.0666667,0.0304275,No rainfall.
4,0.0833333,0.0431962,No rainfall.
5,0.1,0.0544701,No rainfall.
6,0.116667,0.0643597,No rainfall.
7,0.133333,0.072979,No rainfall.
8,0.15,0.0804424,No rainfall.
9,0.166667,0.0868626,No rainfall.
10,0.183333,0.0923467,No rainfall.
11,0.2,0.0969973,No rainfall.
12,0.216667,0.10091,No rainfall.
13,0.233333,0.104173,No rainfall.
14,0.25,0.106866,No rainfall.
15,0.266667,0.109067,No rainfall.
16,0.283333,0.110838,No rainfall.
17,0.3,0.11224,No rainfall.
18,0.316667,0.113321,No rainfall.
19,0.333333,0.114129,No rainfall.
20,0.35,0.114705,No rainfall.
21,0.366667,0.115903,No rainfall.
22,0.383333,0.11733,No rainfall.
23,0.4,0.118587,No rainfall.
24,0.416667,0.119641,No rainfall.
25,0.433333,0.120342,No rainfall.
26,0.45,0.12097,No rainfall.
27,0.466667,0.121534,No rainfall.
28,0.483333,0.122043,No rainfall.
29,0.5,0.122501,No rainfall.
30,0.516667,0.122917,No rainfall.
31,0.533333,0.123293,No rainfall.
32,0.55,0.123637,No rainfall.
33,0.566667,0.123952,No rainfall.
34,0.583333,0.12424,No rainfall.
35,0.6,0.124506,No rainfall.
36,0.616667,0.124752,No rainfall.
37,0.633333,0.12498,No rainfall.
38,0.65,0.125192,No rainfall.
39,0.666667,0.139759,No rainfall.
40,0.683333,0.161443,No rainfall.
41,0.7,0.183468,No rainfall.
42,0.716667,0.205647,No rainfall.
43,0.733333,0.227813,No rainfall.
44,0.75,0.24982,No rainfall.
45,0.766667,0.271538,No rainfall.
46,0.783333,0.292852,No rainfall.
47,0.8,0.313634,No rainfall.
48,0.816667,0.333807,No rainfall.
49,0.833333,0.353262,No rainfall.
50,0.85,0.374462,No rainfall.
51,0.866667,0.3966,No rainfall.
52,0.883333,0.41796,No rainfall.
53,0.9,0.438489,No rainfall.
54,0.916667,0.458146,No rainfall.
55,0.933333,0.4769,No rainfall.
56,0.95,0.494703,No rainfall.
57,0.966667,0.511542,No rainfall.
58,0.983333,0.528028,No rainfall.
59,1,0.546815,No rainfall.
60,1.01667,0.565358,No rainfall.
61,1.03333,0.583338,No rainfall.
62,1.05,0.600365,No rainfall.
63,1.06667,0.616439,No rainfall.
64,1.08333,0.631567,No rainfall.
65,1.1,0.645761,No rainfall.
66,1.11667,0.659038,No rainfall.
67,1.13333,0.671417,No rainfall.
68,1.15,0.682921,No rainfall.
69,1.16667,0.693577,No rainfall.
70,1.18333,0.703413,No rainfall.
71,1.2,0.712459,No rainfall.
72,1.21667,0.720747,No rainfall.
73,1.23333,0.728308,No rainfall.
74,1.25,0.735178,No rainfall.
75,1.26667,0.741389,No rainfall.
76,1.28333,0.746975,No rainfall.
77,1.3,0.751972,No rainfall.
78,1.31667,0.756411,No rainfall.
79,1.33333,0.760327,No rainfall.
80,1.35,0.763752,No rainfall.
81,1.36667,0.766717,No rainfall.
82,1.38333,0.769255,No rainfall.
83,1.4,0.771394,No rainfall.
84,1.41667,0.773164,No rainfall.
85,1.43333,0.774593,No rainfall.
86,1.45,0.775708,No rainfall.
87,1.46667,0.776535,No rainfall.
88,1.48333,0.777097,No rainfall.
89,1.5,0.777418,No rainfall.
90,1.51667,0.777521,No rainfall.
91,1.53333,0.777426,No rainfall.
92,1.55,0.777153,No rainfall.
93,1.56667,0.77672,No rainfall.
94,1.58333,0.776145,No rainfall.
95,1.6,0.775445,No rainfall.
96,1.61667,0.774634,No rainfall.
97,1.63333,0.773726,No rainfall.
98,1.65,0.772735,No rainfall.
99,1.66667,0.771673,No rainfall.
100,1.68333,0.770552,No rainfall.
101,1.7,0.76938,No rainfall.
102,1.71667,0.768169,No rainfall.
103,1.73333,0.766926,No rainfall.
104,1.75,0.76566,No rainfall.
105,1.76667,0.764377,No rainfall.
106,1.78333,0.763085,No rainfall.
107,1.8,0.761789,No rainfall.
108,1.81667,0.760494,No rainfall.
109,1.83333,0.759206,No rainfall.
110,1.85,0.757929,No rainfall.
111,1.86667,0.756665,No rainfall.
112,1.88333,0.755419,No rainfall.
113,1.9,0.754193,No rainfall.
114,1.91667,0.75299,No rainfall.
115,1.93333,0.751811,No rainfall.
116,1.95,0.750659,No rainfall.
117,1.96667,0.749535,No rainfall.
118,1.98333,0.74844,No rainfall.
119,2,0.747376,No rainfall.
120,2.01667,0.746343,No rainfall.
121,2.03333,0.74534,No rainfall.
122,2.05,0.747379,No rainfall.
123,2.06667,0.751443,No rainfall.
124,2.08333,0.755196,No rainfall.
125,2.1,0.758649,No rainfall.
126,2.11667,0.761811,No rainfall.
127,2.13333,0.764693,No rainfall.
128,2.15,0.767304,No rainfall.
129,2.16667,0.769655,No rainfall.
130,2.18333,0.771755,No rainfall.
131,2.2,0.773615,No rainfall.
132,2.21667,0.775244,No rainfall.
133,2.23333,0.776653,No rainfall.
134,2.25,0.77785,No rainfall.
135,2.26667,0.778847,No rainfall.
136,2.28333,0.779651,No rainfall.
137,2.3,0.780273,No rainfall.
138,2.31667,0.780722,No rainfall.
139,2.33333,0.781006,No rainfall.
140,2.35,0.781135,No rainfall.
141,2.36667,0.781117,No rainfall.
142,2.38333,0.780961,No rainfall.
143,2.4,0.780675,No rainfall.
144,2.41667,0.780267,No rainfall.
145,2.43333,0.779744,No rainfall.
146,2.45,0.779116,No rainfall.
147,2.46667,0.778388,No rainfall.
148,2.48333,0.777569,No rainfall.
149,2.5,0.776664,No rainfall.
150,2.51667,0.775682,No rainfall.
151,2.53333,0.774628,No rainfall.
152,2.55,0.773509,No rainfall.
153,2.56667,0.77233,No rainfall.
154,2.58333,0.771098,No rainfall.
155,2.6,0.769819,No rainfall.
156,2.61667,0.768497,No rainfall.
157,2.63333,0.767138,No rainfall.
158,2.65,0.765746,No rainfall.
159,2.66667,0.764327,No rainfall.
160,2.68333,0.762884,No rainfall.
161,2.7,0.761423,No rainfall.
162,2.71667,0.759948,No rainfall.
163,2.73333,0.758461,No rainfall.
164,2.75,0.756967,No rainfall.
165,2.76667,0.75547,No rainfall.
166,2.78333,0.753972,No rainfall.
167,2.8,0.752476,No rainfall.
168,2.81667,0.750986,No rainfall.
169,2.83333,0.749504,No rainfall.
170,2.85,0.748034,No rainfall.
171,2.86667,0.746576,No rainfall.
172,2.88333,0.745134,No rainfall.
173,2.9,0.743709,No rainfall.
174,2.91667,0.742303,No rainfall.
175,2.93333,0.740918,No rainfall.
176,2.95,0.739556,No rainfall.
177,2.96667,0.738218,No rainfall.
178,2.98333,0.736905,No rainfall.
179,3,0.735619,No rainfall.
180,3.01667,0.73436,No rainfall.
181,3.03333,0.73313,No rainfall.
182,3.05,0.73193,No rainfall.
183,3.06667,0.730759,No rainfall.
184,3.08333,0.729619,No rainfall.
185,3.1,0.72851,No rainfall.
186,3.11667,0.727433,No rainfall.
187,3.13333,0.726388,No rainfall.
188,3.15,0.725374,No rainfall.
189,3.16667,0.724393,No rainfall.
190,3.18333,0.72402,No rainfall.
191,3.2,0.723986,No rainfall.
192,3.21667,0.723952,No rainfall.
193,3.23333,0.72392,No rainfall.
194,3.25,0.723889,No rainfall.
195,3.26667,0.723859,No rainfall.
196,3.28333,0.72383,No rainfall.
197,3.3,0.723801,No rainfall.
198,3.31667,0.723773,No rainfall.
199,3.33333,0.723746,No rainfall.
200,3.35,0.723719,No rainfall.
201,3.36667,0.723693,No rainfall.
202,3.38333,0.723667,No rainfall.
203,3.4,0.723641,No rainfall.
204,3.41667,0.723616,No rainfall.
205,3.43333,0.723591,No rainfall.
206,3.45,0.723567,No rainfall.
207,3.46667,0.723543,No rainfall.
208,3.48333,0.723518,No rainfall.
209,3.5,0.723494,No rainfall.
210,3.51667,0.72347,No rainfall.
211,3.53333,0.723446,No rainfall.
212,3.55,0.723423,No rainfall.
213,3.56667,0.723399,No rainfall.
214,3.58333,0.723375,No rainfall.
215,3.6,0.723351,No rainfall.
216,3.61667,0.723327,No rainfall.
217,3.63333,0.723303,No rainfall.
218,3.65,0.723279,No rainfall.
219,3.66667,0.723256,No rainfall.
220,3.68333,0.723232,No rainfall.
221,3.7,0.723207,No rainfall.
222,3.71667,0.723183,No rainfall.
223,3.73333,0.723159,No rainfall.
224,3.75,0.723134,No rainfall.
225,3.76667,0.723109,No rainfall.
226,3.78333,0.723084,No rainfall.
227,3.8,0.72306,No rainfall.
228,3.81667,0.723035,No rainfall.
229,3.83333,0.72301,No rainfall.
230,3.85,0.722985,No rainfall.
231,3.86667,0.72296,No rainfall.
232,3.88333,0.722935,No rainfall.
233,3.9,0.722909,No rainfall.
234,3.91667,0.722884,No rainfall.
235,3.93333,0.722858,No rainfall.
236,3.95,0.722832,No rainfall.
237,3.96667,0.722806,No rainfall.
238,3.98333,0.722781,No rainfall.
239,4,0.722755,No rainfall.
240,4.01667,0.722729,No rainfall.
241,4.03333,0.722703,No rainfall.
242,4.05,0.722677,No rainfall.
243,4.06667,0.722651,No rainfall.
244,4.08333,0.722624,No rainfall.
245,4.1,0.722598,No rainfall.
246,4.11667,0.722572,No rainfall.
247,4.13333,0.722546,No rainfall.
248,4.15,0.722519,No rainfall.
249,4.16667,0.722493,No rainfall.
250,4.18333,0.722467,No rainfall.
251,4.2,0.72244,No rainfall.
252,4.21667,0.722414,No rainfall.
253,4.23333,0.722388,No rainfall.
254,4.25,0.722362,No rainfall.
255,4.26667,0.722335,No rainfall.
256,4.28333,0.722309,No rainfall.
257,4.3,0.722283,No rainfall.
258,4.31667,0.722257,No rainfall.
259,4.33333,0.722231,No rainfall.
260,4.35,0.722206,No rainfall.
261,4.36667,0.722179,No rainfall.
262,4.38333,0.722154,No rainfall.
263,4.4,0.722128,No rainfall.
264,4.41667,0.722102,No rainfall.
265,4.43333,0.722077,No rainfall.
266,4.45,0.722052,No rainfall.
267,4.46667,0.722026,No rainfall.
268,4.48333,0.722002,No rainfall.
269,4.5,0.721977,No rainfall.
270,4.51667,0.721952,No rainfall.
271,4.53333,0.721927,No rainfall.
272,4.55,0.721902,No rainfall.
273,4.56667,0.721878,No rainfall.
274,4.58333,0.721854,No rainfall.
275,4.6,0.721829,No rainfall.
276,4.61667,0.721806,No rainfall.
277,4.63333,0.721782,No rainfall.
278,4.65,0.721758,No rainfall.
279,4.66667,0.721735,No rainfall.
280,4.68333,0.721712,No rainfall.
281,4.7,0.721689,No rainfall.
282,4.71667,0.721666,No rainfall.
283,4.73333,0.721643,No rainfall.
284,4.75,0.721621,No rainfall.
285,4.76667,0.721598,No rainfall.
286,4.78333,0.721576,No rainfall.
287,4.8,0.721554,No rainfall.
288,4.81667,0.721532,No rainfall.
289,4.83333,0.721511,No rainfall.
290,4.85,0.721489,No rainfall.
291,4.86667,0.721468,No rainfall.
292,4.88333,0.721447,No rainfall.
293,4.9,0.721426,No rainfall.
294,4.91667,0.721406,No rainfall.
295,4.93333,0.721386,No rainfall.
296,4.95,0.721366,No rainfall.
297,4.96667,0.721346,No rainfall.
298,4.98333,0.721326,No rainfall.
299,5,0.721307,No rainfall.
300,5.01667,0.721288,No rainfall.
301,5.03333,0.721269,No rainfall.
302,5.05,0.72125,No rainfall.
303,5.06667,0.721231,No rainfall.
304,5.08333,0.721212,No rainfall.
305,5.1,0.721194,No rainfall.
306,5.11667,0.721176,No rainfall.
307,5.13333,0.721158,No rainfall.
308,5.15,0.72114,No rainfall.
309,5.16667,0.721123,No rainfall.
310,5.18333,0.721106,No rainfall.
311,5.2,0.721088,No rainfall.
312,5.21667,0.721072,No rainfall.
313,5.23333,0.721055,No rainfall.
314,5.25,0.721039,No rainfall.
315,5.26667,0.721023,No rainfall.
316,5.28333,0.721006,No rainfall.
317,5.3,0.72099,No rainfall.
318,5.31667,0.720974,No rainfall.
319,5.33333,0.720959,No rainfall.
320,5.35,0.720943,No rainfall.
321,5.36667,0.720928,No rainfall.
322,5.38333,0.720912,No rainfall.
323,5.4,0.720898,No rainfall.
324,5.41667,0.720883,No rainfall.
325,5.43333,0.720868,No rainfall.
326,5.45,0.720854,No rainfall.
327,5.46667,0.72084,No rainfall.
328,5.48333,0.720826,No rainfall.
329,5.5,0.720812,No rainfall.
330,5.51667,0.720798,No rainfall.
331,5.53333,0.720785,No rainfall.
332,5.55,0.720772,No rainfall.
333,5.56667,0.720758,No rainfall.
334,5.58333,0.720746,No rainfall.
335,5.6,0.720732,No rainfall.
336,5.61667,0.720719,No rainfall.
337,5.63333,0.720706,No rainfall.
338,5.65,0.720694,No rainfall.
339,5.66667,0.720681,No rainfall.
340,5.68333,0.720669,No rainfall.
341,5.7,0.720656,No rainfall.
342,5.71667,0.720644,No rainfall.
343,5.73333,0.720632,No rainfall.
344,5.75,0.72062,No rainfall.
345,5.76667,0.720608,No rainfall.
346,5.78333,0.720597,No rainfall.
347,5.8,0.720585,No rainfall.
348,5.81667,0.720574,No rainfall.
349,5.83333,0.720562,No rainfall.
350,5.85,0.720551,No rainfall.
351,5.86667,0.720541,No rainfall.
352,5.88333,0.72053,No rainfall.
353,5.9,0.720519,No rainfall.
354,5.91667,0.720508,No rainfall.
355,5.93333,0.720497,No rainfall.
356,5.95,0.720487,No rainfall.
357,5.96667,0.720476,No rainfall.
358,5.98333,0.720466,No rainfall.
359,6,0.720455,No rainfall.
360,6.01667,0.720445,No rainfall.
361,6.03333,0.720435,No rainfall.
362,6.05,0.720425,No rainfall.
363,6.06667,0.720415,No rainfall.
364,6.08333,0.720405,No rainfall.
365,6.1,0.720395,No rainfall.
366,6.11667,0.720385,No rainfall.
367,6.13333,0.720376,No rainfall.
368,6.15,0.720366,No rainfall.
369,6.16667,0.720356,No rainfall.
370,6.18333,0.720347,No rainfall.
371,6.2,0.720337,No rainfall.
372,6.21667,0.720328,No rainfall.
373,6.23333,0.720319,No rainfall.
374,6.25,0.72031,No rainfall.
375,6.26667,0.720301,No rainfall.
376,6.28333,0.720292,No rainfall.
377,6.3,0.720283,No rainfall.
378,6.31667,0.720274,No rainfall.
379,6.33333,0.720265,No rainfall.
380,6.35,0.720257,No rainfall.
381,6.36667,0.720248,No rainfall.
382,6.38333,0.720239,No rainfall.
383,6.4,0.720231,No rainfall.
384,6.41667,0.720222,No rainfall.
385,6.43333,0.720213,No rainfall.
386,6.45,0.720205,No rainfall.
387,6.46667,0.720196,No rainfall.
388,6.48333,0.720188,No rainfall.
389,6.5,0.72018,No rainfall.
390,6.51667,0.720172,No rainfall.
391,6.53333,0.720164,No rainfall.
392,6.55,0.720156,No rainfall.
393,6.56667,0.720148,No rainfall.
394,6.58333,0.72014,No rainfall.
395,6.6,0.720132,No rainfall.
396,6.61667,0.720124,No rainfall.
397,6.63333,0.720117,No rainfall.
398,6.65,0.720109,No rainfall.
399,6.66667,0.720101,No rainfall.
400,6.68333,0.720094,No rainfall.
401,6.7,0.720086,No rainfall.
402,6.71667,0.720078,No rainfall.
403,6.73333,0.720071,No rainfall.
404,6.75,0.720063,No rainfall.
405,6.76667,0.720056,No rainfall.
406,6.78333,0.720048,No rainfall.
407,6.8,0.720041,No rainfall.
408,6.81667,0.720034,No rainfall.
409,6.83333,0.720026,No rainfall.
410,6.85,0.720019,No rainfall.
411,6.86667,0.720012,No rainfall.
412,6.88333,0.720005,No rainfall.
413,6.9,0.719998,No rainfall.
414,6.91667,0.719991,No rainfall.
415,6.93333,0.719985,No rainfall.
416,6.95,0.719978,No rainfall.
417,6.96667,0.719971,No rainfall.
418,6.98333,0.719965,No rainfall.
419,7,0.719958,No rainfall.
420,7.01667,0.719951,No rainfall.
421,7.03333,0.719944,No rainfall.
422,7.05,0.719938,No rainfall.
423,7.06667,0.719931,No rainfall.
424,7.08333,0.719924,No rainfall.
425,7.1,0.719918,No rainfall.
426,7.11667,0.719911,No rainfall.
427,7.13333,0.719904,No rainfall.
428,7.15,0.719898,No rainfall.
429,7.16667,0.719892,No rainfall.
430,7.18333,0.719886,No rainfall.
431,7.2,0.71988,No rainfall.
432,7.21667,0.719873,No rainfall.
433,7.23333,0.719867,No rainfall.
434,7.25,0.719861,No rainfall.
435,7.26667,0.719855,No rainfall.
436,7.28333,0.719849,No rainfall.
437,7.3,0.719842,No rainfall.
438,7.31667,0.719836,No rainfall.
439,7.33333,0.719831,No rainfall.
440,7.35,0.719825,No rainfall.
441,7.36667,0.719819,No rainfall.
442,7.38333,0.719813,No rainfall.
443,7.4,0.719808,No rainfall.
444,7.41667,0.719802,No rainfall.
445,7.43333,0.719796,No rainfall.
446,7.45,0.71979,No rainfall.
447,7.46667,0.719785,No rainfall.
448,7.48333,0.719779,No rainfall.
449,7.5,0.719774,No rainfall.
450,7.51667,0.719769,No rainfall.
451,7.53333,0.719763,No rainfall.
452,7.55,0.719758,No rainfall.
453,7.56667,0.719753,No rainfall.
454,7.58333,0.719748,No rainfall.
455,7.6,0.719742,No rainfall.
456,7.61667,0.719737,No rainfall.
457,7.63333,0.719732,No rainfall.
458,7.65,0.719727,No rainfall.
459,7.66667,0.719721,No rainfall.
460,7.68333,0.719716,No rainfall.
461,7.7,0.719711,No rainfall.
462,7.71667,0.719707,No rainfall.
463,7.73333,0.719701,No rainfall.
464,7.75,0.719696,No rainfall.
465,7.76667,0.719691,No rainfall.
466,7.78333,0.719686,No rainfall.
467,7.8,0.719681,No rainfall.
468,7.81667,0.719676,No rainfall.
469,7.83333,0.719672,No rainfall.
470,7.85,0.719667,No rainfall.
471,7.86667,0.719662,No rainfall.
472,7.88333,0.719657,No rainfall.
473,7.9,0.719653,No rainfall.
474,7.91667,0.719648,No rainfall.
475,7.93333,0.719644,No rainfall.
476,7.95,0.71964,No rainfall.
477,7.96667,0.719635,No rainfall.
478,7.98333,0.719631,No rainfall.
479,8,0.719626,No rainfall.
480,8.01667,0.719621,No rainfall.
481,8.03333,0.719616,No rainfall.
482,8.05,0.719612,No rainfall.
483,8.06667,0.719607,No rainfall.
484,8.08333,0.719603,No rainfall.
485,8.1,0.719598,No rainfall.
486,8.11667,0.719594,No rainfall.
487,8.13333,0.71959,No rainfall.
488,8.15,0.719586,No rainfall.
489,8.16667,0.719582,No rainfall.
490,8.18333,0.719579,No rainfall.
491,8.2,0.719575,No rainfall.
492,8.21667,0.719571,No rainfall.
493,8.23333,0.719567,No rainfall.
494,8.25,0.719563,No rainfall.
495,8.26667,0.71956,No rainfall.
496,8.28333,0.719556,No rainfall.
497,8.3,0.719552,No rainfall.
498,8.31667,0.719549,No rainfall.
499,8.33333,0.719545,No rainfall.
500,8.35,0.719541,No rainfall.
501,8.36667,0.719537,No rainfall.
502,8.38333,0.719533,No rainfall.
503,8.4,0.71953,No rainfall.
504,8.41667,0.719526,No rainfall.
505,8.43333,0.719522,No rainfall.
506,8.45,0.719518,No rainfall.
507,8.46667,0.719515,No rainfall.
508,8.48333,0.719511,No rainfall.
509,8.5,0.719507,No rainfall.
510,8.51667,0.719503,No rainfall.
511,8.53333,0.7195,No rainfall.
512,8.55,0.719496,No rainfall.
513,8.56667,0.719492,No rainfall.
514,8.58333,0.719489,No rainfall.
515,8.6,0.719485,No rainfall.
516,8.61667,0.719482,No rainfall.
517,8.63333,0.719478,No rainfall.
518,8.65,0.719475,No rainfall.
519,8.66667,0.719471,No rainfall.
520,8.68333,0.719468,No rainfall.
521,8.7,0.719464,No rainfall.
522,8.71667,0.71946,No rainfall.
523,8.73333,0.719457,No rainfall.
524,8.75,0.719453,No rainfall.
525,8.76667,0.71945,No rainfall.
526,8.78333,0.719446,No rainfall.
527,8.8,0.719443,No rainfall.
528,8.81667,0.71944,No rainfall.
529,8.83333,0.719436,No rainfall.
530,8.85,0.719433,No rainfall.
531,8.86667,0.719429,No rainfall.
532,8.88333,0.719426,No rainfall.
533,8.9,0.719423,No rainfall.
534,8.91667,0.71942,No rainfall.
535,8.93333,0.719417,No rainfall.
536,8.95,0.719414,No rainfall.
537,8.96667,0.71941,No rainfall.
538,8.98333,0.719407,No rainfall.
539,9,0.719404,No rainfall.
540,9.01667,0.719401,No rainfall.
541,9.03333,0.719398,No rainfall.
542,9.05,0.719395,No rainfall.
543,9.06667,0.719392,No rainfall.
544,9.08333,0.719388,No rainfall.
545,9.1,0.719386,No rainfall.
546,9.11667,0.719383,No rainfall.
547,9.13333,0.71938,No rainfall.
548,9.15,0.719377,No rainfall.
549,9.16667,0.719374,No rainfall.
550,9.18333,0.719371,No rainfall.
551,9.2,0.719368,No rainfall.
552,9.21667,0.719365,No rainfall.
553,9.23333,0.719362,No rainfall.
554,9.25,0.719359,No rainfall.
555,9.26667,0.719356,No rainfall.
556,9.28333,0.719353,No rainfall.
557,9.3,0.71935,No rainfall.
558,9.31667,0.719347,No rainfall.
559,9.33333,0.719345,No rainfall.
560,9.35,0.719342,No rainfall.
561,9.36667,0.719339,No rainfall.
562,9.38333,0.719337,No rainfall.
563,9.4,0.719334,No rainfall.
564,9.41667,0.719331,No rainfall.
565,9.43333,0.719328,No rainfall.
566,9.45,0.719326,No rainfall.
567,9.46667,0.719323,No rainfall.
568,9.48333,0.719321,No rainfall.
569,9.5,0.719318,No rainfall.
570,9.51667,0.719316,No rainfall.
571,9.53333,0.719314,No rainfall.
572,9.55,0.719312,No rainfall.
573,9.56667,0.719309,No rainfall.
574,9.58333,0.719307,No rainfall.
575,9.6,0.719305,No rainfall.
576,9.61667,0.719302,No rainfall.
577,9.63333,0.7193,No rainfall.
578,9.65,0.719297,No rainfall.
579,9.66667,0.719295,No rainfall.
580,9.68333,0.719293,No rainfall.
581,9.7,0.71929,No rainfall.
582,9.71667,0.719288,No rainfall.
583,9.73333,0.719285,No rainfall.
584,9.75,0.719283,No rainfall.
585,9.76667,0.719281,No rainfall.
586,9.78333,0.719278,No rainfall.
587,9.8,0.719276,No rainfall.
588,9.81667,0.719274,No rainfall.
589,9.83333,0.719272,No rainfall.
590,9.85,0.71927,No rainfall.
591,9.86667,0.719268,No rainfall.
592,9.88333,0.719266,No rainfall.
593,9.9,0.719264,No rainfall.
594,9.91667,0.719261,No rainfall.
595,9.93333,0.719259,No rainfall.
596,9.95,0.719256,No rainfall.
597,9.96667,0.719254,No rainfall.
598,9.98333,0.719252,No rainfall.
599,10,0.719249,No rainfall.
600,10.0167,0.719247,No rainfall.
601,10.0333,0.719245,No rainfall.
602,10.05,0.719244,No rainfall.
603,10.0667,0.719241,No rainfall.
604,10.0833,0.719239,No rainfall.
605,10.1,0.719236,No rainfall.
606,10.1167,0.719234,No rainfall.
607,10.1333,0.719232,No rainfall.
608,10.15,0.71923,No rainfall.
609,10.1667,0.719228,No rainfall.
610,10.1833,0.719226,No rainfall.
611,10.2,0.719223,No rainfall.
612,10.2167,0.719222,No rainfall.
613,10.2333,0.71922,No rainfall.
614,10.25,0.719218,No rainfall.
615,10.2667,0.719215,No rainfall.
616,10.2833,0.719213,No rainfall.
617,10.3,0.719211,No rainfall.
618,10.3167,0.719209,No rainfall.
619,10.3333,0.719207,No rainfall.
620,10.35,0.719205,No rainfall.
621,10.3667,0.719203,No rainfall.
622,10.3833,0.719201,No rainfall.
623,10.4,0.719199,No rainfall.
624,10.4167,0.719197,No rainfall.
625,10.4333,0.719195,No rainfall.
626,10.45,0.719193,No rainfall.
627,10.4667,0.719191,No rainfall.
628,10.4833,0.719189,No rainfall.
629,10.5,0.719187,No rainfall.
630,10.5167,0.719185,No rainfall.
631,10.5333,0.719183,No rainfall.
632,10.55,0.719182,No rainfall.
633,10.5667,0.71918,No rainfall.
634,10.5833,0.719178,No rainfall.
635,10.6,0.719176,No rainfall.
636,10.6167,0.719174,No rainfall.
637,10.6333,0.719172,No rainfall.
638,10.65,0.71917,No rainfall.
639,10.6667,0.719169,No rainfall.
640,10.6833,0.719167,No rainfall.
641,10.7,0.719165,No rainfall.
642,10.7167,0.719163,No rainfall.
643,10.7333,0.719162,No rainfall.
644,10.75,0.71916,No rainfall.
645,10.7667,0.719158,No rainfall.
646,10.7833,0.719156,No rainfall.
647,10.8,0.719154,No rainfall.
648,10.8167,0.719153,No rainfall.
649,10.8333,0.719151,No rainfall.
650,10.85,0.719149,No rainfall.
651,10.8667,0.719148,No rainfall.
652,10.8833,0.719146,No rainfall.
653,10.9,0.719144,No rainfall.
654,10.9167,0.719142,No rainfall.
655,10.9333,0.719141,No rainfall.
656,10.95,0.719139,No rainfall.
657,10.9667,0.719138,No rainfall.
658,10.9833,0.719136,No rainfall.
659,11,0.719134,No rainfall.
660,11.0167,0.719132,No rainfall.
661,11.0333,0.719131,No rainfall.
662,11.05,0.71913,No rainfall.
663,11.0667,0.719128,No rainfall.
664,11.0833,0.719126,No rainfall.
665,11.1,0.719125,No rainfall.
666,11.1167,0.719123,No rainfall.
667,11.1333,0.719122,No rainfall.
668,11.15,0.71912,No rainfall.
669,11.1667,0.719119,No rainfall.
670,11.1833,0.719117,No rainfall.
671,11.2,0.719115,No rainfall.
672,11.2167,0.719114,No rainfall.
673,11.2333,0.719112,No rainfall.
674,11.25,0.719111,No rainfall.
675,11.2667,0.719109,No rainfall.
676,11.2833,0.719108,No rainfall.
677,11.3,0.719106,No rainfall.
678,11.3167,0.719105,No rainfall.
679,11.3333,0.719103,No rainfall.
680,11.35,0.719102,No rainfall.
681,11.3667,0.7191,No rainfall.
682,11.3833,0.719099,No rainfall.
683,11.4,0.719098,No rainfall.
684,11.4167,0.719096,No rainfall.
685,11.4333,0.719094,No rainfall.
686,11.45,0.719093,No rainfall.
687,11.4667,0.719091,No rainfall.
688,11.4833,0.71909,No rainfall.
689,11.5,0.719089,No rainfall.
690,11.5167,0.719087,No rainfall.
691,11.5333,0.719086,No rainfall.
692,11.55,0.719085,No rainfall.
693,11.5667,0.719084,No rainfall.
694,11.5833,0.719083,No rainfall.
695,11.6,0.719082,No rainfall.
696,11.6167,0.719081,No rainfall.
697,11.6333,0.71908,No rainfall.
698,11.65,0.719079,No rainfall.
699,11.6667,0.719078,No rainfall.
700,11.6833,0.719077,No rainfall.
701,11.7,0.719076,No rainfall.
702,11.7167,0.719075,No rainfall.
703,11.7333,0.719073,No rainfall.
704,11.75,0.719072,No rainfall.
705,11.7667,0.719071,No rainfall.
706,11.7833,0.719069,No rainfall.
707,11.8,0.719068,No rainfall.
708,11.8167,0.719067,No rainfall.
709,11.8333,0.719065,No rainfall.
710,11.85,0.719064,No rainfall.
711,11.8667,0.719063,No rainfall.
712,11.8833,0.719061,No rainfall.
713,11.9,0.71906,No rainfall.
714,11.9167,0.719059,No rainfall.
715,11.9333,0.719058,No rainfall.
716,11.95,0.719057,No rainfall.
717,11.9667,0.719056,No rainfall.
718,11.9833,0.719054,No rainfall.
719,12,0.719053,No rainfall.
720,12.0167,0.719052,No rainfall.
721,12.0333,0.71905,No rainfall.
722,12.05,0.719049,No rainfall.
723,12.0667,0.719048,No rainfall.
724,12.0833,0.719047,No rainfall.
725,12.1,0.719045,No rainfall.
726,12.1167,0.719044,No rainfall.
727,12.1333,0.719043,No rainfall.
728,12.15,0.719042,No rainfall.
729,12.1667,0.71904,No rainfall.
730,12.1833,0.719039,No rainfall.
731,12.2,0.719038,No rainfall.
732,12.2167,0.719036,No rainfall.
733,12.2333,0.719035,No rainfall.
734,12.25,0.719034,No rainfall.
735,12.2667,0.719033,No rainfall.
736,12.2833,0.719031,No rainfall.
737,12.3,0.71903,No rainfall.
738,12.3167,0.719029,No rainfall.
739,12.3333,0.719028,No rainfall.
740,12.35,0.719027,No rainfall.
741,12.3667,0.719026,No rainfall.
742,12.3833,0.719025,No rainfall.
743,12.4,0.719024,No rainfall.
744,12.4167,0.719022,No rainfall.
745,12.4333,0.719021,No rainfall.
746,12.45,0.71902,No rainfall.
747,12.4667,0.719019,No rainfall.
748,12.4833,0.719018,No rainfall.
749,12.5,0.719017,No rainfall.
750,12.5167,0.719016,No rainfall.
751,12.5333,0.719014,No rainfall.
752,12.55,0.719013,No rainfall.
753,12.5667,0.719012,No rainfall.
754,12.5833,0.719011,No rainfall.
755,12.6,0.71901,No rainfall.
756,12.6167,0.719008,No rainfall.
757,12.6333,0.719007,No rainfall.
758,12.65,0.719007,No rainfall.
759,12.6667,0.719005,No rainfall.
760,12.6833,0.719004,No rainfall.
761,12.7,0.719003,No rainfall.
762,12.7167,0.719002,No rainfall.
763,12.7333,0.719001,No rainfall.
764,12.75,0.719,No rainfall.
765,12.7667,0.718999,No rainfall.
766,12.7833,0.718998,No rainfall.
767,12.8,0.718997,No rainfall.
768,12.8167,0.718996,No rainfall.
769,12.8333,0.718995,No rainfall.
770,12.85,0.718994,No rainfall.
771,12.8667,0.718993,No rainfall.
772,12.8833,0.718992,No rainfall.
773,12.9,0.718991,No rainfall.
774,12.9167,0.71899,No rainfall.
775,12.9333,0.718988,No rainfall.
776,12.95,0.718987,No rainfall.
777,12.9667,0.718987,No rainfall.
778,12.9833,0.718985,No rainfall.
779,13,0.718984,No rainfall.
780,13.0167,0.718983,No rainfall.
781,13.0333,0.718982,No rainfall.
782,13.05,0.718981,No rainfall.
783,13.0667,0.71898,No rainfall.
784,13.0833,0.718979,No rainfall.
785,13.1,0.718978,No rainfall.
786,13.1167,0.718977,No rainfall.
787,13.1333,0.718976,No rainfall.
788,13.15,0.718976,No rainfall.
789,13.1667,0.718975,No rainfall.
790,13.1833,0.718974,No rainfall.
791,13.2,0.718973,No rainfall.
792,13.2167,0.718972,No rainfall.
793,13.2333,0.718971,No rainfall.
794,13.25,0.71897,No rainfall.
795,13.2667,0.718969,No rainfall.
796,13.2833,0.718968,No rainfall.
797,13.3,0.718967,No rainfall.
798,13.3167,0.718966,No rainfall.
799,13.3333,0.718965,No rainfall.
800,13.35,0.718964,No rainfall.
801,13.3667,0.718963,No rainfall.
802,13.3833,0.718962,No rainfall.
803,13.4,0.718961,No rainfall.
804,13.4167,0.71896,No rainfall.
805,13.4333,0.71896,No rainfall.
806,13.45,0.718959,No rainfall.
807,13.4667,0.718958,No rainfall.
808,13.4833,0.718957,No rainfall.
809,13.5,0.718956,No rainfall.
810,13.5167,0.718956,No rainfall.
811,13.5333,0.718955,No rainfall.
812,13.55,0.718954,No rainfall.
813,13.5667,0.718953,No rainfall.
814,13.5833,0.718952,No rainfall.
815,13.6,0.718951,No rainfall.
816,13.6167,0.71895,No rainfall.
817,13.6333,0.718949,No rainfall.
818,13.65,0.718948,No rainfall.
819,13.6667,0.718947,No rainfall.
820,13.6833,0.718946,No rainfall.
821,13.7,0.718946,No rainfall.
822,13.7167,0.718945,No rainfall.
823,13.7333,0.718944,No rainfall.
824,13.75,0.718943,No rainfall.
825,13.7667,0.718942,No rainfall.
826,13.7833,0.718941,No rainfall.
827,13.8,0.71894,No rainfall.
828,13.8167,0.71894,No rainfall.
829,13.8333,0.718939,No rainfall.
830,13.85,0.718938,No rainfall.
831,13.8667,0.718937,No rainfall.
832,13.8833,0.718936,No rainfall.
833,13.9,0.718935,No rainfall.
834,13.9167,0.718935,No rainfall.
835,13.9333,0.718934,No rainfall.
836,13.95,0.718933,No rainfall.
837,13.9667,0.718932,No rainfall.
838,13.9833,0.718932,No rainfall.
839,14,0.718931,No rainfall.
840,14.0167,0.71893,No rainfall.
841,14.0333,0.718929,No rainfall.
842,14.05,0.718928,No rainfall.
843,14.0667,0.718927,No rainfall.
844,14.0833,0.718926,No rainfall.
845,14.1,0.718926,No rainfall.
846,14.1167,0.718925,No rainfall.
847,14.1333,0.718924,No rainfall.
848,14.15,0.718923,No rainfall.
849,14.1667,0.718923,No rainfall.
850,14.1833,0.718922,No rainfall.
851,14.2,0.718921,No rainfall.
852,14.2167,0.71892,No rainfall.
853,14.2333,0.718919,No rainfall.
854,14.25,0.718918,No rainfall.
855,14.2667,0.718917,No rainfall.
856,14.2833,0.718917,No rainfall.
857,14.3,0.718916,No rainfall.
858,14.3167,0.718915,No rainfall.
859,14.3333,0.718915,No rainfall.
860,14.35,0.718914,No rainfall.
861,14.3667,0.718913,No rainfall.
862,14.3833,0.718912,No rainfall.
863,14.4,0.718911,No rainfall.
864,14.4167,0.718911,No rainfall.
865,14.4333,0.71891,No rainfall.
866,14.45,0.718909,No rainfall.
867,14.4667,0.718908,No rainfall.
868,14.4833,0.718907,No rainfall.
869,14.5,0.718906,No rainfall.
870,14.5167,0.718905,No rainfall.
871,14.5333,0.718905,No rainfall.
872,14.55,0.718904,No rainfall.
873,14.5667,0.718904,No rainfall.
874,14.5833,0.718903,No rainfall.
875,14.6,0.718902,No rainfall.
876,14.6167,0.718902,No rainfall.
877,14.6333,0.718901,No rainfall.
878,14.65,0.7189,No rainfall.
879,14.6667,0.718899,No rainfall.
880,14.6833,0.718899,No rainfall.
881,14.7,0.718898,No rainfall.
882,14.7167,0.718897,No rainfall.
883,14.7333,0.718896,No rainfall.
884,14.75,0.718896,No rainfall.
885,14.7667,0.718895,No rainfall.
886,14.7833,0.718894,No rainfall.
887,14.8,0.718894,No rainfall.
888,14.8167,0.718893,No rainfall.
889,14.8333,0.718892,No rainfall.
890,14.85,0.718891,No rainfall.
891,14.8667,0.718891,No rainfall.
892,14.8833,0.71889,No rainfall.
893,14.9,0.718889,No rainfall.
894,14.9167,0.718888,No rainfall.
895,14.9333,0.718888,No rainfall.
896,14.95,0.718888,No rainfall.
897,14.9667,0.718887,No rainfall.
898,14.9833,0.718887,No rainfall.
899,15,0.718886,No rainfall.
900,15.0167,0.718886,No rainfall.
901,15.0333,0.718886,No rainfall.
902,15.05,0.718885,No rainfall.
903,15.0667,0.718885,No rainfall.
904,15.0833,0.718884,No rainfall.
905,15.1,0.718884,No rainfall.
906,15.1167,0.718884,No rainfall.
907,15.1333,0.718883,No rainfall.
908,15.15,0.718883,No rainfall.
909,15.1667,0.718882,No rainfall.
910,15.1833,0.718881,No rainfall.
911,15.2,0.718881,No rainfall.
912,15.2167,0.71888,No rainfall.
913,15.2333,0.718879,No rainfall.
914,15.25,0.718879,No rainfall.
915,15.2667,0.718878,No rainfall.
916,15.2833,0.718878,No rainfall.
917,15.3,0.718877,No rainfall.
918,15.3167,0.718876,No rainfall.
919,15.3333,0.718875,No rainfall.
920,15.35,0.718875,No rainfall.
921,15.3667,0.718874,No rainfall.
922,15.3833,0.718874,No rainfall.
923,15.4,0.718873,No rainfall.
924,15.4167,0.718873,No rainfall.
925,15.4333,0.718872,No rainfall.
926,15.45,0.718871,No rainfall.
927,15.4667,0.71887,No rainfall.
928,15.4833,0.71887,No rainfall.
929,15.5,0.718869,No rainfall.
930,15.5167,0.718868,No rainfall.
931,15.5333,0.718867,No rainfall.
932,15.55,0.718867,No rainfall.
933,15.5667,0.718866,No rainfall.
934,15.5833,0.718866,No rainfall.
935,15.6,0.718865,No rainfall.
936,15.6167,0.718864,No rainfall.
937,15.6333,0.718863,No rainfall.
938,15.65,0.718863,No rainfall.
939,15.6667,0.718863,No rainfall.
940,15.6833,0.718862,No rainfall.
941,15.7,0.718861,No rainfall.
942,15.7167,0.71886,No rainfall.
943,15.7333,0.71886,No rainfall.
944,15.75,0.718859,No rainfall.
945,15.7667,0.718858,No rainfall.
946,15.7833,0.718857,No rainfall.
947,15.8,0.718857,No rainfall.
948,15.8167,0.718856,No rainfall.
949,15.8333,0.718855,No rainfall.
950,15.85,0.718854,No rainfall.
951,15.8667,0.718854,No rainfall.
952,15.8833,0.718853,No rainfall.
953,15.9,0.718853,No rainfall.
954,15.9167,0.718852,No rainfall.
955,15.9333,0.718852,No rainfall.
956,15.95,0.718851,No rainfall.
957,15.9667,0.718851,No rainfall.
958,15.9833,0.71885,No rainfall.
959,16,0.718849,No rainfall.
960,16.0167,0.718849,No rainfall.
961,16.0333,0.718848,No rainfall.
962,16.05,0.718848,No rainfall.
963,16.0667,0.718847,No rainfall.
964,16.0833,0.718846,No rainfall.
965,16.1,0.718846,No rainfall.
966,16.1167,0.718845,No rainfall.
967,16.1333,0.718845,No rainfall.
968,16.15,0.718844,No rainfall.
969,16.1667,0.718843,No rainfall.
970,16.1833,0.718843,No rainfall.
971,16.2,0.718842,No rainfall.
972,16.2167,0.718842,No rainfall.
973,16.2333,0.718841,No rainfall.
974,16.25,0.71884,No rainfall.
975,16.2667,0.71884,No rainfall.
976,16.2833,0.718839,No rainfall.
977,16.3,0.718839,No rainfall.
978,16.3167,0.718838,No rainfall.
979,16.3333,0.718837,No rainfall.
980,16.35,0.718837,No rainfall.
981,16.3667,0.718836,No rainfall.
982,16.3833,0.718836,No rainfall.
983,16.4,0.718835,No rainfall.
984,16.4167,0.718834,No rainfall.
985,16.4333,0.718834,No rainfall.
986,16.45,0.718833,No rainfall.
987,16.4667,0.718833,No rainfall.
988,16.4833,0.718832,No rainfall.
989,16.5,0.718832,No rainfall.
990,16.5167,0.718831,No rainfall.
991,16.5333,0.718831,No rainfall.
992,16.55,0.71883,No rainfall.
993,16.5667,0.71883,No rainfall.
994,16.5833,0.718829,No rainfall.
995,16.6,0.718828,No rainfall.
996,16.6167,0.718828,No rainfall.
997,16.6333,0.718827,No rainfall.
998,16.65,0.718827,No rainfall.
999,16.6667,0.718826,No rainfall.
1000,16.6833,0.718825,No rainfall.
1001,16.7,0.718825,No rainfall.
1002,16.7167,0.718824,No rainfall.
1003,16.7333,0.718824,No rainfall.
1004,16.75,0.718823,No rainfall.
1005,16.7667,0.718822,No rainfall.
1006,16.7833,0.718822,No rainfall.
1007,16.8,0.718822,No rainfall.
1008,16.8167,0.718821,No rainfall.
1009,16.8333,0.718821,No rainfall.
1010,16.85,0.71882,No rainfall.
1011,16.8667,0.718819,No rainfall.
1012,16.8833,0.718819,No rainfall.
1013,16.9,0.718818,No rainfall.
1014,16.9167,0.718818,No rainfall.
1015,16.9333,0.718817,No rainfall.
1016,16.95,0.718816,No rainfall.
1017,16.9667,0.718816,No rainfall.
1018,16.9833,0.718815,No rainfall.
1019,17,0.718815,No rainfall.
1020,17.0167,0.718814,No rainfall.
1021,17.0333,0.718813,No rainfall.
1022,17.05,0.718813,No rainfall.
1023,17.0667,0.718812,No rainfall.
1024,17.0833,0.718812,No rainfall.
1025,17.1,0.718812,No rainfall.
1026,17.1167,0.718811,No rainfall.
1027,17.1333,0.718811,No rainfall.
1028,17.15,0.71881,No rainfall.
1029,17.1667,0.71881,No rainfall.
1030,17.1833,0.718809,No rainfall.
1031,17.2,0.718809,No rainfall.
1032,17.2167,0.718808,No rainfall.
1033,17.2333,0.718807,No rainfall.
1034,17.25,0.718807,No rainfall.
1035,17.2667,0.718806,No rainfall.
1036,17.2833,0.718806,No rainfall.
1037,17.3,0.718805,No rainfall.
1038,17.3167,0.718805,No rainfall.
1039,17.3333,0.718804,No rainfall.
1040,17.35,0.718804,No rainfall.
1041,17.3667,0.718803,No rainfall.
1042,17.3833,0.718803,No rainfall.
1043,17.4,0.718802,No rainfall.
1044,17.4167,0.718802,No rainfall.
1045,17.4333,0.718801,No rainfall.
1046,17.45,0.718801,No rainfall.
1047,17.4667,0.718801,No rainfall.
1048,17.4833,0.7188,No rainfall.
1049,17.5,0.7188,No rainfall.
1050,17.5167,0.718799,No rainfall.
1051,17.5333,0.718799,No rainfall.
1052,17.55,0.718798,No rainfall.
1053,17.5667,0.718798,No rainfall.
1054,17.5833,0.718797,No rainfall.
1055,17.6,0.718796,No rainfall.
1056,17.6167,0.718796,No rainfall.
1057,17.6333,0.718795,No rainfall.
1058,17.65,0.718795,No rainfall.
1059,17.6667,0.718794,No rainfall.
1060,17.6833,0.718794,No rainfall.
1061,17.7,0.718793,No rainfall.
1062,17.7167,0.718792,No rainfall.
1063,17.7333,0.718792,No rainfall.
1064,17.75,0.718791,No rainfall.
1065,17.7667,0.718791,No rainfall.
1066,17.7833,0.718791,No rainfall.
1067,17.8,0.718791,No rainfall.
1068,17.8167,0.71879,No rainfall.
1069,17.8333,0.71879,No rainfall.
1070,17.85,0.718789,No rainfall.
1071,17.8667,0.718789,No rainfall.
1072,17.8833,0.718788,No rainfall.
1073,17.9,0.718788,No rainfall.
1074,17.9167,0.718787,No rainfall.
1075,17.9333,0.718787,No rainfall.
1076,17.95,0.718786,No rainfall.
1077,17.9667,0.718786,No rainfall.
1078,17.9833,0.718785,No rainfall.
1079,18,0.718785,No rainfall.
1080,18.0167,0.718784,No rainfall.
1081,18.0333,0.718784,No rainfall.
1082,18.05,0.718783,No rainfall.
1083,18.0667,0.718783,No rainfall.
1084,18.0833,0.718782,No rainfall.
1085,18.1,0.718782,No rainfall.
1086,18.1167,0.718781,No rainfall.
1087,18.1333,0.718781,No rainfall.
1088,18.15,0.718781,No rainfall.
1089,18.1667,0.71878,No rainfall.
1090,18.1833,0.71878,No rainfall.
1091,18.2,0.718779,No rainfall.
1092,18.2167,0.718779,No rainfall.
1093,18.2333,0.718778,No rainfall.
1094,18.25,0.718778,No rainfall.
1095,18.2667,0.718777,No rainfall.
1096,18.2833,0.718777,No rainfall.
1097,18.3,0.718776,No rainfall.
1098,18.3167,0.718776,No rainfall.
1099,18.3333,0.718775,No rainfall.
1100,18.35,0.718775,No rainfall.
1101,18.3667,0.718774,No rainfall.
1102,18.3833,0.718774,No rainfall.
1103,18.4,0.718773,No rainfall.
1104,18.4167,0.718773,No rainfall.
1105,18.4333,0.718772,No rainfall.
1106,18.45,0.718772,No rainfall.
1107,18.4667,0.718771,No rainfall.
1108,18.4833,0.718771,No rainfall.
1109,18.5,0.718771,No rainfall.
1110,18.5167,0.71877,No rainfall.
1111,18.5333,0.71877,No rainfall.
1112,18.55,0.718769,No rainfall.
1113,18.5667,0.718769,No rainfall.
1114,18.5833,0.718768,No rainfall.
1115,18.6,0.718768,No rainfall.
1116,18.6167,0.718767,No rainfall.
1117,18.6333,0.718767,No rainfall.
1118,18.65,0.718766,No rainfall.
1119,18.6667,0.718766,No rainfall.
1120,18.6833,0.718765,No rainfall.
1121,18.7,0.718765,No rainfall.
1122,18.7167,0.718764,No rainfall.
1123,18.7333,0.718764,No rainfall.
1124,18.75,0.718764,No rainfall.
1125,18.7667,0.718763,No rainfall.
1126,18.7833,0.718763,No rainfall.
1127,18.8,0.718762,No rainfall.
1128,18.8167,0.718762,No rainfall.
1129,18.8333,0.718761,No rainfall.
1130,18.85,0.718761,No rainfall.
1131,18.8667,0.718761,No rainfall.
1132,18.8833,0.71876,No rainfall.
1133,18.9,0.71876,No rainfall.
1134,18.9167,0.71876,No rainfall.
1135,18.9333,0.718759,No rainfall.
1136,18.95,0.718759,No rainfall.
1137,18.9667,0.718758,No rainfall.
1138,18.9833,0.718758,No rainfall.
1139,19,0.718757,No rainfall.
1140,19.0167,0.718757,No rainfall.
1141,19.0333,0.718756,No rainfall.
1142,19.05,0.718756,No rainfall.
1143,19.0667,0.718756,No rainfall.
1144,19.0833,0.718755,No rainfall.
1145,19.1,0.718755,No rainfall.
1146,19.1167,0.718754,No rainfall.
1147,19.1333,0.718754,No rainfall.
1148,19.15,0.718753,No rainfall.
1149,19.1667,0.718753,No rainfall.
1150,19.1833,0.718753,No rainfall.
1151,19.2,0.718752,No rainfall.
1152,19.2167,0.718752,No rainfall.
1153,19.2333,0.718751,No rainfall.
1154,19.25,0.718751,No rainfall.
1155,19.2667,0.71875,No rainfall.
1156,19.2833,0.71875,No rainfall.
1157,19.3,0.71875,No rainfall.
1158,19.3167,0.71875,No rainfall.
1159,19.3333,0.718749,No rainfall.
1160,19.35,0.718749,No rainfall.
1161,19.3667,0.718748,No rainfall.
1162,19.3833,0.718748,No rainfall.
1163,19.4,0.718747,No rainfall.
1164,19.4167,0.718747,No rainfall.
1165,19.4333,0.718747,No rainfall.
1166,19.45,0.718746,No rainfall.
1167,19.4667,0.718746,No rainfall.
1168,19.4833,0.718745,No rainfall.
1169,19.5,0.718745,No rainfall.
1170,19.5167,0.718744,No rainfall.
1171,19.5333,0.718744,No rainfall.
1172,19.55,0.718744,No rainfall.
1173,19.5667,0.718743,No rainfall.
1174,19.5833,0.718743,No rainfall.
1175,19.6,0.718742,No rainfall.
1176,19.6167,0.718742,No rainfall.
1177,19.6333,0.718741,No rainfall.
1178,19.65,0.718741,No rainfall.
1179,19.6667,0.718741,No rainfall.
1180,19.6833,0.71874,No rainfall.
1181,19.7,0.71874,No rainfall.
1182,19.7167,0.71874,No rainfall.
1183,19.7333,0.718739,No rainfall.
1184,19.75,0.718739,No rainfall.
1185,19.7667,0.718739,No rainfall.
1186,19.7833,0.718739,No rainfall.
1187,19.8,0.718738,No rainfall.
1188,19.8167,0.718738,No rainfall.
1189,19.8333,0.718737,No rainfall.
1190,19.85,0.718737,No rainfall.
1191,19.8667,0.718736,No rainfall.
1192,19.8833,0.718736,No rainfall.
1193,19.9,0.718736,No rainfall.
1194,19.9167,0.718735,No rainfall.
1195,19.9333,0.718735,No rainfall.
1196,19.95,0.718734,No rainfall.
1197,19.9667,0.718734,No rainfall.
1198,19.9833,0.718733,No rainfall.
1199,20,0.718733,No rainfall.
1200,20.0167,0.718733,No rainfall.
1201,20.0333,0.718732,No rainfall.
1202,20.05,0.718732,No rainfall.
1203,20.0667,0.718731,No rainfall.
1204,20.0833,0.718731,No rainfall.
1205,20.1,0.71873,No rainfall.
1206,20.1167,0.71873,No rainfall.
1207,20.1333,0.71873,No rainfall.
1208,20.15,0.71873,No rainfall.
1209,20.1667,0.718729,No rainfall.
1210,20.1833,0.718729,No rainfall.
1211,20.2,0.718729,No rainfall.
1212,20.2167,0.718728,No rainfall.
1213,20.2333,0.718728,No rainfall.
1214,20.25,0.718727,No rainfall.
1215,20.2667,0.718727,No rainfall.
1216,20.2833,0.718727,No rainfall.
1217,20.3,0.718727,No rainfall.
1218,20.3167,0.718726,No rainfall.
1219,20.3333,0.718726,No rainfall.
1220,20.35,0.718725,No rainfall.
1221,20.3667,0.718725,No rainfall.
1222,20.3833,0.718724,No rainfall.
1223,20.4,0.718724,No rainfall.
1224,20.4167,0.718724,No rainfall.
1225,20.4333,0.718723,No rainfall.
1226,20.45,0.718723,No rainfall.
1227,20.4667,0.718722,No rainfall.
1228,20.4833,0.718722,No rainfall.
1229,20.5,0.718721,No rainfall.
1230,20.5167,0.718721,No rainfall.
1231,20.5333,0.718721,No rainfall.
1232,20.55,0.718721,No rainfall.
1233,20.5667,0.71872,No rainfall.
1234,20.5833,0.71872,No rainfall.
1235,20.6,0.718719,No rainfall.
1236,20.6167,0.718719,No rainfall.
1237,20.6333,0.718719,No rainfall.
1238,20.65,0.718719,No rainfall.
1239,20.6667,0.718719,No rainfall.
1240,20.6833,0.718718,No rainfall.
1241,20.7,0.718718,No rainfall.
1242,20.7167,0.718717,No rainfall.
1243,20.7333,0.718717,No rainfall.
1244,20.75,0.718716,No rainfall.
1245,20.7667,0.718716,No rainfall.
1246,20.7833,0.718716,No rainfall.
1247,20.8,0.718716,No rainfall.
1248,20.8167,0.718715,No rainfall.
1249,20.8333,0.718715,No rainfall.
1250,20.85,0.718714,No rainfall.
1251,20.8667,0.718714,No rainfall.
1252,20.8833,0.718713,No rainfall.
1253,20.9,0.718713,No rainfall.
1254,20.9167,0.718713,No rainfall.
1255,20.9333,0.718713,No rainfall.
1256,20.95,0.718712,No rainfall.
1257,20.9667,0.718712,No rainfall.
1258,20.9833,0.718711,No rainfall.
1259,21,0.718711,No rainfall.
1260,21.0167,0.71871,No rainfall.
1261,21.0333,0.71871,No rainfall.
1262,21.05,0.71871,No rainfall.
1263,21.0667,0.71871,No rainfall.
1264,21.0833,0.71871,No rainfall.
1265,21.1,0.718709,No rainfall.
1266,21.1167,0.718709,No rainfall.
1267,21.1333,0.718709,No rainfall.
1268,21.15,0.718708,No rainfall.
1269,21.1667,0.718708,No rainfall.
1270,21.1833,0.718708,No rainfall.
1271,21.2,0.718708,No rainfall.
1272,21.2167,0.718708,No rainfall.
1273,21.2333,0.718707,No rainfall.
1274,21.25,0.718707,No rainfall.
1275,21.2667,0.718706,No rainfall.
1276,21.2833,0.718706,No rainfall.
1277,21.3,0.718705,No rainfall.
1278,21.3167,0.718705,No rainfall.
1279,21.3333,0.718705,No rainfall.
1280,21.35,0.718705,No rainfall.
1281,21.3667,0.718704,No rainfall.
1282,21.3833,0.718704,No rainfall.
1283,21.4,0.718703,No rainfall.
1284,21.4167,0.718703,No rainfall.
1285,21.4333,0.718702,No rainfall.
1286,21.45,0.718702,No rainfall.
1287,21.4667,0.718702,No rainfall.
1288,21.4833,0.718702,No rainfall.
1289,21.5,0.718702,No rainfall.
1290,21.5167,0.718701,No rainfall.
1291,21.5333,0.718701,No rainfall.
1292,21.55,0.7187,No rainfall.
1293,21.5667,0.7187,No rainfall.
1294,21.5833,0.718699,No rainfall.
1295,21.6,0.718699,No rainfall.
1296,21.6167,0.718699,No rainfall.
1297,21.6333,0.718699,No rainfall.
1298,21.65,0.718699,No rainfall.
1299,21.6667,0.718699,No rainfall.
1300,21.6833,0.718698,No rainfall.
1301,21.7,0.718698,No rainfall.
1302,21.7167,0.718697,No rainfall.
1303,21.7333,0.718697,No rainfall.
1304,21.75,0.718696,No rainfall.
1305,21.7667,0.718696,No rainfall.
1306,21.7833,0.718696,No rainfall.
1307,21.8,0.718696,No rainfall.
1308,21.8167,0.718695,No rainfall.
1309,21.8333,0.718695,No rainfall.
1310,21.85,0.718694,No rainfall.
1311,21.8667,0.718694,No rainfall.
1312,21.8833,0.718693,No rainfall.
1313,21.9,0.718693,No rainfall.
1314,21.9167,0.718693,No rainfall.
1315,21.9333,0.718693,No rainfall.
1316,21.95,0.718693,No rainfall.
1317,21.9667,0.718692,No rainfall.
1318,21.9833,0.718692,No rainfall.
1319,22,0.718691,No rainfall.
1320,22.0167,0.718691,No rainfall.
1321,22.0333,0.71869,No rainfall.
1322,22.05,0.71869,No rainfall.
1323,22.0667,0.71869,No rainfall.
1324,22.0833,0.71869,No rainfall.
1325,22.1,0.71869,No rainfall.
1326,22.1167,0.718689,No rainfall.
1327,22.1333,0.718689,No rainfall.
1328,22.15,0.718688,No rainfall.
1329,22.1667,0.718688,No rainfall.
1330,22.1833,0.718688,No rainfall.
1331,22.2,0.718688,No rainfall.
1332,22.2167,0.718688,No rainfall.
1333,22.2333,0.718688,No rainfall.
1334,22.25,0.718688,No rainfall.
1335,22.2667,0.718687,No rainfall.
1336,22.2833,0.718687,No rainfall.
1337,22.3,0.718686,No rainfall.
1338,22.3167,0.718686,No rainfall.
1339,22.3333,0.718685,No rainfall.
1340,22.35,0.718685,No rainfall.
1341,22.3667,0.718685,No rainfall.
1342,22.3833,0.718685,No rainfall.
1343,22.4,0.718685,No rainfall.
1344,22.4167,0.718685,No rainfall.
1345,22.4333,0.718684,No rainfall.
1346,22.45,0.718684,No rainfall.
1347,22.4667,0.718683,No rainfall.
1348,22.4833,0.718683,No rainfall.
1349,22.5,0.718682,No rainfall.
1350,22.5167,0.718682,No rainfall.
1351,22.5333,0.718682,No rainfall.
1352,22.55,0.718682,No rainfall.
1353,22.5667,0.718682,No rainfall.
1354,22.5833,0.718681,No rainfall.
1355,22.6,0.718681,No rainfall.
1356,22.6167,0.71868,No rainfall.
1357,22.6333,0.71868,No rainfall.
1358,22.65,0.718679,No rainfall.
1359,22.6667,0.718679,No rainfall.
1360,22.6833,0.718678,No rainfall.
1361,22.7,0.718678,No rainfall.
1362,22.7167,0.718678,No rainfall.
1363,22.7333,0.718678,No rainfall.
1364,22.75,0.718678,No rainfall.
1365,22.7667,0.718678,No rainfall.
1366,22.7833,0.718678,No rainfall.
1367,22.8,0.718677,No rainfall.
1368,22.8167,0.718677,No rainfall.
1369,22.8333,0.718676,No rainfall.
1370,22.85,0.718676,No rainfall.
1371,22.8667,0.718676,No rainfall.
1372,22.8833,0.718676,No rainfall.
1373,22.9,0.718676,No rainfall.
1374,22.9167,0.718676,No rainfall.
1375,22.9333,0.718675,No rainfall.
1376,22.95,0.718675,No rainfall.
1377,22.9667,0.718674,No rainfall.
1378,22.9833,0.718674,No rainfall.
1379,23,0.718673,No rainfall.
1380,23.0167,0.718673,No rainfall.
1381,23.0333,0.718673,No rainfall.
1382,23.05,0.718673,No rainfall.
1383,23.0667,0.718673,No rainfall.
1384,23.0833,0.718673,No rainfall.
1385,23.1,0.718673,No rainfall.
1386,23.1167,0.718672,No rainfall.
1387,23.1333,0.718672,No rainfall.
1388,23.15,0.718671,No rainfall.
1389,23.1667,0.718671,No rainfall.
1390,23.1833,0.71867,No rainfall.
1391,23.2,0.71867,No rainfall.
1392,23.2167,0.71867,No rainfall.
1393,23.2333,0.71867,No rainfall.
1394,23.25,0.71867,No rainfall.
1395,23.2667,0.71867,No rainfall.
1396,23.2833,0.71867,No rainfall.
1397,23.3,0.718669,No rainfall.
1398,23.3167,0.718669,No rainfall.
1399,23.3333,0.718668,No rainfall.
1400,23.35,0.718668,No rainfall.
1401,23.3667,0.718668,No rainfall.
1402,23.3833,0.718668,No rainfall.
1403,23.4,0.718668,No rainfall.
1404,23.4167,0.718668,No rainfall.
1405,23.4333,0.718668,No rainfall.
1406,23.45,0.718667,No rainfall.
1407,23.4667,0.718667,No rainfall.
1408,23.4833,0.718666,No rainfall.
1409,23.5,0.718666,No rainfall.
1410,23.5167,0.718665,No rainfall.
1411,23.5333,0.718665,No rainfall.
1412,23.55,0.718664,No rainfall.
1413,23.5667,0.718664,No rainfall.
1414,23.5833,0.718664,No rainfall.
1415,23.6,0.718664,No rainfall.
1416,23.6167,0.718664,No rainfall.
1417,23.6333,0.718664,No rainfall.
1418,23.65,0.718664,No rainfall.
1419,23.6667,0.718663,No rainfall.
1420,23.6833,0.718663,No rainfall.
1421,23.7,0.718662,No rainfall.
1422,23.7167,0.718662,No rainfall.
1423,23.7333,0.718661,No rainfall.
1424,23.75,0.718661,No rainfall.
1425,23.7667,0.718661,No rainfall.
1426,23.7833,0.718661,No rainfall.
1427,23.8,0.718661,No rainfall.
1428,23.8167,0.718661,No rainfall.
1429,23.8333,0.718661,No rainfall.
1430,23.85,0.718661,No rainfall.
1431,23.8667,0.71866,No rainfall.
1432,23.8833,0.71866,No rainfall.
1433,23.9,0.718659,No rainfall.
1434,23.9167,0.718659,No rainfall.
1435,23.9333,0.718659,No rainfall.
1436,23.95,0.718659,No rainfall.
1437,23.9667,0.718659,No rainfall.
1438,23.9833,0.718659,No rainfall.
1439,24,0.718659,No rainfall.
1440,24.0167,0.718659,No rainfall.
1441,24.0333,0.718658,No rainfall.
1442,24.05,0.718658,No rainfall.
1443,24.0667,0.718657,No rainfall.
1444,24.0833,0.718657,No rainfall.
1445,24.1,0.718657,No rainfall.
1446,24.1167,0.718656,No rainfall.
1447,24.1333,0.718656,No rainfall.
1448,24.15,0.718656,No rainfall.
1449,24.1667,0.718656,No rainfall.
1450,24.1833,0.718656,No rainfall.
1451,24.2,0.718656,No rainfall.
1452,24.2167,0.718656,No rainfall.
1453,24.2333,0.718656,No rainfall.
1454,24.25,0.718655,No rainfall.
1455,24.2667,0.718655,No rainfall.
1456,24.2833,0.718654,No rainfall.
1457,24.3,0.718654,No rainfall.
1458,24.3167,0.718654,No rainfall.
1459,24.3333,0.718654,No rainfall.
1460,24.35,0.718654,No rainfall.
1461,24.3667,0.718655,No rainfall.
1462,24.3833,0.718655,No rainfall.
1463,24.4,0.718656,No rainfall.
1464,24.4167,0.718656,No rainfall.
1465,24.4333,0.718656,No rainfall.
1466,24.45,0.718656,No rainfall.
1467,24.4667,0.718656,No rainfall.
1468,24.4833,0.718656,No rainfall.
1469,24.5,0.718656,No rainfall.
1470,24.5167,0.718656,No rainfall.
1471,24.5333,0.718656,No rainfall.
1472,24.55,0.718656,No rainfall.
1473,24.5667,0.718655,No rainfall.
1474,24.5833,0.718655,No rainfall.
1475,24.6,0.718654,No rainfall.
1476,24.6167,0.718654,No rainfall.
1477,24.6333,0.718653,No rainfall.
1478,24.65,0.718653,No rainfall.
1479,24.6667,0.718653,No rainfall.
1480,24.6833,0.718653,No rainfall.
1481,24.7,0.718653,No rainfall.
1482,24.7167,0.718653,No rainfall.
1483,24.7333,0.718653,No rainfall.
1484,24.75,0.718653,No rainfall.
1485,24.7667,0.718652,No rainfall.
1486,24.7833,0.718652,No rainfall.
1487,24.8,0.718651,No rainfall.
1488,24.8167,0.718651,No rainfall.
1489,24.8333,0.71865,No rainfall.
1490,24.85,0.71865,No rainfall.
1491,24.8667,0.718649,No rainfall.
1492,24.8833,0.718649,No rainfall.
1493,24.9,0.718649,No rainfall.
1494,24.9167,0.718649,No rainfall.
1495,24.9333,0.718649,No rainfall.
1496,24.95,0.718649,No rainfall.
1497,24.9667,0.718649,No rainfall.
1498,24.9833,0.718649,No rainfall.
1499,25,0.718649,No rainfall.
1500,25.0167,0.718648,No rainfall.
1501,25.0333,0.718648,No rainfall.
1502,25.05,0.718647,No rainfall.
1503,25.0667,0.718647,No rainfall.
1504,25.0833,0.718647,No rainfall.
1505,25.1,0.718646,No rainfall.
1506,25.1167,0.718646,No rainfall.
1507,25.1333,0.718646,No rainfall.
1508,25.15,0.718646,No rainfall.
1509,25.1667,0.718646,No rainfall.
1510,25.1833,0.718646,No rainfall.
1511,25.2,0.718646,No rainfall.
1512,25.2167,0.718646,No rainfall.
1513,25.2333,0.718646,No rainfall.
1514,25.25,0.718646,No rainfall.
1515,25.2667,0.718645,No rainfall.
1516,25.2833,0.718645,No rainfall.
1517,25.3,0.718644,No rainfall.
1518,25.3167,0.718644,No rainfall.
1519,25.3333,0.718643,No rainfall.
1520,25.35,0.718643,No rainfall.
1521,25.3667,0.718643,No rainfall.
1522,25.3833,0.718643,No rainfall.
1523,25.4,0.718643,No rainfall.
1524,25.4167,0.718643,No rainfall.
1525,25.4333,0.718643,No rainfall.
1526,25.45,0.718643,No rainfall.
1527,25.4667,0.718643,No rainfall.
1528,25.4833,0.718643,No rainfall.
1529,25.5,0.718642,No rainfall.
1530,25.5167,0.718642,No rainfall.
1531,25.5333,0.718641,No rainfall.
1532,25.55,0.718641,No rainfall.
1533,25.5667,0.71864,No rainfall.
1534,25.5833,0.71864,No rainfall.
1535,25.6,0.71864,No rainfall.
1536,25.6167,0.71864,No rainfall.
1537,25.6333,0.71864,No rainfall.
1538,25.65,0.71864,No rainfall.
1539,25.6667,0.71864,No rainfall.
1540,25.6833,0.71864,No rainfall.
1541,25.7,0.71864,No rainfall.
1542,25.7167,0.71864,No rainfall.
1543,25.7333,0.71864,No rainfall.
1544,25.75,0.71864,No rainfall.
1545,25.7667,0.718639,No rainfall.
1546,25.7833,0.718639,No rainfall.
1547,25.8,0.718638,No rainfall.
1548,25.8167,0.718638,No rainfall.
1549,25.8333,0.718638,No rainfall.
1550,25.85,0.718638,No rainfall.
1551,25.8667,0.718638,No rainfall.
1552,25.8833,0.718638,No rainfall.
1553,25.9,0.718638,No rainfall.
1554,25.9167,0.718638,No rainfall.
1555,25.9333,0.718638,No rainfall.
1556,25.95,0.718638,No rainfall.
1557,25.9667,0.718638,No rainfall.
1558,25.9833,0.718638,No rainfall.
1559,26,0.718638,No rainfall.
1560,26.0167,0.718637,No rainfall.
1561,26.0333,0.718637,No rainfall.
1562,26.05,0.718637,No rainfall.
1563,26.0667,0.718636,No rainfall.
1564,26.0833,0.718636,No rainfall.
1565,26.1,0.718635,No rainfall.
1566,26.1167,0.718635,No rainfall.
1567,26.1333,0.718635,No rainfall.
1568,26.15,0.718635,No rainfall.
1569,26.1667,0.718635,No rainfall.
1570,26.1833,0.718635,No rainfall.
1571,26.2,0.718635,No rainfall.
1572,26.2167,0.718635,No rainfall.
1573,26.2333,0.718635,No rainfall.
1574,26.25,0.718635,No rainfall.
1575,26.2667,0.718635,No rainfall.
1576,26.2833,0.718635,No rainfall.
1577,26.3,0.718634,No rainfall.
1578,26.3167,0.718634,No rainfall.
1579,26.3333,0.718633,No rainfall.
1580,26.35,0.718633,No rainfall.
1581,26.3667,0.718632,No rainfall.
1582,26.3833,0.718632,No rainfall.
1583,26.4,0.718631,No rainfall.
1584,26.4167,0.718631,No rainfall.
1585,26.4333,0.718631,No rainfall.
1586,26.45,0.718631,No rainfall.
1587,26.4667,0.718631,No rainfall.
1588,26.4833,0.718631,No rainfall.
1589,26.5,0.718631,No rainfall.
1590,26.5167,0.718631,No rainfall.
1591,26.5333,0.718631,No rainfall.
1592,26.55,0.718631,No rainfall.
1593,26.5667,0.718631,No rainfall.
1594,26.5833,0.718631,No rainfall.
1595,26.6,0.718631,No rainfall.
1596,26.6167,0.71863,No rainfall.
1597,26.6333,0.71863,No rainfall.
1598,26.65,0.718629,No rainfall.
1599,26.6667,0.718629,No rainfall.
1600,26.6833,0.718628,No rainfall.
1601,26.7,0.718628,No rainfall.
1602,26.7167,0.718628,No rainfall.
1603,26.7333,0.718628,No rainfall.
1604,26.75,0.718628,No rainfall.
1605,26.7667,0.718628,No rainfall.
1606,26.7833,0.718628,No rainfall.
1607,26.8,0.718628,No rainfall.
1608,26.8167,0.718628,No rainfall.
1609,26.8333,0.718628,No rainfall.
1610,26.85,0.718628,No rainfall.
1611,26.8667,0.718628,No rainfall.
1612,26.8833,0.718628,No rainfall.
1613,26.9,0.718628,No rainfall.
1614,26.9167,0.718628,No rainfall.
1615,26.9333,0.718627,No rainfall.
1616,26.95,0.718627,No rainfall.
1617,26.9667,0.718626,No rainfall.
1618,26.9833,0.718626,No rainfall.
1619,27,0.718626,No rainfall.
1620,27.0167,0.718625,No rainfall.
1621,27.0333,0.718625,No rainfall.
1622,27.05,0.718625,No rainfall.
1623,27.0667,0.718625,No rainfall.
1624,27.0833,0.718625,No rainfall.
1625,27.1,0.718625,No rainfall.
1626,27.1167,0.718625,No rainfall.
1627,27.1333,0.718625,No rainfall.
1628,27.15,0.718625,No rainfall.
1629,27.1667,0.718625,No rainfall.
1630,27.1833,0.718625,No rainfall.
1631,27.2,0.718625,No rainfall.
1632,27.2167,0.718625,No rainfall.
1633,27.2333,0.718625,No rainfall.
1634,27.25,0.718625,No rainfall.
1635,27.2667,0.718624,No rainfall.
1636,27.2833,0.718624,No rainfall.
1637,27.3,0.718623,No rainfall.
1638,27.3167,0.718623,No rainfall.
1639,27.3333,0.718622,No rainfall.
1640,27.35,0.718622,No rainfall.
1641,27.3667,0.718622,No rainfall.
1642,27.3833,0.718622,No rainfall.
1643,27.4,0.718622,No rainfall.
1644,27.4167,0.718622,No rainfall.
1645,27.4333,0.718622,No rainfall.
1646,27.45,0.718622,No rainfall.
1647,27.4667,0.718622,No rainfall.
1648,27.4833,0.718622,No rainfall.
1649,27.5,0.718622,No rainfall.
1650,27.5167,0.718622,No rainfall.
1651,27.5333,0.718622,No rainfall.
1652,27.55,0.718622,No rainfall.
1653,27.5667,0.718622,No rainfall.
1654,27.5833,0.718622,No rainfall.
1655,27.6,0.718622,No rainfall.
1656,27.6167,0.718621,No rainfall.
1657,27.6333,0.718621,No rainfall.
1658,27.65,0.71862,No rainfall.
1659,27.6667,0.71862,No rainfall.
1660,27.6833,0.718619,No rainfall.
1661,27.7,0.718619,No rainfall.
1662,27.7167,0.718619,No rainfall.
1663,27.7333,0.718619,No rainfall.
1664,27.75,0.718619,No rainfall.
1665,27.7667,0.718619,No rainfall.
1666,27.7833,0.718619,No rainfall.
1667,27.8,0.718619,No rainfall.
1668,27.8167,0.718619,No rainfall.
1669,27.8333,0.718619,No rainfall.
1670,27.85,0.718619,No rainfall.
1671,27.8667,0.718619,No rainfall.
1672,27.8833,0.718619,No rainfall.
1673,27.9,0.718619,No rainfall.
1674,27.9167,0.718619,No rainfall.
1675,27.9333,0.718619,No rainfall.
1676,27.95,0.718619,No rainfall.
1677,27.9667,0.718619,No rainfall.
1678,27.9833,0.718618,No rainfall.
1679,28,0.718618,No rainfall.
1680,28.0167,0.718617,No rainfall.
1681,28.0333,0.718617,No rainfall.
1682,28.05,0.718616,No rainfall.
1683,28.0667,0.718616,No rainfall.
1684,28.0833,0.718616,No rainfall.
1685,28.1,0.718616,No rainfall.
1686,28.1167,0.718616,No rainfall.
1687,28.1333,0.718616,No rainfall.
1688,28.15,0.718616,No rainfall.
1689,28.1667,0.718616,No rainfall.
1690,28.1833,0.718616,No rainfall.
1691,28.2,0.718616,No rainfall.
1692,28.2167,0.718616,No rainfall.
1693,28.2333,0.718616,No rainfall.
1694,28.25,0.718616,No rainfall.
1695,28.2667,0.718616,No rainfall.
1696,28.2833,0.718616,No rainfall.
1697,28.3,0.718616,No rainfall.
1698,28.3167,0.718616,No rainfall.
1699,28.3333,0.718616,No rainfall.
1700,28.35,0.718616,No rainfall.
1701,28.3667,0.718616,No rainfall.
1702,28.3833,0.718615,No rainfall.
1703,28.4,0.718615,No rainfall.
1704,28.4167,0.718614,No rainfall.
1705,28.4333,0.718614,No rainfall.
1706,28.45,0.718613,No rainfall.
1707,28.4667,0.718613,No rainfall.
1708,28.4833,0.718613,No rainfall.
1709,28.5,0.718613,No rainfall.
1710,28.5167,0.718613,No rainfall.
1711,28.5333,0.718613,No rainfall.
1712,28.55,0.718613,No rainfall.
1713,28.5667,0.718613,No rainfall.
1714,28.5833,0.718613,No rainfall.
1715,28.6,0.718613,No rainfall.
1716,28.6167,0.718613,No rainfall.
1717,28.6333,0.718613,No rainfall.
1718,28.65,0.718613,No rainfall.
1719,28.6667,0.718613,No rainfall.
1720,28.6833,0.718613,No rainfall.
1721,28.7,0.718613,No rainfall.
1722,28.7167,0.718613,No rainfall.
1723,28.7333,0.718613,No rainfall.
1724,28.75,0.718613,No rainfall.
1725,28.7667,0.718612,No rainfall.
1726,28.7833,0.718612,No rainfall.
1727,28.8,0.718611,No rainfall.
1728,28.8167,0.718611,No rainfall.
1729,28.8333,0.71861,No rainfall.
1730,28.85,0.71861,No rainfall.
1731,28.8667,0.718609,No rainfall.
1732,28.8833,0.718609,No rainfall.
1733,28.9,0.718609,No rainfall.
1734,28.9167,0.718609,No rainfall.
1735,28.9333,0.718609,No rainfall.
1736,28.95,0.718609,No rainfall.
1737,28.9667,0.718609,No rainfall.
1738,28.9833,0.718609,No rainfall.
1739,29,0.718609,No rainfall.
1740,29.0167,0.718609,No rainfall.
1741,29.0333,0.718609,No rainfall.
1742,29.05,0.718609,No rainfall.
1743,29.0667,0.718609,No rainfall.
1744,29.0833,0.718609,No rainfall.
1745,29.1,0.718609,No rainfall.
1746,29.1167,0.718609,No rainfall.
1747,29.1333,0.718609,No rainfall.
1748,29.15,0.718609,No rainfall.
1749,29.1667,0.718609,No rainfall.
1750,29.1833,0.718609,No rainfall.
1751,29.2,0.718609,No rainfall.
1752,29.2167,0.718609,No rainfall.
1753,29.2333,0.718608,No rainfall.
1754,29.25,0.718608,No rainfall.
1755,29.2667,0.718607,No rainfall.
1756,29.2833,0.718607,No rainfall.
1757,29.3,0.718606,No rainfall.
1758,29.3167,0.718606,No rainfall.
1759,29.3333,0.718606,No rainfall.
1760,29.35,0.718606,No rainfall.
1761,29.3667,0.718606,No rainfall.
1762,29.3833,0.718606,No rainfall.
1763,29.4,0.718606,No rainfall.
1764,29.4167,0.718606,No rainfall.
1765,29.4333,0.718606,No rainfall.
1766,29.45,0.718606,No rainfall.
1767,29.4667,0.718606,No rainfall.
1768,29.4833,0.718606,No rainfall.
1769,29.5,0.718606,No rainfall.
1770,29.5167,0.718606,No rainfall.
1771,29.5333,0.718606,No rainfall.
1772,29.55,0.718606,No rainfall.
1773,29.5667,0.718606,No rainfall.
1774,29.5833,0.718606,No rainfall.
1775,29.6,0.718606,No rainfall.
1776,29.6167,0.718606,No rainfall.
1777,29.6333,0.718606,No rainfall.
1778,29.65,0.718606,No rainfall.
1779,29.6667,0.718606,No rainfall.
1780,29.6833,0.718606,No rainfall.
1781,29.7,0.718605,No rainfall.
1782,29.7167,0.718605,No rainfall.
1783,29.7333,0.718604,No rainfall.
1784,29.75,0.718604,No rainfall.
1785,29.7667,0.718603,No rainfall.
1786,29.7833,0.718603,No rainfall.
1787,29.8,0.718603,No rainfall.
1788,29.8167,0.718603,No rainfall.
1789,29.8333,0.718603,No rainfall.
1790,29.85,0.718603,No rainfall.
1791,29.8667,0.718603,No rainfall.
1792,29.8833,0.718603,No rainfall.
1793,29.9,0.718603,No rainfall.
1794,29.9167,0.718603,No rainfall.
1795,29.9333,0.718603,No rainfall.
1796,29.95,0.718603,No rainfall.
1797,29.9667,0.718603,No rainfall.
1798,29.9833,0.718603,No rainfall.
1799,30,0.718603,No rainfall.
1800,30.0167,0.718603,No rainfall.
1801,30.0333,0.718603,No rainfall.
1802,30.05,0.718603,No rainfall.
1803,30.0667,0.718603,No rainfall.
1804,30.0833,0.718603,No rainfall.
1805,30.1,0.718603,No rainfall.
1806,30.1167,0.718603,No rainfall.
1807,30.1333,0.718603,No rainfall.
1808,30.15,0.718603,No rainfall.
1809,30.1667,0.718602,No rainfall.
1810,30.1833,0.718602,No rainfall.
1811,30.2,0.718601,No rainfall.
1812,30.2167,0.718601,No rainfall.
1813,30.2333,0.7186,No rainfall.
1814,30.25,0.7186,No rainfall.
1815,30.2667,0.7186,No rainfall.
1816,30.2833,0.7186,No rainfall.
1817,30.3,0.7186,No rainfall.
1818,30.3167,0.7186,No rainfall.
1819,30.3333,0.7186,No rainfall.
1820,30.35,0.7186,No rainfall.
1821,30.3667,0.7186,No rainfall.
1822,30.3833,0.7186,No rainfall.
1823,30.4,0.7186,No rainfall.
1824,30.4167,0.7186,No rainfall.
1825,30.4333,0.7186,No rainfall.
1826,30.45,0.7186,No rainfall.
1827,30.4667,0.7186,No rainfall.
1828,30.4833,0.7186,No rainfall.
1829,30.5,0.7186,No rainfall.
1830,30.5167,0.7186,No rainfall.
1831,30.5333,0.7186,No rainfall.
1832,30.55,0.7186,No rainfall.
1833,30.5667,0.7186,No rainfall.
1834,30.5833,0.7186,No rainfall.
1835,30.6,0.7186,No rainfall.
1836,30.6167,0.7186,No rainfall.
1837,30.6333,0.7186,No rainfall.
1838,30.65,0.718599,No rainfall.
1839,30.6667,0.718599,No rainfall.
1840,30.6833,0.718598,No rainfall.
1841,30.7,0.718598,No rainfall.
1842,30.7167,0.718597,No rainfall.
1843,30.7333,0.718597,No rainfall.
1844,30.75,0.718596,No rainfall.
1845,30.7667,0.718596,No rainfall.
1846,30.7833,0.718596,No rainfall.
1847,30.8,0.718596,No rainfall.
1848,30.8167,0.718596,No rainfall.
1849,30.8333,0.718596,No rainfall.
1850,30.85,0.718596,No rainfall.
1851,30.8667,0.718596,No rainfall.
1852,30.8833,0.718596,No rainfall.
1853,30.9,0.718596,No rainfall.
1854,30.9167,0.718596,No rainfall.
1855,30.9333,0.718596,No rainfall.
1856,30.95,0.718596,No rainfall.
1857,30.9667,0.718596,No rainfall.
1858,30.9833,0.718596,No rainfall.
1859,31,0.718596,No rainfall.
1860,31.0167,0.718596,No rainfall.
1861,31.0333,0.718596,No rainfall.
1862,31.05,0.718596,No rainfall.
1863,31.0667,0.718596,No rainfall.
1864,31.0833,0.718596,No rainfall.
1865,31.1,0.718596,No rainfall.
1866,31.1167,0.718596,No rainfall.
1867,31.1333,0.718596,No rainfall.
1868,31.15,0.718596,No rainfall.
1869,31.1667,0.718596,No rainfall.
1870,31.1833,0.718596,No rainfall.
1871,31.2,0.718596,No rainfall.
1872,31.2167,0.718596,No rainfall.
1873,31.2333,0.718595,No rainfall.
1874,31.25,0.718595,No rainfall.
1875,31.2667,0.718594,No rainfall.
1876,31.2833,0.718594,No rainfall.
1877,31.3,0.718593,No rainfall.
1878,31.3167,0.718593,No rainfall.
1879,31.3333,0.718593,No rainfall.
1880,31.35,0.718593,No rainfall.
1881,31.3667,0.718593,No rainfall.
1882,31.3833,0.718593,No rainfall.
1883,31.4,0.718593,No rainfall.
1884,31.4167,0.718593,No rainfall.
1885,31.4333,0.718593,No rainfall.
1886,31.45,0.718593,No rainfall.
1887,31.4667,0.718593,No rainfall.
1888,31.4833,0.718593,No rainfall.
1889,31.5,0.718593,No rainfall.
1890,31.5167,0.718593,No rainfall.
1891,31.5333,0.718593,No rainfall.
1892,31.55,0.718593,No rainfall.
1893,31.5667,0.718593,No rainfall.
1894,31.5833,0.718593,No rainfall.
1895,31.6,0.718593,No rainfall.
1896,31.6167,0.718593,No rainfall.
1897,31.6333,0.718593,No rainfall.
1898,31.65,0.718593,No rainfall.
1899,31.6667,0.718593,No rainfall.
1900,31.6833,0.718593,No rainfall.
1901,31.7,0.718593,No rainfall.
1902,31.7167,0.718593,No rainfall.
1903,31.7333,0.718593,No rainfall.
1904,31.75,0.718593,No rainfall.
1905,31.7667,0.718593,No rainfall.
1906,31.7833,0.718592,No rainfall.
1907,31.8,0.718592,No rainfall.
1908,31.8167,0.718591,No rainfall.
1909,31.8333,0.718591,No rainfall.
1910,31.85,0.71859,No rainfall.
1911,31.8667,0.71859,No rainfall.
1912,31.8833,0.718589,No rainfall.
1913,31.9,0.718589,No rainfall.
1914,31.9167,0.718589,No rainfall.
1915,31.9333,0.718589,No rainfall.
1916,31.95,0.718589,No rainfall.
1917,31.9667,0.718589,No rainfall.
1918,31.9833,0.718589,No rainfall.
1919,32,0.718589,No rainfall.
1920,32.0167,0.718589,No rainfall.
1921,32.0333,0.718589,No rainfall.
1922,32.05,0.718589,No rainfall.
1923,32.0667,0.718589,No rainfall.
1924,32.0833,0.718589,No rainfall.
1925,32.1,0.718589,No rainfall.
1926,32.1167,0.718589,No rainfall.
1927,32.1333,0.718589,No rainfall.
1928,32.15,0.718589,No rainfall.
1929,32.1667,0.718589,No rainfall.
1930,32.1833,0.718589,No rainfall.
1931,32.2,0.718589,No rainfall.
1932,32.2167,0.718589,No rainfall.
1933,32.2333,0.718589,No rainfall.
1934,32.25,0.718589,No rainfall.
1935,32.2667,0.718589,No rainfall.
1936,32.2833,0.718589,No rainfall.
1937,32.3,0.718589,No rainfall.
1938,32.3167,0.718589,No rainfall.
1939,32.3333,0.718589,No rainfall.
1940,32.35,0.718589,No rainfall.
1941,32.3667,0.718589,No rainfall.
1942,32.3833,0.718588,No rainfall.
1943,32.4,0.718588,No rainfall.
1944,32.4167,0.718587,No rainfall.
1945,32.4333,0.718587,No rainfall.
1946,32.45,0.718587,No rainfall.
1947,32.4667,0.718587,No rainfall.
1948,32.4833,0.718587,No rainfall.
1949,32.5,0.718587,No rainfall.
1950,32.5167,0.718587,No rainfall.
1951,32.5333,0.718587,No rainfall.
1952,32.55,0.718587,No rainfall.
1953,32.5667,0.718587,No rainfall.
1954,32.5833,0.718587,No rainfall.
1955,32.6,0.718587,No rainfall.
1956,32.6167,0.718587,No rainfall.
1957,32.6333,0.718587,No rainfall.
1958,32.65,0.718587,No rainfall.
1959,32.6667,0.718587,No rainfall.
1960,32.6833,0.718587,No rainfall.
1961,32.7,0.718587,No rainfall.
1962,32.7167,0.718587,No rainfall.
1963,32.7333,0.718587,No rainfall.
1964,32.75,0.718587,No rainfall.
1965,32.7667,0.718587,No rainfall.
1966,32.7833,0.718587,No rainfall.
1967,32.8,0.718587,No rainfall.
1968,32.8167,0.718587,No rainfall.
1969,32.8333,0.718587,No rainfall.
1970,32.85,0.718587,No rainfall.
1971,32.8667,0.718587,No rainfall.
1972,32.8833,0.718587,No rainfall.
1973,32.9,0.718586,No rainfall.
1974,32.9167,0.718586,No rainfall.
1975,32.9333,0.718585,No rainfall.
1976,32.95,0.718585,No rainfall.
1977,32.9667,0.718585,No rainfall.
1978,32.9833,0.718585,No rainfall.
1979,33,0.718584,No rainfall.
1980,33.0167,0.718584,No rainfall.
1981,33.0333,0.718583,No rainfall.
1982,33.05,0.718584,No rainfall.
1983,33.0667,0.718583,No rainfall.
1984,33.0833,0.718583,No rainfall.
1985,33.1,0.718583,No rainfall.
1986,33.1167,0.718583,No rainfall.
1987,33.1333,0.718583,No rainfall.
1988,33.15,0.718583,No rainfall.
1989,33.1667,0.718583,No rainfall.
1990,33.1833,0.718583,No rainfall.
1991,33.2,0.718583,No rainfall.
1992,33.2167,0.718583,No rainfall.
1993,33.2333,0.718583,No rainfall.
1994,33.25,0.718583,No rainfall.
1995,33.2667,0.718583,No rainfall.
1996,33.2833,0.718583,No rainfall.
1997,33.3,0.718583,No rainfall.
1998,33.3167,0.718583,No rainfall.
1999,33.3333,0.718583,No rainfall.
2000,33.35,0.718583,No rainfall.
2001,33.3667,0.718583,No rainfall.
2002,33.3833,0.718583,No rainfall.
2003,33.4,0.718583,No rainfall.
2004,33.4167,0.718583,No rainfall.
2005,33.4333,0.718583,No rainfall.
2006,33.45,0.718583,No rainfall.
2007,33.4667,0.718583,No rainfall.
2008,33.4833,0.718583,No rainfall.
2009,33.5,0.718583,No rainfall.
2010,33.5167,0.718583,No rainfall.
2011,33.5333,0.718583,No rainfall.
2012,33.55,0.718583,No rainfall.
2013,33.5667,0.718583,No rainfall.
2014,33.5833,0.718582,No rainfall.
2015,33.6,0.718582,No rainfall.
2016,33.6167,0.718581,No rainfall.
2017,33.6333,0.718581,No rainfall.
2018,33.65,0.71858,No rainfall.
2019,33.6667,0.71858,No rainfall.
2020,33.6833,0.71858,No rainfall.
2021,33.7,0.71858,No rainfall.
2022,33.7167,0.71858,No rainfall.
2023,33.7333,0.71858,No rainfall.
2024,33.75,0.71858,No rainfall.
2025,33.7667,0.71858,No rainfall.
2026,33.7833,0.71858,No rainfall.
2027,33.8,0.71858,No rainfall.
2028,33.8167,0.71858,No rainfall.
2029,33.8333,0.71858,No rainfall.
2030,33.85,0.71858,No rainfall.
2031,33.8667,0.71858,No rainfall.
2032,33.8833,0.71858,No rainfall.
2033,33.9,0.71858,No rainfall.
2034,33.9167,0.71858,No rainfall.
2035,33.9333,0.71858,No rainfall.
2036,33.95,0.71858,No rainfall.
2037,33.9667,0.71858,No rainfall.
2038,33.9833,0.71858,No rainfall.
2039,34,0.71858,No rainfall.
2040,34.0167,0.71858,No rainfall.
2041,34.0333,0.71858,No rainfall.
2042,34.05,0.71858,No rainfall.
2043,34.0667,0.71858,No rainfall.
2044,34.0833,0.71858,No rainfall.
2045,34.1,0.71858,No rainfall.
2046,34.1167,0.71858,No rainfall.
2047,34.1333,0.71858,No rainfall.
2048,34.15,0.71858,No rainfall.
2049,34.1667,0.71858,No rainfall.
2050,34.1833,0.71858,No rainfall.
2051,34.2,0.71858,No rainfall.
2052,34.2167,0.718579,No rainfall.
2053,34.2333,0.718579,No rainfall.
2054,34.25,0.718578,No rainfall.
2055,34.2667,0.718578,No rainfall.
2056,34.2833,0.718577,No rainfall.
2057,34.3,0.718577,No rainfall.
2058,34.3167,0.718577,No rainfall.
2059,34.3333,0.718577,No rainfall.
2060,34.35,0.718577,No rainfall.
2061,34.3667,0.718577,No rainfall.
2062,34.3833,0.718577,No rainfall.
2063,34.4,0.718577,No rainfall.
2064,34.4167,0.718577,No rainfall.
2065,34.4333,0.718577,No rainfall.
2066,34.45,0.718577,No rainfall.
2067,34.4667,0.718577,No rainfall.
2068,34.4833,0.718577,No rainfall.
2069,34.5,0.718577,No rainfall.
2070,34.5167,0.718577,No rainfall.
2071,34.5333,0.718577,No rainfall.
2072,34.55,0.718577,No rainfall.
2073,34.5667,0.718577,No rainfall.
2074,34.5833,0.718577,No rainfall.
2075,34.6,0.718577,No rainfall.
2076,34.6167,0.718577,No rainfall.
2077,34.6333,0.718577,No rainfall.
2078,34.65,0.718577,No rainfall.
2079,34.6667,0.718577,No rainfall.
2080,34.6833,0.718577,No rainfall.
2081,34.7,0.718577,No rainfall.
2082,34.7167,0.718577,No rainfall.
2083,34.7333,0.718577,No rainfall.
2084,34.75,0.718577,No rainfall.
2085,34.7667,0.718577,No rainfall.
2086,34.7833,0.718577,No rainfall.
2087,34.8,0.718577,No rainfall.
2088,34.8167,0.718577,No rainfall.
2089,34.8333,0.718577,No rainfall.
2090,34.85,0.718576,No rainfall.
2091,34.8667,0.718576,No rainfall.
2092,34.8833,0.718575,No rainfall.
2093,34.9,0.718575,No rainfall.
2094,34.9167,0.718575,No rainfall.
2095,34.9333,0.718574,No rainfall.
2096,34.95,0.718574,No rainfall.
2097,34.9667,0.718574,No rainfall.
2098,34.9833,0.718574,No rainfall.
2099,35,0.718574,No rainfall.
2100,35.0167,0.718574,No rainfall.
2101,35.0333,0.718574,No rainfall.
2102,35.05,0.718574,No rainfall.
2103,35.0667,0.718574,No rainfall.
2104,35.0833,0.718574,No rainfall.
2105,35.1,0.718574,No rainfall.
2106,35.1167,0.718574,No rainfall.
2107,35.1333,0.718574,No rainfall.
2108,35.15,0.718574,No rainfall.
2109,35.1667,0.718574,No rainfall.
2110,35.1833,0.718574,No rainfall.
2111,35.2,0.718574,No rainfall.
2112,35.2167,0.742395,No rainfall.
2113,35.2333,0.741174,No rainfall.
2114,35.25,0.739921,No rainfall.
2115,35.2667,0.738652,No rainfall.
2116,35.2833,0.737376,No rainfall.
2117,35.3,0.736107,No rainfall.
2118,35.3167,0.734851,No rainfall.
2119,35.3333,0.733618,No rainfall.
2120,35.35,0.732412,No rainfall.
2121,35.3667,0.731273,No rainfall.
2122,35.3833,0.730365,No rainfall.
2123,35.4,0.729471,No rainfall.
2124,35.4167,0.728595,No rainfall.
2125,35.4333,0.727744,No rainfall.
2126,35.45,0.726919,No rainfall.
2127,35.4667,0.726124,No rainfall.
2128,35.4833,0.725362,No rainfall.
2129,35.5,0.724635,No rainfall.
2130,35.5167,0.723943,No rainfall.
2131,35.5333,0.723288,No rainfall.
2132,35.55,0.72267,No rainfall.
2133,35.5667,0.722089,No rainfall.
2134,35.5833,0.721545,No rainfall.
2135,35.6,0.721038,No rainfall.
2136,35.6167,0.720568,No rainfall.
2137,35.6333,0.720133,No rainfall.
2138,35.65,0.719733,No rainfall.
2139,35.6667,0.719366,No rainfall.
2140,35.6833,0.719032,No rainfall.
2141,35.7,0.718729,No rainfall.
2142,35.7167,0.718456,No rainfall.
2143,35.7333,0.718211,No rainfall.
2144,35.75,0.717993,No rainfall.
2145,35.7667,0.717801,No rainfall.
2146,35.7833,0.717633,No rainfall.
2147,35.8,0.717487,No rainfall.
2148,35.8167,0.717363,No rainfall.
2149,35.8333,0.717258,No rainfall.
2150,35.85,0.717172,No rainfall.
2151,35.8667,0.717103,No rainfall.
2152,35.8833,0.71705,No rainfall.
2153,35.9,0.717011,No rainfall.
2154,35.9167,0.716985,No rainfall.
2155,35.9333,0.716971,No rainfall.
2156,35.95,0.716969,No rainfall.
2157,35.9667,0.716975,No rainfall.
2158,35.9833,0.71699,No rainfall.
2159,36,0.717013,No rainfall.
2160,36.0167,0.717043,No rainfall.
2161,36.0333,0.717079,No rainfall.
2162,36.05,0.71712,No rainfall.
2163,36.0667,0.717165,No rainfall.
2164,36.0833,0.717213,No rainfall.
2165,36.1,0.717264,No rainfall.
2166,36.1167,0.717318,No rainfall.
2167,36.1333,0.717373,No rainfall.
2168,36.15,0.717429,No rainfall.
2169,36.1667,0.717486,No rainfall.
2170,36.1833,0.717544,No rainfall.
2171,36.2,0.717602,No rainfall.
2172,36.2167,0.717659,No rainfall.
2173,36.2333,0.717715,No rainfall.
2174,36.25,0.717771,No rainfall.
2175,36.2667,0.717826,No rainfall.
2176,36.2833,0.717879,No rainfall.
2177,36.3,0.71793,No rainfall.
2178,36.3167,0.71798,No rainfall.
2179,36.3333,0.718029,No rainfall.
2180,36.35,0.718075,No rainfall.
2181,36.3667,0.71812,No rainfall.
2182,36.3833,0.718162,No rainfall.
2183,36.4,0.718203,No rainfall.
2184,36.4167,0.718241,No rainfall.
2185,36.4333,0.718277,No rainfall.
2186,36.45,0.718312,No rainfall.
2187,36.4667,0.718344,No rainfall.
2188,36.4833,0.718374,No rainfall.
2189,36.5,0.718403,No rainfall.
2190,36.5167,0.718429,No rainfall.
2191,36.5333,0.718454,No rainfall.
2192,36.55,0.718476,No rainfall.
2193,36.5667,0.718497,No rainfall.
2194,36.5833,0.718516,No rainfall.
2195,36.6,0.718534,No rainfall.
2196,36.6167,0.71855,No rainfall.
2197,36.6333,0.718565,No rainfall.
2198,36.65,0.718578,No rainfall.
2199,36.6667,0.71859,No rainfall.
2200,36.6833,0.718601,No rainfall.
2201,36.7,0.718611,No rainfall.
2202,36.7167,0.718619,No rainfall.
2203,36.7333,0.718626,No rainfall.
2204,36.75,0.718633,No rainfall.
2205,36.7667,0.718638,No rainfall.
2206,36.7833,0.718643,No rainfall.
2207,36.8,0.718647,No rainfall.
2208,36.8167,0.718649,No rainfall.
2209,36.8333,0.718652,No rainfall.
2210,36.85,0.718654,No rainfall.
2211,36.8667,0.718655,No rainfall.
2212,36.8833,0.718656,No rainfall.
2213,36.9,0.718656,No rainfall.
2214,36.9167,0.718656,No rainfall.
2215,36.9333,0.718656,No rainfall.
2216,36.95,0.718655,No rainfall.
2217,36.9667,0.718654,No rainfall.
2218,36.9833,0.718653,No rainfall.
2219,37,0.718651,No rainfall.
2220,37.0167,0.718649,No rainfall.
2221,37.0333,0.718647,No rainfall.
2222,37.05,0.718646,No rainfall.
2223,37.0667,0.718643,No rainfall.
2224,37.0833,0.718641,No rainfall.
2225,37.1,0.718639,No rainfall.
2226,37.1167,0.718637,No rainfall.
2227,37.1333,0.718635,No rainfall.
2228,37.15,0.718632,No rainfall.
2229,37.1667,0.718629,No rainfall.
2230,37.1833,0.718627,No rainfall.
2231,37.2,0.718625,No rainfall.
2232,37.2167,0.718622,No rainfall.
2233,37.2333,0.71862,No rainfall.
2234,37.25,0.718618,No rainfall.
2235,37.2667,0.718616,No rainfall.
2236,37.2833,0.718613,No rainfall.
2237,37.3,0.718611,No rainfall.
2238,37.3167,0.718608,No rainfall.
2239,37.3333,0.718606,No rainfall.
2240,37.35,0.718605,No rainfall.
2241,37.3667,0.718603,No rainfall.
2242,37.3833,0.718601,No rainfall.
2243,37.4,0.718599,No rainfall.
2244,37.4167,0.718597,No rainfall.
2245,37.4333,0.718596,No rainfall.
2246,37.45,0.718595,No rainfall.
2247,37.4667,0.718593,No rainfall.
2248,37.4833,0.718592,No rainfall.
2249,37.5,0.71859,No rainfall.
2250,37.5167,0.718588,No rainfall.
2251,37.5333,0.718587,No rainfall.
2252,37.55,0.718585,No rainfall.
2253,37.5667,0.718584,No rainfall.
2254,37.5833,0.718583,No rainfall.
2255,37.6,0.718581,No rainfall.
2256,37.6167,0.71858,No rainfall.
2257,37.6333,0.718579,No rainfall.
2258,37.65,0.718578,No rainfall.
2259,37.6667,0.718577,No rainfall.
2260,37.6833,0.718576,No rainfall.
2261,37.7,0.718575,No rainfall.
2262,37.7167,0.718575,No rainfall.
2263,37.7333,0.718574,No rainfall.
2264,37.75,0.718573,No rainfall.
2265,37.7667,0.718572,No rainfall.
2266,37.7833,0.718572,No rainfall.
2267,37.8,0.718571,No rainfall.
2268,37.8167,0.718571,No rainfall.
2269,37.8333,0.71857,No rainfall.
2270,37.85,0.71857,No rainfall.
2271,37.8667,0.718569,No rainfall.
2272,37.8833,0.718569,No rainfall.
2273,37.9,0.718568,No rainfall.
2274,37.9167,0.718568,No rainfall.
2275,37.9333,0.718567,No rainfall.
2276,37.95,0.718567,No rainfall.
2277,37.9667,0.718567,No rainfall.
2278,37.9833,0.718567,No rainfall.
2279,38,0.718567,No rainfall.
2280,38.0167,0.718566,No rainfall.
2281,38.0333,0.718566,No rainfall.
2282,38.05,0.718565,No rainfall.
2283,38.0667,0.718565,No rainfall.
2284,38.0833,0.718565,No rainfall.
2285,38.1,0.718564,No rainfall.
2286,38.1167,0.718564,No rainfall.
2287,38.1333,0.718563,No rainfall.
2288,38.15,0.718563,No rainfall.
2289,38.1667,0.718562,No rainfall.
2290,38.1833,0.718562,No rainfall.
2291,38.2,0.718562,No rainfall.
2292,38.2167,0.718562,No rainfall.
2293,38.2333,0.718562,No rainfall.
2294,38.25,0.718562,No rainfall.
2295,38.2667,0.718562,No rainfall.
2296,38.2833,0.718562,No rainfall.
2297,38.3,0.718562,No rainfall.
2298,38.3167,0.718562,No rainfall.
2299,38.3333,0.718562,No rainfall.
2300,38.35,0.718562,No rainfall.
2301,38.3667,0.718562,No rainfall.
2302,38.3833,0.718562,No rainfall.
2303,38.4,0.718562,No rainfall.
2304,38.4167,0.718562,No rainfall.
2305,38.4333,0.718561,No rainfall.
2306,38.45,0.718561,No rainfall.
2307,38.4667,0.71856,No rainfall.
2308,38.4833,0.71856,No rainfall.
2309,38.5,0.71856,No rainfall.
2310,38.5167,0.71856,No rainfall.
2311,38.5333,0.71856,No rainfall.
2312,38.55,0.71856,No rainfall.
2313,38.5667,0.71856,No rainfall.
2314,38.5833,0.71856,No rainfall.
2315,38.6,0.71856,No rainfall.
2316,38.6167,0.71856,No rainfall.
2317,38.6333,0.71856,No rainfall.
2318,38.65,0.71856,No rainfall.
2319,38.6667,0.71856,No rainfall.
2320,38.6833,0.71856,No rainfall.
2321,38.7,0.71856,No rainfall.
2322,38.7167,0.71856,No rainfall.
2323,38.7333,0.71856,No rainfall.
2324,38.75,0.71856,No rainfall.
2325,38.7667,0.71856,No rainfall.
2326,38.7833,0.71856,No rainfall.
2327,38.8,0.718559,No rainfall.
2328,38.8167,0.718559,No rainfall.
2329,38.8333,0.718559,No rainfall.
2330,38.85,0.718559,No rainfall.
2331,38.8667,0.718559,No rainfall.
2332,38.8833,0.718559,No rainfall.
2333,38.9,0.718559,No rainfall.
2334,38.9167,0.718559,No rainfall.
2335,38.9333,0.718559,No rainfall.
2336,38.95,0.718559,No rainfall.
2337,38.9667,0.718559,No rainfall.
2338,38.9833,0.718559,No rainfall.
2339,39,0.718559,No rainfall.
2340,39.0167,0.718559,No rainfall.
2341,39.0333,0.718559,No rainfall.
2342,39.05,0.718559,No rainfall.
2343,39.0667,0.718559,No rainfall.
2344,39.0833,0.718559,No rainfall.
2345,39.1,0.718559,No rainfall.
2346,39.1167,0.718559,No rainfall.
2347,39.1333,0.718559,No rainfall.
2348,39.15,0.718559,No rainfall.
2349,39.1667,0.718559,No rainfall.
2350,39.1833,0.718559,No rainfall.
2351,39.2,0.718558,No rainfall.
2352,39.2167,0.718558,No rainfall.
2353,39.2333,0.718558,No rainfall.
2354,39.25,0.718558,No rainfall.
2355,39.2667,0.718558,No rainfall.
2356,39.2833,0.718558,No rainfall.
2357,39.3,0.718558,No rainfall.
2358,39.3167,0.718558,No rainfall.
2359,39.3333,0.718558,No rainfall.
2360,39.35,0.718558,No rainfall.
2361,39.3667,0.718558,No rainfall.
2362,39.3833,0.718558,No rainfall.
2363,39.4,0.718558,No rainfall.
2364,39.4167,0.718558,No rainfall.
2365,39.4333,0.718558,No rainfall.
2366,39.45,0.718558,No rainfall.
2367,39.4667,0.718558,No rainfall.
2368,39.4833,0.718558,No rainfall.
2369,39.5,0.718558,No rainfall.
2370,39.5167,0.718558,No rainfall.
2371,39.5333,0.718558,No rainfall.
2372,39.55,0.718558,No rainfall.
2373,39.5667,0.718558,No rainfall.
2374,39.5833,0.718558,No rainfall.
2375,39.6,0.718558,No rainfall.
2376,39.6167,0.718558,No rainfall.
2377,39.6333,0.718558,No rainfall.
2378,39.65,0.718557,No rainfall.
2379,39.6667,0.718557,No rainfall.
2380,39.6833,0.718556,No rainfall.
2381,39.7,0.718556,No rainfall.
2382,39.7167,0.718555,No rainfall.
2383,39.7333,0.718555,No rainfall.
2384,39.75,0.718554,No rainfall.
2385,39.7667,0.718555,No rainfall.
2386,39.7833,0.718555,No rainfall.
2387,39.8,0.718555,No rainfall.
2388,39.8167,0.718555,No rainfall.
2389,39.8333,0.718555,No rainfall.
2390,39.85,0.718555,No rainfall.
2391,39.8667,0.718555,No rainfall.
2392,39.8833,0.718555,No rainfall.
2393,39.9,0.718555,No rainfall.
2394,39.9167,0.718555,No rainfall.
2395,39.9333,0.718555,No rainfall.
2396,39.95,0.718555,No rainfall.
2397,39.9667,0.718555,No rainfall.
2398,39.9833,0.718555,No rainfall.
2399,40,0.718555,No rainfall.
2400,40.0167,0.718555,No rainfall.
2401,40.0333,0.718555,No rainfall.
2402,40.05,0.718555,No rainfall.
2403,40.0667,0.718555,No rainfall.
2404,40.0833,0.718555,No rainfall.
2405,40.1,0.718555,No rainfall.
2406,40.1167,0.718555,No rainfall.
2407,40.1333,0.718555,No rainfall.
2408,40.15,0.718555,No rainfall.
2409,40.1667,0.718555,No rainfall.
2410,40.1833,0.718555,No rainfall.
2411,40.2,0.718555,No rainfall.
2412,40.2167,0.718555,No rainfall.
2413,40.2333,0.718555,No rainfall.
2414,40.25,0.718555,No rainfall.
2415,40.2667,0.718555,No rainfall.
2416,40.2833,0.718555,No rainfall.
2417,40.3,0.718555,No rainfall.
2418,40.3167,0.718555,No rainfall.
2419,40.3333,0.718555,No rainfall.
2420,40.35,0.718554,No rainfall.
2421,40.3667,0.718554,No rainfall.
2422,40.3833,0.718554,No rainfall.
2423,40.4,0.718554,No rainfall.
2424,40.4167,0.718553,No rainfall.
2425,40.4333,0.718553,No rainfall.
2426,40.45,0.718553,No rainfall.
2427,40.4667,0.718552,No rainfall.
2428,40.4833,0.718553,No rainfall.
2429,40.5,0.718553,No rainfall.
2430,40.5167,0.718553,No rainfall.
2431,40.5333,0.718553,No rainfall.
2432,40.55,0.718553,No rainfall.
2433,40.5667,0.718553,No rainfall.
2434,40.5833,0.718553,No rainfall.
2435,40.6,0.718553,No rainfall.
2436,40.6167,0.718553,No rainfall.
2437,40.6333,0.718553,No rainfall.
2438,40.65,0.718553,No rainfall.
2439,40.6667,0.718553,No rainfall.
2440,40.6833,0.718553,No rainfall.
2441,40.7,0.718553,No rainfall.
2442,40.7167,0.718553,No rainfall.
2443,40.7333,0.718553,No rainfall.
2444,40.75,0.718553,No rainfall.
2445,40.7667,0.718553,No rainfall.
2446,40.7833,0.718553,No rainfall.
2447,40.8,0.718553,No rainfall.
2448,40.8167,0.718553,No rainfall.
2449,40.8333,0.718553,No rainfall.
2450,40.85,0.718553,No rainfall.
2451,40.8667,0.718553,No rainfall.
2452,40.8833,0.718553,No rainfall.
2453,40.9,0.718553,No rainfall.
2454,40.9167,0.718553,No rainfall.
2455,40.9333,0.718553,No rainfall.
2456,40.95,0.718553,No rainfall.
2457,40.9667,0.718553,No rainfall.
2458,40.9833,0.718553,No rainfall.
2459,41,0.718553,No rainfall.
2460,41.0167,0.718553,No rainfall.
2461,41.0333,0.718553,No rainfall.
2462,41.05,0.718553,No rainfall.
2463,41.0667,0.718553,No rainfall.
2464,41.0833,0.718553,No rainfall.
2465,41.1,0.718553,No rainfall.
2466,41.1167,0.718553,No rainfall.
2467,41.1333,0.718553,No rainfall.
2468,41.15,0.718553,No rainfall.
2469,41.1667,0.718553,No rainfall.
2470,41.1833,0.718553,No rainfall.
2471,41.2,0.718552,No rainfall.
2472,41.2167,0.718552,No rainfall.
2473,41.2333,0.718552,No rainfall.
2474,41.25,0.718551,No rainfall.
2475,41.2667,0.718551,No rainfall.
2476,41.2833,0.718551,No rainfall.
2477,41.3,0.71855,No rainfall.
2478,41.3167,0.71855,No rainfall.
2479,41.3333,0.71855,No rainfall.
2480,41.35,0.71855,No rainfall.
2481,41.3667,0.718549,No rainfall.
2482,41.3833,0.718549,No rainfall.
2483,41.4,0.718549,No rainfall.
2484,41.4167,0.718549,No rainfall.
2485,41.4333,0.718549,No rainfall.
2486,41.45,0.718549,No rainfall.
2487,41.4667,0.718549,No rainfall.
2488,41.4833,0.718549,No rainfall.
2489,41.5,0.718549,No rainfall.
2490,41.5167,0.718549,No rainfall.
2491,41.5333,0.718549,No rainfall.
2492,41.55,0.718549,No rainfall.
2493,41.5667,0.718549,No rainfall.
2494,41.5833,0.718549,No rainfall.
2495,41.6,0.718549,No rainfall.
2496,41.6167,0.718549,No rainfall.
2497,41.6333,0.718549,No rainfall.
2498,41.65,0.718549,No rainfall.
2499,41.6667,0.718549,No rainfall.
2500,41.6833,0.718549,No rainfall.
2501,41.7,0.718549,No rainfall.
2502,41.7167,0.718549,No rainfall.
2503,41.7333,0.718549,No rainfall.
2504,41.75,0.718549,No rainfall.
2505,41.7667,0.718549,No rainfall.
2506,41.7833,0.718549,No rainfall.
2507,41.8,0.718549,No rainfall.
2508,41.8167,0.718549,No rainfall.
2509,41.8333,0.718549,No rainfall.
2510,41.85,0.718549,No rainfall.
2511,41.8667,0.718549,No rainfall.
2512,41.8833,0.718549,No rainfall.
2513,41.9,0.718549,No rainfall.
2514,41.9167,0.718549,No rainfall.
2515,41.9333,0.718549,No rainfall.
2516,41.95,0.718549,No rainfall.
2517,41.9667,0.718549,No rainfall.
2518,41.9833,0.718549,No rainfall.
2519,42,0.718549,No rainfall.
2520,42.0167,0.718549,No rainfall.
2521,42.0333,0.718549,No rainfall.
2522,42.05,0.718549,No rainfall.
2523,42.0667,0.718549,No rainfall.
2524,42.0833,0.718549,No rainfall.
2525,42.1,0.718549,No rainfall.
2526,42.1167,0.718549,No rainfall.
2527,42.1333,0.718549,No rainfall.
2528,42.15,0.718549,No rainfall.
2529,42.1667,0.718549,No rainfall.
2530,42.1833,0.718549,No rainfall.
2531,42.2,0.718549,No rainfall.
2532,42.2167,0.718549,No rainfall.
2533,42.2333,0.718548,No rainfall.
2534,42.25,0.718548,No rainfall.
2535,42.2667,0.718548,No rainfall.
2536,42.2833,0.718548,No rainfall.
2537,42.3,0.718547,No rainfall.
2538,42.3167,0.718547,No rainfall.
2539,42.3333,0.718547,No rainfall.
2540,42.35,0.718547,No rainfall.
2541,42.3667,0.718546,No rainfall.
2542,42.3833,0.718546,No rainfall.
2543,42.4,0.718546,No rainfall.
2544,42.4167,0.718546,No rainfall.
2545,42.4333,0.718546,No rainfall.
2546,42.45,0.718546,No rainfall.
2547,42.4667,0.718546,No rainfall.
2548,42.4833,0.718546,No rainfall.
2549,42.5,0.718546,No rainfall.
2550,42.5167,0.718546,No rainfall.
2551,42.5333,0.718546,No rainfall.
2552,42.55,0.718546,No rainfall.
2553,42.5667,0.718546,No rainfall.
2554,42.5833,0.718546,No rainfall.
2555,42.6,0.718546,No rainfall.
2556,42.6167,0.718546,No rainfall.
2557,42.6333,0.718546,No rainfall.
2558,42.65,0.718546,No rainfall.
2559,42.6667,0.718546,No rainfall.
2560,42.6833,0.718546,No rainfall.
2561,42.7,0.718546,No rainfall.
2562,42.7167,0.718546,No rainfall.
2563,42.7333,0.718546,No rainfall.
2564,42.75,0.718546,No rainfall.
2565,42.7667,0.718546,No rainfall.
2566,42.7833,0.718546,No rainfall.
2567,42.8,0.718546,No rainfall.
2568,42.8167,0.718546,No rainfall.
2569,42.8333,0.718546,No rainfall.
2570,42.85,0.718546,No rainfall.
2571,42.8667,0.718546,No rainfall.
2572,42.8833,0.718546,No rainfall.
2573,42.9,0.718546,No rainfall.
2574,42.9167,0.718546,No rainfall.
2575,42.9333,0.718546,No rainfall.
2576,42.95,0.718546,No rainfall.
2577,42.9667,0.718546,No rainfall.
2578,42.9833,0.718546,No rainfall.
2579,43,0.718546,No rainfall.
2580,43.0167,0.718546,No rainfall.
2581,43.0333,0.718546,No rainfall.
2582,43.05,0.718546,No rainfall.
2583,43.0667,0.718546,No rainfall.
2584,43.0833,0.718546,No rainfall.
2585,43.1,0.718546,No rainfall.
2586,43.1167,0.718546,No rainfall.
2587,43.1333,0.718546,No rainfall.
2588,43.15,0.718546,No rainfall.
2589,43.1667,0.718546,No rainfall.
2590,43.1833,0.718546,No rainfall.
2591,43.2,0.718546,No rainfall.
2592,43.2167,0.718546,No rainfall.
2593,43.2333,0.718546,No rainfall.
2594,43.25,0.718546,No rainfall.
2595,43.2667,0.718546,No rainfall.
2596,43.2833,0.718546,No rainfall.
2597,43.3,0.718546,No rainfall.
2598,43.3167,0.718546,No rainfall.
2599,43.3333,0.718546,No rainfall.
2600,43.35,0.718545,No rainfall.
2601,43.3667,0.718545,No rainfall.
2602,43.3833,0.718545,No rainfall.
2603,43.4,0.718545,No rainfall.
2604,43.4167,0.718544,No rainfall.
2605,43.4333,0.718544,No rainfall.
2606,43.45,0.718544,No rainfall.
2607,43.4667,0.718544,No rainfall.
2608,43.4833,0.718544,No rainfall.
2609,43.5,0.718544,No rainfall.
2610,43.5167,0.718544,No rainfall.
2611,43.5333,0.718544,No rainfall.
2612,43.55,0.718543,No rainfall.
2613,43.5667,0.718543,No rainfall.
2614,43.5833,0.718543,No rainfall.
2615,43.6,0.718543,No rainfall.
2616,43.6167,0.718543,No rainfall.
2617,43.6333,0.718543,No rainfall.
2618,43.65,0.718543,No rainfall.
2619,43.6667,0.718543,No rainfall.
2620,43.6833,0.718543,No rainfall.
2621,43.7,0.718543,No rainfall.
2622,43.7167,0.718543,No rainfall.
2623,43.7333,0.718543,No rainfall.
2624,43.75,0.718543,No rainfall.
2625,43.7667,0.718543,No rainfall.
2626,43.7833,0.718543,No rainfall.
2627,43.8,0.718543,No rainfall.
2628,43.8167,0.718543,No rainfall.
2629,43.8333,0.718543,No rainfall.
2630,43.85,0.718543,No rainfall.
2631,43.8667,0.718543,No rainfall.
2632,43.8833,0.718543,No rainfall.
2633,43.9,0.718543,No rainfall.
2634,43.9167,0.718543,No rainfall.
2635,43.9333,0.718543,No rainfall.
2636,43.95,0.718543,No rainfall.
2637,43.9667,0.718543,No rainfall.
2638,43.9833,0.718543,No rainfall.
2639,44,0.718543,No rainfall.
2640,44.0167,0.718543,No rainfall.
2641,44.0333,0.718543,No rainfall.
2642,44.05,0.718543,No rainfall.
2643,44.0667,0.718543,No rainfall.
2644,44.0833,0.718543,No rainfall.
2645,44.1,0.718543,No rainfall.
2646,44.1167,0.718543,No rainfall.
2647,44.1333,0.718543,No rainfall.
2648,44.15,0.718543,No rainfall.
2649,44.1667,0.718543,No rainfall.
2650,44.1833,0.718543,No rainfall.
2651,44.2,0.718543,No rainfall.
2652,44.2167,0.718543,No rainfall.
2653,44.2333,0.718543,No rainfall.
2654,44.25,0.718543,No rainfall.
2655,44.2667,0.718543,No rainfall.
2656,44.2833,0.718543,No rainfall.
2657,44.3,0.718543,No rainfall.
2658,44.3167,0.718543,No rainfall.
2659,44.3333,0.718543,No rainfall.
2660,44.35,0.718543,No rainfall.
2661,44.3667,0.718543,No rainfall.
2662,44.3833,0.718543,No rainfall.
2663,44.4,0.718543,No rainfall.
2664,44.4167,0.718543,No rainfall.
2665,44.4333,0.718543,No rainfall.
2666,44.45,0.718543,No rainfall.
2667,44.4667,0.718543,No rainfall.
2668,44.4833,0.718543,No rainfall.
2669,44.5,0.718543,No rainfall.
2670,44.5167,0.718543,No rainfall.
2671,44.5333,0.718543,No rainfall.
2672,44.55,0.718543,No rainfall.
2673,44.5667,0.718543,No rainfall.
2674,44.5833,0.718543,No rainfall.
2675,44.6,0.718543,No rainfall.
2676,44.6167,0.718543,No rainfall.
2677,44.6333,0.718542,No rainfall.
2678,44.65,0.718542,No rainfall.
2679,44.6667,0.718542,No rainfall.
2680,44.6833,0.718542,No rainfall.
2681,44.7,0.718542,No rainfall.
2682,44.7167,0.718541,No rainfall.
2683,44.7333,0.718541,No rainfall.
2684,44.75,0.718541,No rainfall.
2685,44.7667,0.718541,No rainfall.
2686,44.7833,0.718541,No rainfall.
2687,44.8,0.71854,No rainfall.
2688,44.8167,0.71854,No rainfall.
2689,44.8333,0.71854,No rainfall.
2690,44.85,0.71854,No rainfall.
2691,44.8667,0.71854,No rainfall.
2692,44.8833,0.71854,No rainfall.
2693,44.9,0.71854,No rainfall.
2694,44.9167,0.71854,No rainfall.
2695,44.9333,0.71854,No rainfall.
2696,44.95,0.71854,No rainfall.
2697,44.9667,0.71854,No rainfall.
2698,44.9833,0.71854,No rainfall.
2699,45,0.71854,No rainfall.
2700,45.0167,0.71854,No rainfall.
2701,45.0333,0.71854,No rainfall.
2702,45.05,0.71854,No rainfall.
2703,45.0667,0.71854,No rainfall.
2704,45.0833,0.71854,No rainfall.
2705,45.1,0.71854,No rainfall.
2706,45.1167,0.71854,No rainfall.
2707,45.1333,0.71854,No rainfall.
2708,45.15,0.71854,No rainfall.
2709,45.1667,0.71854,No rainfall.
2710,45.1833,0.71854,No rainfall.
2711,45.2,0.71854,No rainfall.
2712,45.2167,0.71854,No rainfall.
2713,45.2333,0.71854,No rainfall.
2714,45.25,0.71854,No rainfall.
2715,45.2667,0.71854,No rainfall.
2716,45.2833,0.71854,No rainfall.
2717,45.3,0.71854,No rainfall.
2718,45.3167,0.71854,No rainfall.
2719,45.3333,0.71854,No rainfall.
2720,45.35,0.71854,No rainfall.
2721,45.3667,0.71854,No rainfall.
2722,45.3833,0.71854,No rainfall.
2723,45.4,0.71854,No rainfall.
2724,45.4167,0.71854,No rainfall.
2725,45.4333,0.71854,No rainfall.
2726,45.45,0.71854,No rainfall.
2727,45.4667,0.71854,No rainfall.
2728,45.4833,0.71854,No rainfall.
2729,45.5,0.71854,No rainfall.
2730,45.5167,0.71854,No rainfall.
2731,45.5333,0.71854,No rainfall.
2732,45.55,0.71854,No rainfall.
2733,45.5667,0.71854,No rainfall.
2734,45.5833,0.71854,No rainfall.
2735,45.6,0.71854,No rainfall.
2736,45.6167,0.71854,No rainfall.
2737,45.6333,0.71854,No rainfall.
2738,45.65,0.71854,No rainfall.
2739,45.6667,0.71854,No rainfall.
2740,45.6833,0.71854,No rainfall.
2741,45.7,0.71854,No rainfall.
2742,45.7167,0.71854,No rainfall.
2743,45.7333,0.71854,No rainfall.
2744,45.75,0.71854,No rainfall.
2745,45.7667,0.71854,No rainfall.
2746,45.7833,0.71854,No rainfall.
2747,45.8,0.71854,No rainfall.
2748,45.8167,0.71854,No rainfall.
2749,45.8333,0.71854,No rainfall.
2750,45.85,0.71854,No rainfall.
2751,45.8667,0.71854,No rainfall.
2752,45.8833,0.71854,No rainfall.
2753,45.9,0.71854,No rainfall.
2754,45.9167,0.71854,No rainfall.
2755,45.9333,0.71854,No rainfall.
2756,45.95,0.71854,No rainfall.
2757,45.9667,0.71854,No rainfall.
2758,45.9833,0.71854,No rainfall.
2759,46,0.71854,No rainfall.
2760,46.0167,0.71854,No rainfall.
2761,46.0333,0.71854,No rainfall.
2762,46.05,0.71854,No rainfall.
2763,46.0667,0.71854,No rainfall.
2764,46.0833,0.71854,No rainfall.
2765,46.1,0.71854,No rainfall.
2766,46.1167,0.71854,No rainfall.
2767,46.1333,0.718539,No rainfall.
2768,46.15,0.718539,No rainfall.
2769,46.1667,0.718539,No rainfall.
2770,46.1833,0.718539,No rainfall.
2771,46.2,0.718539,No rainfall.
2772,46.2167,0.718538,No rainfall.
2773,46.2333,0.718538,No rainfall.
2774,46.25,0.718538,No rainfall.
2775,46.2667,0.718538,No rainfall.
2776,46.2833,0.718538,No rainfall.
2777,46.3,0.718538,No rainfall.
2778,46.3167,0.718538,No rainfall.
2779,46.3333,0.718537,No rainfall.
2780,46.35,0.718537,No rainfall.
2781,46.3667,0.718537,No rainfall.
2782,46.3833,0.718537,No rainfall.
2783,46.4,0.718537,No rainfall.
2784,46.4167,0.718537,No rainfall.
2785,46.4333,0.718537,No rainfall.
2786,46.45,0.718537,No rainfall.
2787,46.4667,0.718537,No rainfall.
2788,46.4833,0.718537,No rainfall.
2789,46.5,0.718536,No rainfall.
2790,46.5167,0.718537,No rainfall.
2791,46.5333,0.718537,No rainfall.
2792,46.55,0.718537,No rainfall.
2793,46.5667,0.718537,No rainfall.
2794,46.5833,0.718537,No rainfall.
2795,46.6,0.718537,No rainfall.
2796,46.6167,0.718537,No rainfall.
2797,46.6333,0.718537,No rainfall.
2798,46.65,0.718537,No rainfall.
2799,46.6667,0.718537,No rainfall.
2800,46.6833,0.718537,No rainfall.
2801,46.7,0.718537,No rainfall.
2802,46.7167,0.718537,No rainfall.
2803,46.7333,0.718537,No rainfall.
2804,46.75,0.718537,No rainfall.
2805,46.7667,0.718537,No rainfall.
2806,46.7833,0.718537,No rainfall.
2807,46.8,0.718537,No rainfall.
2808,46.8167,0.718537,No rainfall.
2809,46.8333,0.718537,No rainfall.
2810,46.85,0.718537,No rainfall.
2811,46.8667,0.718537,No rainfall.
2812,46.8833,0.718537,No rainfall.
2813,46.9,0.718537,No rainfall.
2814,46.9167,0.718537,No rainfall.
2815,46.9333,0.718537,No rainfall.
2816,46.95,0.718537,No rainfall.
2817,46.9667,0.718537,No rainfall.
2818,46.9833,0.718537,No rainfall.
2819,47,0.718537,No rainfall.
2820,47.0167,0.718537,No rainfall.
2821,47.0333,0.718537,No rainfall.
2822,47.05,0.718537,No rainfall.
2823,47.0667,0.718537,No rainfall.
2824,47.0833,0.718537,No rainfall.
2825,47.1,0.718537,No rainfall.
2826,47.1167,0.718537,No rainfall.
2827,47.1333,0.718537,No rainfall.
2828,47.15,0.718537,No rainfall.
2829,47.1667,0.718537,No rainfall.
2830,47.1833,0.718537,No rainfall.
2831,47.2,0.718537,No rainfall.
2832,47.2167,0.718537,No rainfall.
2833,47.2333,0.718537,No rainfall.
2834,47.25,0.718537,No rainfall.
2835,47.2667,0.718537,No rainfall.
2836,47.2833,0.718537,No rainfall.
2837,47.3,0.718537,No rainfall.
2838,47.3167,0.718537,No rainfall.
2839,47.3333,0.718537,No rainfall.
2840,47.35,0.718537,No rainfall.
2841,47.3667,0.718537,No rainfall.
2842,47.3833,0.718537,No rainfall.
2843,47.4,0.718537,No rainfall.
2844,47.4167,0.718537,No rainfall.
2845,47.4333,0.718537,No rainfall.
2846,47.45,0.718537,No rainfall.
2847,47.4667,0.718537,No rainfall.
2848,47.4833,0.718537,No rainfall.
2849,47.5,0.718537,No rainfall.
2850,47.5167,0.718537,No rainfall.
2851,47.5333,0.718537,No rainfall.
2852,47.55,0.718537,No rainfall.
2853,47.5667,0.718537,No rainfall.
2854,47.5833,0.718537,No rainfall.
2855,47.6,0.718537,No rainfall.
2856,47.6167,0.718537,No rainfall.
2857,47.6333,0.718537,No rainfall.
2858,47.65,0.718537,No rainfall.
2859,47.6667,0.718537,No rainfall.
2860,47.6833,0.718537,No rainfall.
2861,47.7,0.718537,No rainfall.
2862,47.7167,0.718537,No rainfall.
2863,47.7333,0.718537,No rainfall.
2864,47.75,0.718536,No rainfall.
2865,47.7667,0.718536,No rainfall.
2866,47.7833,0.718536,No rainfall.
2867,47.8,0.718536,No rainfall.
2868,47.8167,0.718536,No rainfall.
2869,47.8333,0.718536,No rainfall.
2870,47.85,0.718536,No rainfall.
2871,47.8667,0.718535,No rainfall.
2872,47.8833,0.718535,No rainfall.
2873,47.9,0.718535,No rainfall.
2874,47.9167,0.718535,No rainfall.
2875,47.9333,0.718535,No rainfall.
2876,47.95,0.718535,No rainfall.
2877,47.9667,0.718535,No rainfall.
2878,47.9833,0.718535,No rainfall.
2879,48,0.718534,No rainfall.
2880,48.0167,0.718534,No rainfall.
2881,48.0333,0.718534,No rainfall.
2882,48.05,0.718534,No rainfall.
2883,48.0667,0.718534,No rainfall.
2884,48.0833,0.718534,No rainfall.
2885,48.1,0.718534,No rainfall.
2886,48.1167,0.718534,No rainfall.
2887,48.1333,0.718534,No rainfall.
2888,48.15,0.718534,No rainfall.
2889,48.1667,0.718534,No rainfall.
2890,48.1833,0.718534,No rainfall.
2891,48.2,0.718534,No rainfall.
2892,48.2167,0.718534,No rainfall.
2893,48.2333,0.718534,No rainfall.
2894,48.25,0.718533,No rainfall.
2895,48.2667,0.718533,No rainfall.
2896,48.2833,0.718533,No rainfall.
2897,48.3,0.718533,No rainfall.
2898,48.3167,0.718533,No rainfall.
2899,48.3333,0.718533,No rainfall.
2900,48.35,0.718533,No rainfall.
2901,48.3667,0.718533,No rainfall.
2902,48.3833,0.718533,No rainfall.
2903,48.4,0.718533,No rainfall.
2904,48.4167,0.718533,No rainfall.
2905,48.4333,0.718533,No rainfall.
2906,48.45,0.718533,No rainfall.
2907,48.4667,0.718533,No rainfall.
2908,48.4833,0.718533,No rainfall.
2909,48.5,0.718533,No rainfall.
2910,48.5167,0.718533,No rainfall.
2911,48.5333,0.718533,No rainfall.
2912,48.55,0.718533,No rainfall.
2913,48.5667,0.718533,No rainfall.
2914,48.5833,0.718533,No rainfall.
2915,48.6,0.718533,No rainfall.
2916,48.6167,0.718533,No rainfall.
2917,48.6333,0.718533,No rainfall.
2918,48.65,0.718533,No rainfall.
2919,48.6667,0.718533,No rainfall.
2920,48.6833,0.718533,No rainfall.
2921,48.7,0.718533,No rainfall.
2922,48.7167,0.718533,No rainfall.
2923,48.7333,0.718533,No rainfall.
2924,48.75,0.718533,No rainfall.
2925,48.7667,0.718533,No rainfall.
2926,48.7833,0.718533,No rainfall.
2927,48.8,0.718533,No rainfall.
2928,48.8167,0.718533,No rainfall.
2929,48.8333,0.718533,No rainfall.
2930,48.85,0.718533,No rainfall.
2931,48.8667,0.718533,No rainfall.
2932,48.8833,0.718533,No rainfall.
2933,48.9,0.718533,No rainfall.
2934,48.9167,0.718533,No rainfall.
2935,48.9333,0.718533,No rainfall.
2936,48.95,0.718533,No rainfall.
2937,48.9667,0.718533,No rainfall.
2938,48.9833,0.718533,No rainfall.
2939,49,0.718533,No rainfall.
2940,49.0167,0.718533,No rainfall.
2941,49.0333,0.718533,No rainfall.
2942,49.05,0.718533,No rainfall.
2943,49.0667,0.718533,No rainfall.
2944,49.0833,0.718533,No rainfall.
2945,49.1,0.718533,No rainfall.
2946,49.1167,0.718533,No rainfall.
2947,49.1333,0.718533,No rainfall.
2948,49.15,0.718533,No rainfall.
2949,49.1667,0.718533,No rainfall.
2950,49.1833,0.718533,No rainfall.
2951,49.2,0.718533,No rainfall.
2952,49.2167,0.718533,No rainfall.
2953,49.2333,0.718533,No rainfall.
2954,49.25,0.718533,No rainfall.
2955,49.2667,0.718533,No rainfall.
2956,49.2833,0.718534,No rainfall.
2957,49.3,0.718534,No rainfall.
2958,49.3167,0.718535,No rainfall.
2959,49.3333,0.718535,No rainfall.
2960,49.35,0.718535,No rainfall.
2961,49.3667,0.718535,No rainfall.
2962,49.3833,0.718535,No rainfall.
2963,49.4,0.718536,No rainfall.
2964,49.4167,0.718536,No rainfall.
2965,49.4333,0.718536,No rainfall.
2966,49.45,0.718537,No rainfall.
2967,49.4667,0.718537,No rainfall.
2968,49.4833,0.718538,No rainfall.
2969,49.5,0.718538,No rainfall.
2970,49.5167,0.718539,No rainfall.
2971,49.5333,0.718539,No rainfall.
2972,49.55,0.718539,No rainfall.
2973,49.5667,0.718539,No rainfall.
2974,49.5833,0.718539,No rainfall.
2975,49.6,0.71854,No rainfall.
2976,49.6167,0.71854,No rainfall.
2977,49.6333,0.71854,No rainfall.
2978,49.65,0.718541,No rainfall.
2979,49.6667,0.718541,No rainfall.
2980,49.6833,0.718542,No rainfall.
2981,49.7,0.718542,No rainfall.
2982,49.7167,0.718542,No rainfall.
2983,49.7333,0.718543,No rainfall.
2984,49.75,0.718543,No rainfall.
2985,49.7667,0.718544,No rainfall.
2986,49.7833,0.718544,No rainfall.
2987,49.8,0.718544,No rainfall.
2988,49.8167,0.718544,No rainfall.
2989,49.8333,0.718544,No rainfall.
2990,49.85,0.718544,No rainfall.
2991,49.8667,0.718545,No rainfall.
2992,49.8833,0.718545,No rainfall.
2993,49.9,0.718546,No rainfall.
2994,49.9167,0.718546,No rainfall.
2995,49.9333,0.718546,No rainfall.
2996,49.95,0.718547,No rainfall.
2997,49.9667,0.718547,No rainfall.
2998,49.9833,0.718548,No rainfall.
2999,50,0.718548,No rainfall.
3000,50.0167,0.718548,No rainfall.
3001,50.0333,0.718548,No rainfall.
3002,50.05,0.718548,No rainfall.
3003,50.0667,0.718548,No rainfall.
3004,50.0833,0.718549,No rainfall.
3005,50.1,0.718549,No rainfall.
3006,50.1167,0.71855,No rainfall.
3007,50.1333,0.71855,No rainfall.
3008,50.15,0.71855,No rainfall.
3009,50.1667,0.71855,No rainfall.
3010,50.1833,0.718551,No rainfall.
3011,50.2,0.718551,No rainfall.
3012,50.2167,0.718551,No rainfall.
3013,50.2333,0.718552,No rainfall.
3014,50.25,0.718552,No rainfall.
3015,50.2667,0.718552,No rainfall.
3016,50.2833,0.718553,No rainfall.
3017,50.3,0.718553,No rainfall.
3018,50.3167,0.718553,No rainfall.
3019,50.3333,0.718553,No rainfall.
3020,50.35,0.718554,No rainfall.
3021,50.3667,0.718554,No rainfall.
3022,50.3833,0.718554,No rainfall.
3023,50.4,0.718555,No rainfall.
3024,50.4167,0.718555,No rainfall.
3025,50.4333,0.718556,No rainfall.
3026,50.45,0.718556,No rainfall.
3027,50.4667,0.718556,No rainfall.
3028,50.4833,0.718557,No rainfall.
3029,50.5,0.718557,No rainfall.
3030,50.5167,0.718557,No rainfall.
3031,50.5333,0.718557,No rainfall.
3032,50.55,0.718557,No rainfall.
3033,50.5667,0.718558,No rainfall.
3034,50.5833,0.718558,No rainfall.
3035,50.6,0.718559,No rainfall.
3036,50.6167,0.718559,No rainfall.
3037,50.6333,0.718559,No rainfall.
3038,50.65,0.71856,No rainfall.
3039,50.6667,0.71856,No rainfall.
3040,50.6833,0.71856,No rainfall.
3041,50.7,0.71856,No rainfall.
3042,50.7167,0.718561,No rainfall.
3043,50.7333,0.718561,No rainfall.
3044,50.75,0.718561,No rainfall.
3045,50.7667,0.718561,No rainfall.
3046,50.7833,0.718562,No rainfall.
3047,50.8,0.718562,No rainfall.
3048,50.8167,0.718562,No rainfall.
3049,50.8333,0.718562,No rainfall.
3050,50.85,0.718563,No rainfall.
3051,50.8667,0.718563,No rainfall.
3052,50.8833,0.718564,No rainfall.
3053,50.9,0.718564,No rainfall.
3054,50.9167,0.718565,No rainfall.
3055,50.9333,0.718565,No rainfall.
3056,50.95,0.718565,No rainfall.
3057,50.9667,0.718566,No rainfall.
3058,50.9833,0.718566,No rainfall.
3059,51,0.718566,No rainfall.
3060,51.0167,0.718566,No rainfall.
3061,51.0333,0.718566,No rainfall.
3062,51.05,0.718567,No rainfall.
3063,51.0667,0.718567,No rainfall.
3064,51.0833,0.718568,No rainfall.
3065,51.1,0.718568,No rainfall.
3066,51.1167,0.718568,No rainfall.
3067,51.1333,0.718569,No rainfall.
3068,51.15,0.718569,No rainfall.
3069,51.1667,0.718569,No rainfall.
3070,51.1833,0.71857,No rainfall.
3071,51.2,0.71857,No rainfall.
3072,51.2167,0.71857,No rainfall.
3073,51.2333,0.71857,No rainfall.
3074,51.25,0.71857,No rainfall.
3075,51.2667,0.71857,No rainfall.
3076,51.2833,0.71857,No rainfall.
3077,51.3,0.718571,No rainfall.
3078,51.3167,0.718571,No rainfall.
3079,51.3333,0.718572,No rainfall.
3080,51.35,0.718572,No rainfall.
3081,51.3667,0.718573,No rainfall.
3082,51.3833,0.718573,No rainfall.
3083,51.4,0.718573,No rainfall.
3084,51.4167,0.718574,No rainfall.
3085,51.4333,0.718574,No rainfall.
3086,51.45,0.718574,No rainfall.
3087,51.4667,0.718575,No rainfall.
3088,51.4833,0.718575,No rainfall.
3089,51.5,0.718575,No rainfall.
3090,51.5167,0.718575,No rainfall.
3091,51.5333,0.718575,No rainfall.
3092,51.55,0.718575,No rainfall.
3093,51.5667,0.718576,No rainfall.
3094,51.5833,0.718576,No rainfall.
3095,51.6,0.718576,No rainfall.
3096,51.6167,0.718576,No rainfall.
3097,51.6333,0.718577,No rainfall.
3098,51.65,0.718577,No rainfall.
3099,51.6667,0.718577,No rainfall.
3100,51.6833,0.718578,No rainfall.
3101,51.7,0.718578,No rainfall.
3102,51.7167,0.718578,No rainfall.
3103,51.7333,0.718578,No rainfall.
3104,51.75,0.718578,No rainfall.
3105,51.7667,0.718579,No rainfall.
3106,51.7833,0.718579,No rainfall.
3107,51.8,0.718579,No rainfall.
3108,51.8167,0.71858,No rainfall.
3109,51.8333,0.71858,No rainfall.
3110,51.85,0.71858,No rainfall.
3111,51.8667,0.718581,No rainfall.
3112,51.8833,0.718581,No rainfall.
3113,51.9,0.718581,No rainfall.
3114,51.9167,0.718581,No rainfall.
3115,51.9333,0.718582,No rainfall.
3116,51.95,0.718582,No rainfall.
3117,51.9667,0.718583,No rainfall.
3118,51.9833,0.718583,No rainfall.
3119,52,0.718583,No rainfall.
3120,52.0167,0.718583,No rainfall.
3121,52.0333,0.718583,No rainfall.
3122,52.05,0.718584,No rainfall.
3123,52.0667,0.718584,No rainfall.
3124,52.0833,0.718584,No rainfall.
3125,52.1,0.718584,No rainfall.
3126,52.1167,0.718584,No rainfall.
3127,52.1333,0.718585,No rainfall.
3128,52.15,0.718585,No rainfall.
3129,52.1667,0.718585,No rainfall.
3130,52.1833,0.718585,No rainfall.
3131,52.2,0.718586,No rainfall.
3132,52.2167,0.718586,No rainfall.
3133,52.2333,0.718586,No rainfall.
3134,52.25,0.718587,No rainfall.
3135,52.2667,0.718587,No rainfall.
3136,52.2833,0.718587,No rainfall.
3137,52.3,0.718587,No rainfall.
3138,52.3167,0.718587,No rainfall.
3139,52.3333,0.718588,No rainfall.
3140,52.35,0.718588,No rainfall.
3141,52.3667,0.718588,No rainfall.
3142,52.3833,0.718588,No rainfall.
3143,52.4,0.718589,No rainfall.
3144,52.4167,0.718589,No rainfall.
3145,52.4333,0.718589,No rainfall.
3146,52.45,0.71859,No rainfall.
3147,52.4667,0.71859,No rainfall.
3148,52.4833,0.71859,No rainfall.
3149,52.5,0.718591,No rainfall.
3150,52.5167,0.718591,No rainfall.
3151,52.5333,0.718592,No rainfall.
3152,52.55,0.718592,No rainfall.
3153,52.5667,0.718593,No rainfall.
3154,52.5833,0.718593,No rainfall.
3155,52.6,0.718593,No rainfall.
3156,52.6167,0.718593,No rainfall.
3157,52.6333,0.718593,No rainfall.
3158,52.65,0.718593,No rainfall.
3159,52.6667,0.718593,No rainfall.
3160,52.6833,0.718593,No rainfall.
3161,52.7,0.718594,No rainfall.
3162,52.7167,0.718594,No rainfall.
3163,52.7333,0.718594,No rainfall.
3164,52.75,0.718594,No rainfall.
3165,52.7667,0.718595,No rainfall.
3166,52.7833,0.718595,No rainfall.
3167,52.8,0.718596,No rainfall.
3168,52.8167,0.718596,No rainfall.
3169,52.8333,0.718596,No rainfall.
3170,52.85,0.718597,No rainfall.
3171,52.8667,0.718597,No rainfall.
3172,52.8833,0.718597,No rainfall.
3173,52.9,0.718597,No rainfall.
3174,52.9167,0.718597,No rainfall.
3175,52.9333,0.718597,No rainfall.
3176,52.95,0.718598,No rainfall.
3177,52.9667,0.718598,No rainfall.
3178,52.9833,0.718598,No rainfall.
3179,53,0.718598,No rainfall.
3180,53.0167,0.718598,No rainfall.
3181,53.0333,0.718599,No rainfall.
3182,53.05,0.718599,No rainfall.
3183,53.0667,0.718599,No rainfall.
3184,53.0833,0.718599,No rainfall.
3185,53.1,0.7186,No rainfall.
3186,53.1167,0.7186,No rainfall.
3187,53.1333,0.7186,No rainfall.
3188,53.15,0.718601,No rainfall.
3189,53.1667,0.718601,No rainfall.
3190,53.1833,0.718601,No rainfall.
3191,53.2,0.718601,No rainfall.
3192,53.2167,0.718601,No rainfall.
3193,53.2333,0.718602,No rainfall.
3194,53.25,0.718602,No rainfall.
3195,53.2667,0.718602,No rainfall.
3196,53.2833,0.718602,No rainfall.
3197,53.3,0.718603,No rainfall.
3198,53.3167,0.718603,No rainfall.
3199,53.3333,0.718603,No rainfall.
3200,53.35,0.718603,No rainfall.
3201,53.3667,0.718604,No rainfall.
3202,53.3833,0.718604,No rainfall.
3203,53.4,0.718604,No rainfall.
3204,53.4167,0.718605,No rainfall.
3205,53.4333,0.718605,No rainfall.
3206,53.45,0.718606,No rainfall.
3207,53.4667,0.718606,No rainfall.
3208,53.4833,0.718606,No rainfall.
3209,53.5,0.718606,No rainfall.
3210,53.5167,0.718606,No rainfall.
3211,53.5333,0.718606,No rainfall.
3212,53.55,0.718606,No rainfall.
3213,53.5667,0.718607,No rainfall.
3214,53.5833,0.718607,No rainfall.
3215,53.6,0.718607,No rainfall.
3216,53.6167,0.718608,No rainfall.
3217,53.6333,0.718608,No rainfall.
3218,53.65,0.718608,No rainfall.
3219,53.6667,0.718608,No rainfall.
3220,53.6833,0.718608,No rainfall.
3221,53.7,0.718608,No rainfall.
3222,53.7167,0.718609,No rainfall.
3223,53.7333,0.718609,No rainfall.
3224,53.75,0.718609,No rainfall.
3225,53.7667,0.71861,No rainfall.
3226,53.7833,0.71861,No rainfall.
3227,53.8,0.71861,No rainfall.
3228,53.8167,0.718611,No rainfall.
3229,53.8333,0.718611,No rainfall.
3230,53.85,0.718611,No rainfall.
3231,53.8667,0.718611,No rainfall.
3232,53.8833,0.718611,No rainfall.
3233,53.9,0.718611,No rainfall.
3234,53.9167,0.718611,No rainfall.
3235,53.9333,0.718612,No rainfall.
3236,53.95,0.718612,No rainfall.
3237,53.9667,0.718612,No rainfall.
3238,53.9833,0.718612,No rainfall.
3239,54,0.718612,No rainfall.
3240,54.0167,0.718613,No rainfall.
3241,54.0333,0.718613,No rainfall.
3242,54.05,0.718613,No rainfall.
3243,54.0667,0.718613,No rainfall.
3244,54.0833,0.718614,No rainfall.
3245,54.1,0.718614,No rainfall.
3246,54.1167,0.718614,No rainfall.
3247,54.1333,0.718615,No rainfall.
3248,54.15,0.718615,No rainfall.
3249,54.1667,0.718615,No rainfall.
3250,54.1833,0.718615,No rainfall.
3251,54.2,0.718616,No rainfall.
3252,54.2167,0.718616,No rainfall.
3253,54.2333,0.718616,No rainfall.
3254,54.25,0.718616,No rainfall.
3255,54.2667,0.718616,No rainfall.
3256,54.2833,0.718617,No rainfall.
3257,54.3,0.718617,No rainfall.
3258,54.3167,0.718617,No rainfall.
3259,54.3333,0.718617,No rainfall.
3260,54.35,0.718617,No rainfall.
3261,54.3667,0.718617,No rainfall.
3262,54.3833,0.718618,No rainfall.
3263,54.4,0.718618,No rainfall.
3264,54.4167,0.718618,No rainfall.
3265,54.4333,0.718618,No rainfall.
3266,54.45,0.718619,No rainfall.
3267,54.4667,0.718619,No rainfall.
3268,54.4833,0.718619,No rainfall.
3269,54.5,0.71862,No rainfall.
3270,54.5167,0.71862,No rainfall.
3271,54.5333,0.71862,No rainfall.
3272,54.55,0.71862,No rainfall.
3273,54.5667,0.71862,No rainfall.
3274,54.5833,0.718621,No rainfall.
3275,54.6,0.718621,No rainfall.
3276,54.6167,0.718621,No rainfall.
3277,54.6333,0.718621,No rainfall.
3278,54.65,0.718621,No rainfall.
3279,54.6667,0.718621,No rainfall.
3280,54.6833,0.718622,No rainfall.
3281,54.7,0.718622,No rainfall.
3282,54.7167,0.718622,No rainfall.
3283,54.7333,0.718622,No rainfall.
3284,54.75,0.718622,No rainfall.
3285,54.7667,0.718623,No rainfall.
3286,54.7833,0.718623,No rainfall.
3287,54.8,0.718623,No rainfall.
3288,54.8167,0.718623,No rainfall.
3289,54.8333,0.718623,No rainfall.
3290,54.85,0.718624,No rainfall.
3291,54.8667,0.718624,No rainfall.
3292,54.8833,0.718624,No rainfall.
3293,54.9,0.718625,No rainfall.
3294,54.9167,0.718625,No rainfall.
3295,54.9333,0.718625,No rainfall.
3296,54.95,0.718625,No rainfall.
3297,54.9667,0.718625,No rainfall.
3298,54.9833,0.718626,No rainfall.
3299,55,0.718626,No rainfall.
3300,55.0167,0.718626,No rainfall.
3301,55.0333,0.718626,No rainfall.
3302,55.05,0.718627,No rainfall.
3303,55.0667,0.718627,No rainfall.
3304,55.0833,0.718627,No rainfall.
3305,55.1,0.718627,No rainfall.
3306,55.1167,0.718627,No rainfall.
3307,55.1333,0.718627,No rainfall.
3308,55.15,0.718628,No rainfall.
3309,55.1667,0.718628,No rainfall.
3310,55.1833,0.718628,No rainfall.
3311,55.2,0.718628,No rainfall.
3312,55.2167,0.718628,No rainfall.
3313,55.2333,0.718629,No rainfall.
3314,55.25,0.718629,No rainfall.
3315,55.2667,0.718629,No rainfall.
3316,55.2833,0.718629,No rainfall.
3317,55.3,0.71863,No rainfall.
3318,55.3167,0.71863,No rainfall.
3319,55.3333,0.71863,No rainfall.
3320,55.35,0.71863,No rainfall.
3321,55.3667,0.718631,No rainfall.
3322,55.3833,0.718631,No rainfall.
3323,55.4,0.718631,No rainfall.
3324,55.4167,0.718631,No rainfall.
3325,55.4333,0.718632,No rainfall.
3326,55.45,0.718632,No rainfall.
3327,55.4667,0.718632,No rainfall.
3328,55.4833,0.718632,No rainfall.
3329,55.5,0.718632,No rainfall.
3330,55.5167,0.718633,No rainfall.
3331,55.5333,0.718633,No rainfall.
3332,55.55,0.718633,No rainfall.
3333,55.5667,0.718633,No rainfall.
3334,55.5833,0.718633,No rainfall.
3335,55.6,0.718633,No rainfall.
3336,55.6167,0.718633,No rainfall.
3337,55.6333,0.718633,No rainfall.
3338,55.65,0.718633,No rainfall.
3339,55.6667,0.718634,No rainfall.
3340,55.6833,0.718634,No rainfall.
3341,55.7,0.718634,No rainfall.
3342,55.7167,0.718635,No rainfall.
3343,55.7333,0.718635,No rainfall.
3344,55.75,0.718635,No rainfall.
3345,55.7667,0.718635,No rainfall.
3346,55.7833,0.718635,No rainfall.
3347,55.8,0.718636,No rainfall.
3348,55.8167,0.718636,No rainfall.
3349,55.8333,0.718636,No rainfall.
3350,55.85,0.718636,No rainfall.
3351,55.8667,0.718637,No rainfall.
3352,55.8833,0.718637,No rainfall.
3353,55.9,0.718637,No rainfall.
3354,55.9167,0.718637,No rainfall.
3355,55.9333,0.718638,No rainfall.
3356,55.95,0.718638,No rainfall.
3357,55.9667,0.718638,No rainfall.
3358,55.9833,0.718638,No rainfall.
3359,56,0.718638,No rainfall.
3360,56.0167,0.718638,No rainfall.
3361,56.0333,0.718638,No rainfall.
3362,56.05,0.718638,No rainfall.
3363,56.0667,0.718638,No rainfall.
3364,56.0833,0.718638,No rainfall.
3365,56.1,0.718639,No rainfall.
3366,56.1167,0.718639,No rainfall.
3367,56.1333,0.718639,No rainfall.
3368,56.15,0.718639,No rainfall.
3369,56.1667,0.71864,No rainfall.
3370,56.1833,0.71864,No rainfall.
3371,56.2,0.71864,No rainfall.
3372,56.2167,0.718641,No rainfall.
3373,56.2333,0.718641,No rainfall.
3374,56.25,0.718641,No rainfall.
3375,56.2667,0.718641,No rainfall.
3376,56.2833,0.718641,No rainfall.
3377,56.3,0.718642,No rainfall.
3378,56.3167,0.718642,No rainfall.
3379,56.3333,0.718642,No rainfall.
3380,56.35,0.718642,No rainfall.
3381,56.3667,0.718642,No rainfall.
3382,56.3833,0.718643,No rainfall.
3383,56.4,0.718643,No rainfall.
3384,56.4167,0.718643,No rainfall.
3385,56.4333,0.718644,No rainfall.
3386,56.45,0.718644,No rainfall.
3387,56.4667,0.718643,No rainfall.
3388,56.4833,0.718643,No rainfall.
3389,56.5,0.718643,No rainfall.
3390,56.5167,0.718644,No rainfall.
3391,56.5333,0.718644,No rainfall.
3392,56.55,0.718644,No rainfall.
3393,56.5667,0.718644,No rainfall.
3394,56.5833,0.718644,No rainfall.
3395,56.6,0.718644,No rainfall.
3396,56.6167,0.718645,No rainfall.
3397,56.6333,0.718645,No rainfall.
3398,56.65,0.718645,No rainfall.
3399,56.6667,0.718645,No rainfall.
3400,56.6833,0.718646,No rainfall.
3401,56.7,0.718646,No rainfall.
3402,56.7167,0.718646,No rainfall.
3403,56.7333,0.718646,No rainfall.
3404,56.75,0.718646,No rainfall.
3405,56.7667,0.718646,No rainfall.
3406,56.7833,0.718647,No rainfall.
3407,56.8,0.718647,No rainfall.
3408,56.8167,0.718647,No rainfall.
3409,56.8333,0.718647,No rainfall.
3410,56.85,0.718648,No rainfall.
3411,56.8667,0.718648,No rainfall.
3412,56.8833,0.718648,No rainfall.
3413,56.9,0.718649,No rainfall.
3414,56.9167,0.718649,No rainfall.
3415,56.9333,0.718649,No rainfall.
3416,56.95,0.718649,No rainfall.
3417,56.9667,0.718649,No rainfall.
3418,56.9833,0.718649,No rainfall.
3419,57,0.718649,No rainfall.
3420,57.0167,0.718649,No rainfall.
3421,57.0333,0.718649,No rainfall.
3422,57.05,0.718649,No rainfall.
3423,57.0667,0.718649,No rainfall.
3424,57.0833,0.71865,No rainfall.
3425,57.1,0.71865,No rainfall.
3426,57.1167,0.71865,No rainfall.
3427,57.1333,0.71865,No rainfall.
3428,57.15,0.718651,No rainfall.
3429,57.1667,0.718651,No rainfall.
3430,57.1833,0.718651,No rainfall.
3431,57.2,0.718651,No rainfall.
3432,57.2167,0.718651,No rainfall.
3433,57.2333,0.718652,No rainfall.
3434,57.25,0.718652,No rainfall.
3435,57.2667,0.718652,No rainfall.
3436,57.2833,0.718652,No rainfall.
3437,57.3,0.718652,No rainfall.
3438,57.3167,0.718652,No rainfall.
3439,57.3333,0.718653,No rainfall.
3440,57.35,0.718653,No rainfall.
3441,57.3667,0.718653,No rainfall.
3442,57.3833,0.718654,No rainfall.
3443,57.4,0.718654,No rainfall.
3444,57.4167,0.718654,No rainfall.
3445,57.4333,0.718655,No rainfall.
3446,57.45,0.718655,No rainfall.
3447,57.4667,0.718655,No rainfall.
3448,57.4833,0.718655,No rainfall.
3449,57.5,0.718655,No rainfall.
3450,57.5167,0.718655,No rainfall.
3451,57.5333,0.718655,No rainfall.
3452,57.55,0.718655,No rainfall.
3453,57.5667,0.718655,No rainfall.
3454,57.5833,0.718655,No rainfall.
3455,57.6,0.718655,No rainfall.
3456,57.6167,0.718655,No rainfall.
3457,57.6333,0.718655,No rainfall.
3458,57.65,0.718656,No rainfall.
3459,57.6667,0.718656,No rainfall.
3460,57.6833,0.718656,No rainfall.
3461,57.7,0.718656,No rainfall.
3462,57.7167,0.718657,No rainfall.
3463,57.7333,0.718657,No rainfall.
3464,57.75,0.718657,No rainfall.
3465,57.7667,0.718657,No rainfall.
3466,57.7833,0.718657,No rainfall.
3467,57.8,0.718657,No rainfall.
3468,57.8167,0.718657,No rainfall.
3469,57.8333,0.718657,No rainfall.
3470,57.85,0.718658,No rainfall.
3471,57.8667,0.718658,No rainfall.
3472,57.8833,0.718658,No rainfall.
3473,57.9,0.718658,No rainfall.
3474,57.9167,0.718659,No rainfall.
3475,57.9333,0.718659,No rainfall.
3476,57.95,0.718659,No rainfall.
3477,57.9667,0.71866,No rainfall.
3478,57.9833,0.71866,No rainfall.
3479,58,0.71866,No rainfall.
3480,58.0167,0.71866,No rainfall.
3481,58.0333,0.718661,No rainfall.
3482,58.05,0.718661,No rainfall.
3483,58.0667,0.718661,No rainfall.
3484,58.0833,0.718661,No rainfall.
3485,58.1,0.718661,No rainfall.
3486,58.1167,0.718661,No rainfall.
3487,58.1333,0.718661,No rainfall.
3488,58.15,0.718661,No rainfall.
3489,58.1667,0.718661,No rainfall.
3490,58.1833,0.718661,No rainfall.
3491,58.2,0.718661,No rainfall.
3492,58.2167,0.718661,No rainfall.
3493,58.2333,0.718662,No rainfall.
3494,58.25,0.718662,No rainfall.
3495,58.2667,0.718662,No rainfall.
3496,58.2833,0.718662,No rainfall.
3497,58.3,0.718662,No rainfall.
3498,58.3167,0.718663,No rainfall.
3499,58.3333,0.718663,No rainfall.
3500,58.35,0.718663,No rainfall.
3501,58.3667,0.718663,No rainfall.
3502,58.3833,0.718663,No rainfall.
3503,58.4,0.718663,No rainfall.
3504,58.4167,0.718663,No rainfall.
3505,58.4333,0.718663,No rainfall.
3506,58.45,0.718663,No rainfall.
3507,58.4667,0.718663,No rainfall.
3508,58.4833,0.718664,No rainfall.
3509,58.5,0.718664,No rainfall.
3510,58.5167,0.718664,No rainfall.
3511,58.5333,0.718665,No rainfall.
3512,58.55,0.718665,No rainfall.
3513,58.5667,0.718665,No rainfall.
3514,58.5833,0.718666,No rainfall.
3515,58.6,0.718666,No rainfall.
3516,58.6167,0.718666,No rainfall.
3517,58.6333,0.718667,No rainfall.
3518,58.65,0.718667,No rainfall.
3519,58.6667,0.718667,No rainfall.
3520,58.6833,0.718667,No rainfall.
3521,58.7,0.718667,No rainfall.
3522,58.7167,0.718667,No rainfall.
3523,58.7333,0.718667,No rainfall.
3524,58.75,0.718667,No rainfall.
3525,58.7667,0.718667,No rainfall.
3526,58.7833,0.718667,No rainfall.
3527,58.8,0.718667,No rainfall.
3528,58.8167,0.718668,No rainfall.
3529,58.8333,0.718668,No rainfall.
3530,58.85,0.718668,No rainfall.
3531,58.8667,0.718668,No rainfall.
3532,58.8833,0.718668,No rainfall.
3533,58.9,0.718668,No rainfall.
3534,58.9167,0.718668,No rainfall.
3535,58.9333,0.718669,No rainfall.
3536,58.95,0.718669,No rainfall.
3537,58.9667,0.718669,No rainfall.
3538,58.9833,0.718669,No rainfall.
3539,59,0.718669,No rainfall.
3540,59.0167,0.718669,No rainfall.
3541,59.0333,0.718669,No rainfall.
3542,59.05,0.718669,No rainfall.
3543,59.0667,0.718669,No rainfall.
3544,59.0833,0.718669,No rainfall.
3545,59.1,0.71867,No rainfall.
3546,59.1167,0.71867,No rainfall.
3547,59.1333,0.71867,No rainfall.
3548,59.15,0.71867,No rainfall.
3549,59.1667,0.718671,No rainfall.
3550,59.1833,0.718671,No rainfall.
3551,59.2,0.718671,No rainfall.
3552,59.2167,0.718671,No rainfall.
3553,59.2333,0.718672,No rainfall.
3554,59.25,0.718672,No rainfall.
3555,59.2667,0.718672,No rainfall.
3556,59.2833,0.718672,No rainfall.
3557,59.3,0.718673,No rainfall.
3558,59.3167,0.718673,No rainfall.
3559,59.3333,0.718673,No rainfall.
3560,59.35,0.718673,No rainfall.
3561,59.3667,0.718673,No rainfall.
3562,59.3833,0.718673,No rainfall.
3563,59.4,0.718673,No rainfall.
3564,59.4167,0.718673,No rainfall.
3565,59.4333,0.718674,No rainfall.
3566,59.45,0.718674,No rainfall.
3567,59.4667,0.718674,No rainfall.
3568,59.4833,0.718674,No rainfall.
3569,59.5,0.718674,No rainfall.
3570,59.5167,0.718674,No rainfall.
3571,59.5333,0.718674,No rainfall.
3572,59.55,0.718674,No rainfall.
3573,59.5667,0.718674,No rainfall.
3574,59.5833,0.718674,No rainfall.
3575,59.6,0.718674,No rainfall.
3576,59.6167,0.718674,No rainfall.
3577,59.6333,0.718674,No rainfall.
3578,59.65,0.718674,No rainfall.
3579,59.6667,0.718674,No rainfall.
3580,59.6833,0.718675,No rainfall.
3581,59.7,0.718675,No rainfall.
3582,59.7167,0.718675,No rainfall.
3583,59.7333,0.718675,No rainfall.
3584,59.75,0.718675,No rainfall.
3585,59.7667,0.718675,No rainfall.
3586,59.7833,0.718675,No rainfall.
3587,59.8,0.718676,No rainfall.
3588,59.8167,0.718676,No rainfall.
3589,59.8333,0.718676,No rainfall.
3590,59.85,0.718676,No rainfall.
3591,59.8667,0.718677,No rainfall.
3592,59.8833,0.718677,No rainfall.
3593,59.9,0.718677,No rainfall.
3594,59.9167,0.718678,No rainfall.
3595,59.9333,0.718678,No rainfall.
3596,59.95,0.718678,No rainfall.
3597,59.9667,0.718678,No rainfall.
3598,59.9833,0.718678,No rainfall.
3599,60,0.718678,No rainfall.
3600,60.0167,0.718678,No rainfall.
3601,60.0333,0.718679,No rainfall.
3602,60.05,0.718679,No rainfall.
3603,60.0667,0.718679,No rainfall.
3604,60.0833,0.718679,No rainfall.
3605,60.1,0.718679,No rainfall.
3606,60.1167,0.71868,No rainfall.
3607,60.1333,0.71868,No rainfall.
3608,60.15,0.71868,No rainfall.
3609,60.1667,0.71868,No rainfall.
3610,60.1833,0.718681,No rainfall.
3611,60.2,0.718681,No rainfall.
3612,60.2167,0.718681,No rainfall.
3613,60.2333,0.718681,No rainfall.
3614,60.25,0.718681,No rainfall.
3615,60.2667,0.718681,No rainfall.
3616,60.2833,0.718681,No rainfall.
3617,60.3,0.718682,No rainfall.
3618,60.3167,0.718682,No rainfall.
3619,60.3333,0.718682,No rainfall.
3620,60.35,0.718682,No rainfall.
3621,60.3667,0.718682,No rainfall.
3622,60.3833,0.718682,No rainfall.
3623,60.4,0.718682,No rainfall.
3624,60.4167,0.718682,No rainfall.
3625,60.4333,0.718682,No rainfall.
3626,60.45,0.718682,No rainfall.
3627,60.4667,0.718682,No rainfall.
3628,60.4833,0.718682,No rainfall.
3629,60.5,0.718682,No rainfall.
3630,60.5167,0.718683,No rainfall.
3631,60.5333,0.718683,No rainfall.
3632,60.55,0.718683,No rainfall.
3633,60.5667,0.718683,No rainfall.
3634,60.5833,0.718683,No rainfall.
3635,60.6,0.718683,No rainfall.
3636,60.6167,0.718684,No rainfall.
3637,60.6333,0.718684,No rainfall.
3638,60.65,0.718684,No rainfall.
3639,60.6667,0.718685,No rainfall.
3640,60.6833,0.718685,No rainfall.
3641,60.7,0.718685,No rainfall.
3642,60.7167,0.718685,No rainfall.
3643,60.7333,0.718685,No rainfall.
3644,60.75,0.718685,No rainfall.
3645,60.7667,0.718686,No rainfall.
3646,60.7833,0.718686,No rainfall.
3647,60.8,0.718686,No rainfall.
3648,60.8167,0.718686,No rainfall.
3649,60.8333,0.718686,No rainfall.
3650,60.85,0.718686,No rainfall.
3651,60.8667,0.718687,No rainfall.
3652,60.8833,0.718687,No rainfall.
3653,60.9,0.718687,No rainfall.
3654,60.9167,0.718687,No rainfall.
3655,60.9333,0.718688,No rainfall.
3656,60.95,0.718688,No rainfall.
3657,60.9667,0.718688,No rainfall.
3658,60.9833,0.718688,No rainfall.
3659,61,0.718688,No rainfall.
3660,61.0167,0.718689,No rainfall.
3661,61.0333,0.718689,No rainfall.
3662,61.05,0.718689,No rainfall.
3663,61.0667,0.718689,No rainfall.
3664,61.0833,0.718689,No rainfall.
3665,61.1,0.718689,No rainfall.
3666,61.1167,0.718689,No rainfall.
3667,61.1333,0.718689,No rainfall.
3668,61.15,0.718689,No rainfall.
3669,61.1667,0.718689,No rainfall.
3670,61.1833,0.718689,No rainfall.
3671,61.2,0.718689,No rainfall.
3672,61.2167,0.718689,No rainfall.
3673,61.2333,0.718689,No rainfall.
3674,61.25,0.718689,No rainfall.
3675,61.2667,0.718689,No rainfall.
3676,61.2833,0.718689,No rainfall.
3677,61.3,0.718689,No rainfall.
3678,61.3167,0.718689,No rainfall.
3679,61.3333,0.71869,No rainfall.
3680,61.35,0.71869,No rainfall.
3681,61.3667,0.71869,No rainfall.
3682,61.3833,0.71869,No rainfall.
3683,61.4,0.718691,No rainfall.
3684,61.4167,0.718691,No rainfall.
3685,61.4333,0.718691,No rainfall.
3686,61.45,0.718692,No rainfall.
3687,61.4667,0.718692,No rainfall.
3688,61.4833,0.718692,No rainfall.
3689,61.5,0.718692,No rainfall.
3690,61.5167,0.718692,No rainfall.
3691,61.5333,0.718692,No rainfall.
3692,61.55,0.718693,No rainfall.
3693,61.5667,0.718693,No rainfall.
3694,61.5833,0.718693,No rainfall.
3695,61.6,0.718693,No rainfall.
3696,61.6167,0.718693,No rainfall.
3697,61.6333,0.718693,No rainfall.
3698,61.65,0.718693,No rainfall.
3699,61.6667,0.718693,No rainfall.
3700,61.6833,0.718693,No rainfall.
3701,61.7,0.718694,No rainfall.
3702,61.7167,0.718694,No rainfall.
3703,61.7333,0.718694,No rainfall.
3704,61.75,0.718694,No rainfall.
3705,61.7667,0.718695,No rainfall.
3706,61.7833,0.718695,No rainfall.
3707,61.8,0.718695,No rainfall.
3708,61.8167,0.718695,No rainfall.
3709,61.8333,0.718696,No rainfall.
3710,61.85,0.718696,No rainfall.
3711,61.8667,0.718696,No rainfall.
3712,61.8833,0.718696,No rainfall.
3713,61.9,0.718697,No rainfall.
3714,61.9167,0.718697,No rainfall.
3715,61.9333,0.718696,No rainfall.
3716,61.95,0.718696,No rainfall.
3717,61.9667,0.718696,No rainfall.
3718,61.9833,0.718696,No rainfall.
3719,62,0.718696,No rainfall.
3720,62.0167,0.718696,No rainfall.
3721,62.0333,0.718696,No rainfall.
3722,62.05,0.718696,No rainfall.
3723,62.0667,0.718696,No rainfall.
3724,62.0833,0.718696,No rainfall.
3725,62.1,0.718696,No rainfall.
3726,62.1167,0.718697,No rainfall.
3727,62.1333,0.718697,No rainfall.
3728,62.15,0.718697,No rainfall.
3729,62.1667,0.718697,No rainfall.
3730,62.1833,0.718697,No rainfall.
3731,62.2,0.718697,No rainfall.
3732,62.2167,0.718698,No rainfall.
3733,62.2333,0.718698,No rainfall.
3734,62.25,0.718698,No rainfall.
3735,62.2667,0.718698,No rainfall.
3736,62.2833,0.718698,No rainfall.
3737,62.3,0.718699,No rainfall.
3738,62.3167,0.718699,No rainfall.
3739,62.3333,0.718699,No rainfall.
3740,62.35,0.718699,No rainfall.
3741,62.3667,0.718699,No rainfall.
3742,62.3833,0.718699,No rainfall.
3743,62.4,0.718699,No rainfall.
3744,62.4167,0.718699,No rainfall.
3745,62.4333,0.718699,No rainfall.
3746,62.45,0.718699,No rainfall.
3747,62.4667,0.718699,No rainfall.
3748,62.4833,0.718699,No rainfall.
3749,62.5,0.7187,No rainfall.
3750,62.5167,0.7187,No rainfall.
3751,62.5333,0.7187,No rainfall.
3752,62.55,0.7187,No rainfall.
3753,62.5667,0.7187,No rainfall.
3754,62.5833,0.718701,No rainfall.
3755,62.6,0.718701,No rainfall.
3756,62.6167,0.718701,No rainfall.
3757,62.6333,0.718701,No rainfall.
3758,62.65,0.718702,No rainfall.
3759,62.6667,0.718702,No rainfall.
3760,62.6833,0.718702,No rainfall.
3761,62.7,0.718702,No rainfall.
3762,62.7167,0.718703,No rainfall.
3763,62.7333,0.718703,No rainfall.
3764,62.75,0.718703,No rainfall.
3765,62.7667,0.718703,No rainfall.
3766,62.7833,0.718703,No rainfall.
3767,62.8,0.718703,No rainfall.
3768,62.8167,0.718704,No rainfall.
3769,62.8333,0.718704,No rainfall.
3770,62.85,0.718704,No rainfall.
3771,62.8667,0.718704,No rainfall.
3772,62.8833,0.718704,No rainfall.
3773,62.9,0.718703,No rainfall.
3774,62.9167,0.718703,No rainfall.
3775,62.9333,0.718703,No rainfall.
3776,62.95,0.718703,No rainfall.
3777,62.9667,0.718703,No rainfall.
3778,62.9833,0.718703,No rainfall.
3779,63,0.718703,No rainfall.
3780,63.0167,0.718704,No rainfall.
3781,63.0333,0.718704,No rainfall.
3782,63.05,0.718704,No rainfall.
3783,63.0667,0.718704,No rainfall.
3784,63.0833,0.718704,No rainfall.
3785,63.1,0.718704,No rainfall.
3786,63.1167,0.718704,No rainfall.
3787,63.1333,0.718704,No rainfall.
3788,63.15,0.718705,No rainfall.
3789,63.1667,0.718705,No rainfall.
3790,63.1833,0.718705,No rainfall.
3791,63.2,0.718705,No rainfall.
3792,63.2167,0.718705,No rainfall.
3793,63.2333,0.718706,No rainfall.
3794,63.25,0.718706,No rainfall.
3795,63.2667,0.718706,No rainfall.
3796,63.2833,0.718706,No rainfall.
3797,63.3,0.718706,No rainfall.
3798,63.3167,0.718706,No rainfall.
3799,63.3333,0.718706,No rainfall.
3800,63.35,0.718706,No rainfall.
3801,63.3667,0.718706,No rainfall.
3802,63.3833,0.718707,No rainfall.
3803,63.4,0.718707,No rainfall.
3804,63.4167,0.718707,No rainfall.
3805,63.4333,0.718707,No rainfall.
3806,63.45,0.718707,No rainfall.
3807,63.4667,0.718708,No rainfall.
3808,63.4833,0.718708,No rainfall.
3809,63.5,0.718708,No rainfall.
3810,63.5167,0.718708,No rainfall.
3811,63.5333,0.718708,No rainfall.
3812,63.55,0.718708,No rainfall.
3813,63.5667,0.718709,No rainfall.
3814,63.5833,0.718709,No rainfall.
3815,63.6,0.718709,No rainfall.
3816,63.6167,0.718709,No rainfall.
3817,63.6333,0.718709,No rainfall.
3818,63.65,0.71871,No rainfall.
3819,63.6667,0.71871,No rainfall.
3820,63.6833,0.71871,No rainfall.
3821,63.7,0.71871,No rainfall.
3822,63.7167,0.71871,No rainfall.
3823,63.7333,0.71871,No rainfall.
3824,63.75,0.71871,No rainfall.
3825,63.7667,0.71871,No rainfall.
3826,63.7833,0.71871,No rainfall.
3827,63.8,0.71871,No rainfall.
3828,63.8167,0.71871,No rainfall.
3829,63.8333,0.71871,No rainfall.
3830,63.85,0.71871,No rainfall.
3831,63.8667,0.71871,No rainfall.
3832,63.8833,0.71871,No rainfall.
3833,63.9,0.71871,No rainfall.
3834,63.9167,0.71871,No rainfall.
3835,63.9333,0.71871,No rainfall.
3836,63.95,0.71871,No rainfall.
3837,63.9667,0.718711,No rainfall.
3838,63.9833,0.718711,No rainfall.
3839,64,0.718711,No rainfall.
3840,64.0167,0.718711,No rainfall.
3841,64.0333,0.718711,No rainfall.
3842,64.05,0.718711,No rainfall.
3843,64.0667,0.718711,No rainfall.
3844,64.0833,0.718712,No rainfall.
3845,64.1,0.718712,No rainfall.
3846,64.1167,0.718712,No rainfall.
3847,64.1333,0.718712,No rainfall.
3848,64.15,0.718712,No rainfall.
3849,64.1667,0.718712,No rainfall.
3850,64.1833,0.718712,No rainfall.
3851,64.2,0.718712,No rainfall.
3852,64.2167,0.718712,No rainfall.
3853,64.2333,0.718712,No rainfall.
3854,64.25,0.718713,No rainfall.
3855,64.2667,0.718713,No rainfall.
3856,64.2833,0.718713,No rainfall.
3857,64.3,0.718713,No rainfall.
3858,64.3167,0.718713,No rainfall.
3859,64.3333,0.718714,No rainfall.
3860,64.35,0.718714,No rainfall.
3861,64.3667,0.718714,No rainfall.
3862,64.3833,0.718714,No rainfall.
3863,64.4,0.718714,No rainfall.
3864,64.4167,0.718715,No rainfall.
3865,64.4333,0.718715,No rainfall.
3866,64.45,0.718715,No rainfall.
3867,64.4667,0.718715,No rainfall.
3868,64.4833,0.718716,No rainfall.
3869,64.5,0.718716,No rainfall.
3870,64.5167,0.718716,No rainfall.
3871,64.5333,0.718716,No rainfall.
3872,64.55,0.718716,No rainfall.
3873,64.5667,0.718717,No rainfall.
3874,64.5833,0.718717,No rainfall.
3875,64.6,0.718716,No rainfall.
3876,64.6167,0.718716,No rainfall.
3877,64.6333,0.718716,No rainfall.
3878,64.65,0.718716,No rainfall.
3879,64.6667,0.718716,No rainfall.
3880,64.6833,0.718716,No rainfall.
3881,64.7,0.718716,No rainfall.
3882,64.7167,0.718716,No rainfall.
3883,64.7333,0.718717,No rainfall.
3884,64.75,0.718717,No rainfall.
3885,64.7667,0.718717,No rainfall.
3886,64.7833,0.718717,No rainfall.
3887,64.8,0.718717,No rainfall.
3888,64.8167,0.718718,No rainfall.
3889,64.8333,0.718718,No rainfall.
3890,64.85,0.718718,No rainfall.
3891,64.8667,0.718718,No rainfall.
3892,64.8833,0.718719,No rainfall.
3893,64.9,0.718719,No rainfall.
3894,64.9167,0.718719,No rainfall.
3895,64.9333,0.718719,No rainfall.
3896,64.95,0.718719,No rainfall.
3897,64.9667,0.718719,No rainfall.
3898,64.9833,0.718719,No rainfall.
3899,65,0.718719,No rainfall.
3900,65.0167,0.718719,No rainfall.
3901,65.0333,0.718719,No rainfall.
3902,65.05,0.718719,No rainfall.
3903,65.0667,0.71872,No rainfall.
3904,65.0833,0.71872,No rainfall.
3905,65.1,0.71872,No rainfall.
3906,65.1167,0.71872,No rainfall.
3907,65.1333,0.718721,No rainfall.
3908,65.15,0.718721,No rainfall.
3909,65.1667,0.718721,No rainfall.
3910,65.1833,0.718722,No rainfall.
3911,65.2,0.718722,No rainfall.
3912,65.2167,0.718722,No rainfall.
3913,65.2333,0.718722,No rainfall.
3914,65.25,0.718722,No rainfall.
3915,65.2667,0.718722,No rainfall.
3916,65.2833,0.718722,No rainfall.
3917,65.3,0.718722,No rainfall.
3918,65.3167,0.718722,No rainfall.
3919,65.3333,0.718722,No rainfall.
3920,65.35,0.718722,No rainfall.
3921,65.3667,0.718722,No rainfall.
3922,65.3833,0.718722,No rainfall.
3923,65.4,0.718722,No rainfall.
3924,65.4167,0.718722,No rainfall.
3925,65.4333,0.718722,No rainfall.
3926,65.45,0.718722,No rainfall.
3927,65.4667,0.718722,No rainfall.
3928,65.4833,0.718723,No rainfall.
3929,65.5,0.718723,No rainfall.
3930,65.5167,0.718723,No rainfall.
3931,65.5333,0.718723,No rainfall.
3932,65.55,0.718724,No rainfall.
3933,65.5667,0.718724,No rainfall.
3934,65.5833,0.718724,No rainfall.
3935,65.6,0.718724,No rainfall.
3936,65.6167,0.718724,No rainfall.
3937,65.6333,0.718724,No rainfall.
3938,65.65,0.718724,No rainfall.
3939,65.6667,0.718724,No rainfall.
3940,65.6833,0.718725,No rainfall.
3941,65.7,0.718725,No rainfall.
3942,65.7167,0.718725,No rainfall.
3943,65.7333,0.718725,No rainfall.
3944,65.75,0.718725,No rainfall.
3945,65.7667,0.718726,No rainfall.
3946,65.7833,0.718726,No rainfall.
3947,65.8,0.718726,No rainfall.
3948,65.8167,0.718726,No rainfall.
3949,65.8333,0.718726,No rainfall.
3950,65.85,0.718726,No rainfall.
3951,65.8667,0.718726,No rainfall.
3952,65.8833,0.718727,No rainfall.
3953,65.9,0.718727,No rainfall.
3954,65.9167,0.718727,No rainfall.
3955,65.9333,0.718727,No rainfall.
3956,65.95,0.718727,No rainfall.
3957,65.9667,0.718727,No rainfall.
3958,65.9833,0.718727,No rainfall.
3959,66,0.718727,No rainfall.
3960,66.0167,0.718727,No rainfall.
3961,66.0333,0.718727,No rainfall.
3962,66.05,0.718727,No rainfall.
3963,66.0667,0.718728,No rainfall.
3964,66.0833,0.718728,No rainfall.
3965,66.1,0.718728,No rainfall.
3966,66.1167,0.718728,No rainfall.
3967,66.1333,0.718729,No rainfall.
3968,66.15,0.718729,No rainfall.
3969,66.1667,0.718729,No rainfall.
3970,66.1833,0.718729,No rainfall.
3971,66.2,0.718729,No rainfall.
3972,66.2167,0.71873,No rainfall.
3973,66.2333,0.71873,No rainfall.
3974,66.25,0.71873,No rainfall.
3975,66.2667,0.71873,No rainfall.
3976,66.2833,0.718731,No rainfall.
3977,66.3,0.718731,No rainfall.
3978,66.3167,0.718731,No rainfall.
3979,66.3333,0.718731,No rainfall.
3980,66.35,0.718731,No rainfall.
3981,66.3667,0.718731,No rainfall.
3982,66.3833,0.718731,No rainfall.
3983,66.4,0.718731,No rainfall.
3984,66.4167,0.718731,No rainfall.
3985,66.4333,0.718731,No rainfall.
3986,66.45,0.718732,No rainfall.
3987,66.4667,0.718732,No rainfall.
3988,66.4833,0.718732,No rainfall.
3989,66.5,0.718732,No rainfall.
3990,66.5167,0.718732,No rainfall.
3991,66.5333,0.718733,No rainfall.
3992,66.55,0.718733,No rainfall.
3993,66.5667,0.718733,No rainfall.
3994,66.5833,0.718733,No rainfall.
3995,66.6,0.718733,No rainfall.
3996,66.6167,0.718733,No rainfall.
3997,66.6333,0.718733,No rainfall.
3998,66.65,0.718734,No rainfall.
3999,66.6667,0.718734,No rainfall.
4000,66.6833,0.718734,No rainfall.
4001,66.7,0.718734,No rainfall.
4002,66.7167,0.718734,No rainfall.
4003,66.7333,0.718735,No rainfall.
4004,66.75,0.718735,No rainfall.
4005,66.7667,0.718735,No rainfall.
4006,66.7833,0.718735,No rainfall.
4007,66.8,0.718735,No rainfall.
4008,66.8167,0.718735,No rainfall.
4009,66.8333,0.718735,No rainfall.
4010,66.85,0.718736,No rainfall.
4011,66.8667,0.718736,No rainfall.
4012,66.8833,0.718736,No rainfall.
4013,66.9,0.718736,No rainfall.
4014,66.9167,0.718736,No rainfall.
4015,66.9333,0.718736,No rainfall.
4016,66.95,0.718736,No rainfall.
4017,66.9667,0.718736,No rainfall.
4018,66.9833,0.718736,No rainfall.
4019,67,0.718736,No rainfall.
4020,67.0167,0.718736,No rainfall.
4021,67.0333,0.718736,No rainfall.
4022,67.05,0.718736,No rainfall.
4023,67.0667,0.718737,No rainfall.
4024,67.0833,0.718737,No rainfall.
4025,67.1,0.718737,No rainfall.
4026,67.1167,0.718737,No rainfall.
4027,67.1333,0.718738,No rainfall.
4028,67.15,0.718738,No rainfall.
4029,67.1667,0.718739,No rainfall.
4030,67.1833,0.718739,No rainfall.
4031,67.2,0.718739,No rainfall.
4032,67.2167,0.718739,No rainfall.
4033,67.2333,0.71874,No rainfall.
4034,67.25,0.71874,No rainfall.
4035,67.2667,0.71874,No rainfall.
4036,67.2833,0.71874,No rainfall.
4037,67.3,0.71874,No rainfall.
4038,67.3167,0.71874,No rainfall.
4039,67.3333,0.71874,No rainfall.
4040,67.35,0.71874,No rainfall.
4041,67.3667,0.71874,No rainfall.
4042,67.3833,0.71874,No rainfall.
4043,67.4,0.71874,No rainfall.
4044,67.4167,0.718741,No rainfall.
4045,67.4333,0.718741,No rainfall.
4046,67.45,0.718741,No rainfall.
4047,67.4667,0.718741,No rainfall.
4048,67.4833,0.718741,No rainfall.
4049,67.5,0.718742,No rainfall.
4050,67.5167,0.718742,No rainfall.
4051,67.5333,0.718742,No rainfall.
4052,67.55,0.718742,No rainfall.
4053,67.5667,0.718742,No rainfall.
4054,67.5833,0.718742,No rainfall.
4055,67.6,0.718742,No rainfall.
4056,67.6167,0.718742,No rainfall.
4057,67.6333,0.718743,No rainfall.
4058,67.65,0.718743,No rainfall.
4059,67.6667,0.718743,No rainfall.
4060,67.6833,0.718744,No rainfall.
4061,67.7,0.718744,No rainfall.
4062,67.7167,0.718744,No rainfall.
4063,67.7333,0.718744,No rainfall.
4064,67.75,0.718745,No rainfall.
4065,67.7667,0.718745,No rainfall.
4066,67.7833,0.718745,No rainfall.
4067,67.8,0.718745,No rainfall.
4068,67.8167,0.718745,No rainfall.
4069,67.8333,0.718745,No rainfall.
4070,67.85,0.718745,No rainfall.
4071,67.8667,0.718745,No rainfall.
4072,67.8833,0.718745,No rainfall.
4073,67.9,0.718745,No rainfall.
4074,67.9167,0.718745,No rainfall.
4075,67.9333,0.718745,No rainfall.
4076,67.95,0.718745,No rainfall.
4077,67.9667,0.718745,No rainfall.
4078,67.9833,0.718746,No rainfall.
4079,68,0.718746,No rainfall.
4080,68.0167,0.718746,No rainfall.
4081,68.0333,0.718746,No rainfall.
4082,68.05,0.718746,No rainfall.
4083,68.0667,0.718747,No rainfall.
4084,68.0833,0.718747,No rainfall.
4085,68.1,0.718747,No rainfall.
4086,68.1167,0.718748,No rainfall.
4087,68.1333,0.718748,No rainfall.
4088,68.15,0.718748,No rainfall.
4089,68.1667,0.718748,No rainfall.
4090,68.1833,0.718748,No rainfall.
4091,68.2,0.718748,No rainfall.
4092,68.2167,0.718748,No rainfall.
4093,68.2333,0.718748,No rainfall.
4094,68.25,0.718748,No rainfall.
4095,68.2667,0.718748,No rainfall.
4096,68.2833,0.718748,No rainfall.
4097,68.3,0.718748,No rainfall.
4098,68.3167,0.718749,No rainfall.
4099,68.3333,0.718749,No rainfall.
4100,68.35,0.718749,No rainfall.
4101,68.3667,0.718749,No rainfall.
4102,68.3833,0.71875,No rainfall.
4103,68.4,0.71875,No rainfall.
4104,68.4167,0.71875,No rainfall.
4105,68.4333,0.71875,No rainfall.
4106,68.45,0.71875,No rainfall.
4107,68.4667,0.71875,No rainfall.
4108,68.4833,0.71875,No rainfall.
4109,68.5,0.71875,No rainfall.
4110,68.5167,0.718751,No rainfall.
4111,68.5333,0.718751,No rainfall.
4112,68.55,0.718751,No rainfall.
4113,68.5667,0.718751,No rainfall.
4114,68.5833,0.718752,No rainfall.
4115,68.6,0.718752,No rainfall.
4116,68.6167,0.718752,No rainfall.
4117,68.6333,0.718752,No rainfall.
4118,68.65,0.718752,No rainfall.
4119,68.6667,0.718753,No rainfall.
4120,68.6833,0.718753,No rainfall.
4121,68.7,0.718753,No rainfall.
4122,68.7167,0.718753,No rainfall.
4123,68.7333,0.718753,No rainfall.
4124,68.75,0.718753,No rainfall.
4125,68.7667,0.718753,No rainfall.
4126,68.7833,0.718753,No rainfall.
4127,68.8,0.718753,No rainfall.
4128,68.8167,0.718753,No rainfall.
4129,68.8333,0.718754,No rainfall.
4130,68.85,0.718754,No rainfall.
4131,68.8667,0.718754,No rainfall.
4132,68.8833,0.718754,No rainfall.
4133,68.9,0.718755,No rainfall.
4134,68.9167,0.718755,No rainfall.
4135,68.9333,0.718755,No rainfall.
4136,68.95,0.718755,No rainfall.
4137,68.9667,0.718756,No rainfall.
4138,68.9833,0.718756,No rainfall.
4139,69,0.718756,No rainfall.
4140,69.0167,0.718756,No rainfall.
4141,69.0333,0.718756,No rainfall.
4142,69.05,0.718756,No rainfall.
4143,69.0667,0.718756,No rainfall.
4144,69.0833,0.718756,No rainfall.
4145,69.1,0.718756,No rainfall.
4146,69.1167,0.718756,No rainfall.
4147,69.1333,0.718756,No rainfall.
4148,69.15,0.718756,No rainfall.
4149,69.1667,0.718757,No rainfall.
4150,69.1833,0.718757,No rainfall.
4151,69.2,0.718757,No rainfall.
4152,69.2167,0.718757,No rainfall.
4153,69.2333,0.718758,No rainfall.
4154,69.25,0.718758,No rainfall.
4155,69.2667,0.718758,No rainfall.
4156,69.2833,0.718758,No rainfall.
4157,69.3,0.718758,No rainfall.
4158,69.3167,0.718758,No rainfall.
4159,69.3333,0.718759,No rainfall.
4160,69.35,0.718759,No rainfall.
4161,69.3667,0.718759,No rainfall.
4162,69.3833,0.718759,No rainfall.
4163,69.4,0.71876,No rainfall.
4164,69.4167,0.71876,No rainfall.
4165,69.4333,0.71876,No rainfall.
4166,69.45,0.71876,No rainfall.
4167,69.4667,0.71876,No rainfall.
4168,69.4833,0.71876,No rainfall.
4169,69.5,0.71876,No rainfall.
4170,69.5167,0.71876,No rainfall.
4171,69.5333,0.71876,No rainfall.
4172,69.55,0.718761,No rainfall.
4173,69.5667,0.718761,No rainfall.
4174,69.5833,0.718761,No rainfall.
4175,69.6,0.718761,No rainfall.
4176,69.6167,0.718761,No rainfall.
4177,69.6333,0.718761,No rainfall.
4178,69.65,0.718761,No rainfall.
4179,69.6667,0.718761,No rainfall.
4180,69.6833,0.718762,No rainfall.
4181,69.7,0.718762,No rainfall.
4182,69.7167,0.718762,No rainfall.
4183,69.7333,0.718762,No rainfall.
4184,69.75,0.718762,No rainfall.
4185,69.7667,0.718763,No rainfall.
4186,69.7833,0.718763,No rainfall.
4187,69.8,0.718763,No rainfall.
4188,69.8167,0.718763,No rainfall.
4189,69.8333,0.718764,No rainfall.
4190,69.85,0.718764,No rainfall.
4191,69.8667,0.718764,No rainfall.
4192,69.8833,0.718764,No rainfall.
4193,69.9,0.718764,No rainfall.
4194,69.9167,0.718764,No rainfall.
4195,69.9333,0.718764,No rainfall.
4196,69.95,0.718764,No rainfall.
4197,69.9667,0.718764,No rainfall.
4198,69.9833,0.718765,No rainfall.
4199,70,0.718765,No rainfall.
4200,70.0167,0.718765,No rainfall.
4201,70.0333,0.718765,No rainfall.
4202,70.05,0.718765,No rainfall.
4203,70.0667,0.718765,No rainfall.
4204,70.0833,0.718765,No rainfall.
4205,70.1,0.718766,No rainfall.
4206,70.1167,0.718766,No rainfall.
4207,70.1333,0.718766,No rainfall.
4208,70.15,0.718766,No rainfall.
4209,70.1667,0.718766,No rainfall.
4210,70.1833,0.718767,No rainfall.
4211,70.2,0.718767,No rainfall.
4212,70.2167,0.718767,No rainfall.
4213,70.2333,0.718767,No rainfall.
4214,70.25,0.718768,No rainfall.
4215,70.2667,0.718768,No rainfall.
4216,70.2833,0.718768,No rainfall.
4217,70.3,0.718768,No rainfall.
4218,70.3167,0.718768,No rainfall.
4219,70.3333,0.718768,No rainfall.
4220,70.35,0.718768,No rainfall.
4221,70.3667,0.718768,No rainfall.
4222,70.3833,0.718768,No rainfall.
4223,70.4,0.718769,No rainfall.
4224,70.4167,0.718769,No rainfall.
4225,70.4333,0.718769,No rainfall.
4226,70.45,0.718769,No rainfall.
4227,70.4667,0.718769,No rainfall.
4228,70.4833,0.718769,No rainfall.
4229,70.5,0.718769,No rainfall.
4230,70.5167,0.718769,No rainfall.
4231,70.5333,0.71877,No rainfall.
4232,70.55,0.71877,No rainfall.
4233,70.5667,0.71877,No rainfall.
4234,70.5833,0.71877,No rainfall.
4235,70.6,0.718771,No rainfall.
4236,70.6167,0.718771,No rainfall.
4237,70.6333,0.718771,No rainfall.
4238,70.65,0.718772,No rainfall.
4239,70.6667,0.718772,No rainfall.
4240,70.6833,0.718772,No rainfall.
4241,70.7,0.718772,No rainfall.
4242,70.7167,0.718772,No rainfall.
4243,70.7333,0.718772,No rainfall.
4244,70.75,0.718772,No rainfall.
4245,70.7667,0.718772,No rainfall.
4246,70.7833,0.718772,No rainfall.
4247,70.8,0.718772,No rainfall.
4248,70.8167,0.718772,No rainfall.
4249,70.8333,0.718772,No rainfall.
4250,70.85,0.718772,No rainfall.
4251,70.8667,0.718772,No rainfall.
4252,70.8833,0.718773,No rainfall.
4253,70.9,0.718773,No rainfall.
4254,70.9167,0.718773,No rainfall.
4255,70.9333,0.718773,No rainfall.
4256,70.95,0.718774,No rainfall.
4257,70.9667,0.718774,No rainfall.
4258,70.9833,0.718775,No rainfall.
4259,71,0.718775,No rainfall.
4260,71.0167,0.718775,No rainfall.
4261,71.0333,0.718776,No rainfall.
4262,71.05,0.718776,No rainfall.
4263,71.0667,0.718776,No rainfall.
4264,71.0833,0.718775,No rainfall.
4265,71.1,0.718775,No rainfall.
4266,71.1167,0.718775,No rainfall.
4267,71.1333,0.718775,No rainfall.
4268,71.15,0.718775,No rainfall.
4269,71.1667,0.718775,No rainfall.
4270,71.1833,0.718775,No rainfall.
4271,71.2,0.718776,No rainfall.
4272,71.2167,0.718776,No rainfall.
4273,71.2333,0.718776,No rainfall.
4274,71.25,0.718776,No rainfall.
4275,71.2667,0.718776,No rainfall.
4276,71.2833,0.718777,No rainfall.
4277,71.3,0.718777,No rainfall.
4278,71.3167,0.718777,No rainfall.
4279,71.3333,0.718777,No rainfall.
4280,71.35,0.718777,No rainfall.
4281,71.3667,0.718778,No rainfall.
4282,71.3833,0.718778,No rainfall.
4283,71.4,0.718778,No rainfall.
4284,71.4167,0.718778,No rainfall.
4285,71.4333,0.718779,No rainfall.
4286,71.45,0.718779,No rainfall.
4287,71.4667,0.718779,No rainfall.
4288,71.4833,0.71878,No rainfall.
4289,71.5,0.71878,No rainfall.
4290,71.5167,0.71878,No rainfall.
4291,71.5333,0.71878,No rainfall.
4292,71.55,0.71878,No rainfall.
4293,71.5667,0.71878,No rainfall.
4294,71.5833,0.71878,No rainfall.
4295,71.6,0.71878,No rainfall.
4296,71.6167,0.71878,No rainfall.
4297,71.6333,0.71878,No rainfall.
4298,71.65,0.71878,No rainfall.
4299,71.6667,0.71878,No rainfall.
4300,71.6833,0.71878,No rainfall.
4301,71.7,0.71878,No rainfall.
4302,71.7167,0.71878,No rainfall.
4303,71.7333,0.71878,No rainfall.
4304,71.75,0.718781,No rainfall.
4305,71.7667,0.718781,No rainfall.
4306,71.7833,0.718781,No rainfall.
4307,71.8,0.718781,No rainfall.
4308,71.8167,0.718781,No rainfall.
4309,71.8333,0.718782,No rainfall.
4310,71.85,0.718782,No rainfall.
4311,71.8667,0.718783,No rainfall.
4312,71.8833,0.718783,No rainfall.
4313,71.9,0.718783,No rainfall.
4314,71.9167,0.718783,No rainfall.
4315,71.9333,0.718783,No rainfall.
4316,71.95,0.718783,No rainfall.
4317,71.9667,0.718783,No rainfall.
4318,71.9833,0.718783,No rainfall.
4319,72,0.718784,No rainfall.
4320,72.0167,0.718784,No rainfall.
4321,72.0333,0.718784,No rainfall.
4322,72.05,0.718784,No rainfall.
4323,72.0667,0.718785,No rainfall.
4324,72.0833,0.718785,No rainfall.
4325,72.1,0.718785,No rainfall.
4326,72.1167,0.718785,No rainfall.
4327,72.1333,0.718786,No rainfall.
4328,72.15,0.718786,No rainfall.
4329,72.1667,0.718786,No rainfall.
4330,72.1833,0.718786,No rainfall.
4331,72.2,0.718786,No rainfall.
4332,72.2167,0.718786,No rainfall.
4333,72.2333,0.718786,No rainfall.
4334,72.25,0.718786,No rainfall.
4335,72.2667,0.718786,No rainfall.
4336,72.2833,0.718786,No rainfall.
4337,72.3,0.718787,No rainfall.
4338,72.3167,0.718787,No rainfall.
4339,72.3333,0.718787,No rainfall.
4340,72.35,0.718787,No rainfall.
4341,72.3667,0.718787,No rainfall.
4342,72.3833,0.718787,No rainfall.
4343,72.4,0.718787,No rainfall.
4344,72.4167,0.718787,No rainfall.
4345,72.4333,0.718787,No rainfall.
4346,72.45,0.718788,No rainfall.
4347,72.4667,0.718788,No rainfall.
4348,72.4833,0.718788,No rainfall.
4349,72.5,0.718788,No rainfall.
4350,72.5167,0.718788,No rainfall.
4351,72.5333,0.718788,No rainfall.
4352,72.55,0.718789,No rainfall.
4353,72.5667,0.718789,No rainfall.
4354,72.5833,0.718789,No rainfall.
4355,72.6,0.718789,No rainfall.
4356,72.6167,0.71879,No rainfall.
4357,72.6333,0.71879,No rainfall.
4358,72.65,0.71879,No rainfall.
4359,72.6667,0.71879,No rainfall.
4360,72.6833,0.71879,No rainfall.
4361,72.7,0.71879,No rainfall.
4362,72.7167,0.718791,No rainfall.
4363,72.7333,0.718791,No rainfall.
4364,72.75,0.718791,No rainfall.
4365,72.7667,0.718791,No rainfall.
4366,72.7833,0.718791,No rainfall.
4367,72.8,0.718791,No rainfall.
4368,72.8167,0.718791,No rainfall.
4369,72.8333,0.718791,No rainfall.
4370,72.85,0.718791,No rainfall.
4371,72.8667,0.718791,No rainfall.
4372,72.8833,0.718791,No rainfall.
4373,72.9,0.718791,No rainfall.
4374,72.9167,0.718791,No rainfall.
4375,72.9333,0.718791,No rainfall.
4376,72.95,0.718791,No rainfall.
4377,72.9667,0.718791,No rainfall.
4378,72.9833,0.718791,No rainfall.
4379,73,0.718792,No rainfall.
4380,73.0167,0.718792,No rainfall.
4381,73.0333,0.718792,No rainfall.
4382,73.05,0.718792,No rainfall.
4383,73.0667,0.718793,No rainfall.
4384,73.0833,0.718793,No rainfall.
4385,73.1,0.718793,No rainfall.
4386,73.1167,0.718794,No rainfall.
4387,73.1333,0.718794,No rainfall.
4388,73.15,0.718794,No rainfall.
4389,73.1667,0.718794,No rainfall.
4390,73.1833,0.718795,No rainfall.
4391,73.2,0.718795,No rainfall.
4392,73.2167,0.718795,No rainfall.
4393,73.2333,0.718795,No rainfall.
4394,73.25,0.718795,No rainfall.
4395,73.2667,0.718795,No rainfall.
4396,73.2833,0.718795,No rainfall.
4397,73.3,0.718795,No rainfall.
4398,73.3167,0.718795,No rainfall.
4399,73.3333,0.718796,No rainfall.
4400,73.35,0.718796,No rainfall.
4401,73.3667,0.718796,No rainfall.
4402,73.3833,0.718796,No rainfall.
4403,73.4,0.718796,No rainfall.
4404,73.4167,0.718797,No rainfall.
4405,73.4333,0.718797,No rainfall.
4406,73.45,0.718797,No rainfall.
4407,73.4667,0.718797,No rainfall.
4408,73.4833,0.718798,No rainfall.
4409,73.5,0.718798,No rainfall.
4410,73.5167,0.718798,No rainfall.
4411,73.5333,0.718798,No rainfall.
4412,73.55,0.718798,No rainfall.
4413,73.5667,0.718798,No rainfall.
4414,73.5833,0.718798,No rainfall.
4415,73.6,0.718798,No rainfall.
4416,73.6167,0.718798,No rainfall.
4417,73.6333,0.718798,No rainfall.
4418,73.65,0.718798,No rainfall.
4419,73.6667,0.718798,No rainfall.
4420,73.6833,0.718798,No rainfall.
4421,73.7,0.718798,No rainfall.
4422,73.7167,0.718798,No rainfall.
4423,73.7333,0.718798,No rainfall.
4424,73.75,0.718799,No rainfall.
4425,73.7667,0.718799,No rainfall.
4426,73.7833,0.718799,No rainfall.
4427,73.8,0.718799,No rainfall.
4428,73.8167,0.718799,No rainfall.
4429,73.8333,0.718799,No rainfall.
4430,73.85,0.718799,No rainfall.
4431,73.8667,0.718799,No rainfall.
4432,73.8833,0.718799,No rainfall.
4433,73.9,0.718799,No rainfall.
4434,73.9167,0.7188,No rainfall.
4435,73.9333,0.7188,No rainfall.
4436,73.95,0.7188,No rainfall.
4437,73.9667,0.7188,No rainfall.
4438,73.9833,0.718801,No rainfall.
4439,74,0.718801,No rainfall.
4440,74.0167,0.718801,No rainfall.
4441,74.0333,0.718801,No rainfall.
4442,74.05,0.718801,No rainfall.
4443,74.0667,0.718802,No rainfall.
4444,74.0833,0.718802,No rainfall.
4445,74.1,0.718802,No rainfall.
4446,74.1167,0.718803,No rainfall.
4447,74.1333,0.718803,No rainfall.
4448,74.15,0.718803,No rainfall.
4449,74.1667,0.718803,No rainfall.
4450,74.1833,0.718803,No rainfall.
4451,74.2,0.718803,No rainfall.
4452,74.2167,0.718803,No rainfall.
4453,74.2333,0.718803,No rainfall.
4454,74.25,0.718803,No rainfall.
4455,74.2667,0.718803,No rainfall.
4456,74.2833,0.718803,No rainfall.
4457,74.3,0.718803,No rainfall.
4458,74.3167,0.718803,No rainfall.
4459,74.3333,0.718804,No rainfall.
4460,74.35,0.718804,No rainfall.
4461,74.3667,0.718804,No rainfall.
4462,74.3833,0.718804,No rainfall.
4463,74.4,0.718804,No rainfall.
4464,74.4167,0.718804,No rainfall.
4465,74.4333,0.718804,No rainfall.
4466,74.45,0.718804,No rainfall.
4467,74.4667,0.718804,No rainfall.
4468,74.4833,0.718805,No rainfall.
4469,74.5,0.718805,No rainfall.
4470,74.5167,0.718805,No rainfall.
4471,74.5333,0.718805,No rainfall.
4472,74.55,0.718805,No rainfall.
4473,74.5667,0.718805,No rainfall.
4474,74.5833,0.718805,No rainfall.
4475,74.6,0.718805,No rainfall.
4476,74.6167,0.718805,No rainfall.
4477,74.6333,0.718805,No rainfall.
4478,74.65,0.718805,No rainfall.
4479,74.6667,0.718805,No rainfall.
4480,74.6833,0.718805,No rainfall.
4481,74.7,0.718805,No rainfall.
4482,74.7167,0.718806,No rainfall.
4483,74.7333,0.718806,No rainfall.
4484,74.75,0.718806,No rainfall.
4485,74.7667,0.718806,No rainfall.
4486,74.7833,0.718806,No rainfall.
4487,74.8,0.718807,No rainfall.
4488,74.8167,0.718807,No rainfall.
4489,74.8333,0.718807,No rainfall.
4490,74.85,0.718807,No rainfall.
4491,74.8667,0.718807,No rainfall.
4492,74.8833,0.718807,No rainfall.
4493,74.9,0.718807,No rainfall.
4494,74.9167,0.718807,No rainfall.
4495,74.9333,0.718807,No rainfall.
4496,74.95,0.718807,No rainfall.
4497,74.9667,0.718807,No rainfall.
4498,74.9833,0.718807,No rainfall.
4499,75,0.718808,No rainfall.
4500,75.0167,0.718808,No rainfall.
4501,75.0333,0.718808,No rainfall.
4502,75.05,0.718808,No rainfall.
4503,75.0667,0.718809,No rainfall.
4504,75.0833,0.718809,No rainfall.
4505,75.1,0.718809,No rainfall.
4506,75.1167,0.718809,No rainfall.
4507,75.1333,0.718809,No rainfall.
4508,75.15,0.718809,No rainfall.
4509,75.1667,0.718809,No rainfall.
4510,75.1833,0.71881,No rainfall.
4511,75.2,0.71881,No rainfall.
4512,75.2167,0.71881,No rainfall.
4513,75.2333,0.71881,No rainfall.
4514,75.25,0.71881,No rainfall.
4515,75.2667,0.71881,No rainfall.
4516,75.2833,0.71881,No rainfall.
4517,75.3,0.71881,No rainfall.
4518,75.3167,0.71881,No rainfall.
4519,75.3333,0.71881,No rainfall.
4520,75.35,0.71881,No rainfall.
4521,75.3667,0.71881,No rainfall.
4522,75.3833,0.718811,No rainfall.
4523,75.4,0.718811,No rainfall.
4524,75.4167,0.718811,No rainfall.
4525,75.4333,0.718811,No rainfall.
4526,75.45,0.718812,No rainfall.
4527,75.4667,0.718812,No rainfall.
4528,75.4833,0.718812,No rainfall.
4529,75.5,0.718812,No rainfall.
4530,75.5167,0.718812,No rainfall.
4531,75.5333,0.718813,No rainfall.
4532,75.55,0.718813,No rainfall.
4533,75.5667,0.718813,No rainfall.
4534,75.5833,0.718813,No rainfall.
4535,75.6,0.718813,No rainfall.
4536,75.6167,0.718814,No rainfall.
4537,75.6333,0.718814,No rainfall.
4538,75.65,0.718814,No rainfall.
4539,75.6667,0.718814,No rainfall.
4540,75.6833,0.718814,No rainfall.
4541,75.7,0.718814,No rainfall.
4542,75.7167,0.718814,No rainfall.
4543,75.7333,0.718814,No rainfall.
4544,75.75,0.718814,No rainfall.
4545,75.7667,0.718814,No rainfall.
4546,75.7833,0.718814,No rainfall.
4547,75.8,0.718815,No rainfall.
4548,75.8167,0.718815,No rainfall.
4549,75.8333,0.718815,No rainfall.
4550,75.85,0.718815,No rainfall.
4551,75.8667,0.718816,No rainfall.
4552,75.8833,0.718816,No rainfall.
4553,75.9,0.718816,No rainfall.
4554,75.9167,0.718816,No rainfall.
4555,75.9333,0.718817,No rainfall.
4556,75.95,0.718817,No rainfall.
4557,75.9667,0.718817,No rainfall.
4558,75.9833,0.718817,No rainfall.
4559,76,0.718817,No rainfall.
4560,76.0167,0.718817,No rainfall.
4561,76.0333,0.718817,No rainfall.
4562,76.05,0.718817,No rainfall.
4563,76.0667,0.718817,No rainfall.
4564,76.0833,0.718817,No rainfall.
4565,76.1,0.718817,No rainfall.
4566,76.1167,0.718817,No rainfall.
4567,76.1333,0.718817,No rainfall.
4568,76.15,0.718817,No rainfall.
4569,76.1667,0.718817,No rainfall.
4570,76.1833,0.718817,No rainfall.
4571,76.2,0.718817,No rainfall.
4572,76.2167,0.718817,No rainfall.
4573,76.2333,0.718817,No rainfall.
4574,76.25,0.718817,No rainfall.
4575,76.2667,0.718817,No rainfall.
4576,76.2833,0.718818,No rainfall.
4577,76.3,0.718818,No rainfall.
4578,76.3167,0.718818,No rainfall.
4579,76.3333,0.718818,No rainfall.
4580,76.35,0.718818,No rainfall.
4581,76.3667,0.718818,No rainfall.
4582,76.3833,0.718818,No rainfall.
4583,76.4,0.718818,No rainfall.
4584,76.4167,0.718818,No rainfall.
4585,76.4333,0.718818,No rainfall.
4586,76.45,0.718818,No rainfall.
4587,76.4667,0.718819,No rainfall.
4588,76.4833,0.718819,No rainfall.
4589,76.5,0.718819,No rainfall.
4590,76.5167,0.718819,No rainfall.
4591,76.5333,0.71882,No rainfall.
4592,76.55,0.71882,No rainfall.
4593,76.5667,0.71882,No rainfall.
4594,76.5833,0.71882,No rainfall.
4595,76.6,0.71882,No rainfall.
4596,76.6167,0.71882,No rainfall.
4597,76.6333,0.71882,No rainfall.
4598,76.65,0.71882,No rainfall.
4599,76.6667,0.71882,No rainfall.
4600,76.6833,0.71882,No rainfall.
4601,76.7,0.718821,No rainfall.
4602,76.7167,0.718821,No rainfall.
4603,76.7333,0.718821,No rainfall.
4604,76.75,0.718821,No rainfall.
4605,76.7667,0.718822,No rainfall.
4606,76.7833,0.718822,No rainfall.
4607,76.8,0.718822,No rainfall.
4608,76.8167,0.718822,No rainfall.
4609,76.8333,0.718821,No rainfall.
4610,76.85,0.718821,No rainfall.
4611,76.8667,0.718821,No rainfall.
4612,76.8833,0.718821,No rainfall.
4613,76.9,0.718821,No rainfall.
4614,76.9167,0.718821,No rainfall.
4615,76.9333,0.718822,No rainfall.
4616,76.95,0.718822,No rainfall.
4617,76.9667,0.718822,No rainfall.
4618,76.9833,0.718822,No rainfall.
4619,77,0.718822,No rainfall.
4620,77.0167,0.718823,No rainfall.
4621,77.0333,0.718823,No rainfall.
4622,77.05,0.718823,No rainfall.
4623,77.0667,0.718823,No rainfall.
4624,77.0833,0.718823,No rainfall.
4625,77.1,0.718823,No rainfall.
4626,77.1167,0.718823,No rainfall.
4627,77.1333,0.718823,No rainfall.
4628,77.15,0.718823,No rainfall.
4629,77.1667,0.718823,No rainfall.
4630,77.1833,0.718824,No rainfall.
4631,77.2,0.718824,No rainfall.
4632,77.2167,0.718824,No rainfall.
4633,77.2333,0.718824,No rainfall.
4634,77.25,0.718824,No rainfall.
4635,77.2667,0.718824,No rainfall.
4636,77.2833,0.718824,No rainfall.
4637,77.3,0.718824,No rainfall.
4638,77.3167,0.718824,No rainfall.
4639,77.3333,0.718824,No rainfall.
4640,77.35,0.718824,No rainfall.
4641,77.3667,0.718824,No rainfall.
4642,77.3833,0.718824,No rainfall.
4643,77.4,0.718825,No rainfall.
4644,77.4167,0.718825,No rainfall.
4645,77.4333,0.718825,No rainfall.
4646,77.45,0.718825,No rainfall.
4647,77.4667,0.718825,No rainfall.
4648,77.4833,0.718825,No rainfall.
4649,77.5,0.718825,No rainfall.
4650,77.5167,0.718825,No rainfall.
4651,77.5333,0.718825,No rainfall.
4652,77.55,0.718825,No rainfall.
4653,77.5667,0.718826,No rainfall.
4654,77.5833,0.718826,No rainfall.
4655,77.6,0.718826,No rainfall.
4656,77.6167,0.718826,No rainfall.
4657,77.6333,0.718826,No rainfall.
4658,77.65,0.718827,No rainfall.
4659,77.6667,0.718827,No rainfall.
4660,77.6833,0.718827,No rainfall.
4661,77.7,0.718827,No rainfall.
4662,77.7167,0.718827,No rainfall.
4663,77.7333,0.718827,No rainfall.
4664,77.75,0.718827,No rainfall.
4665,77.7667,0.718827,No rainfall.
4666,77.7833,0.718827,No rainfall.
4667,77.8,0.718827,No rainfall.
4668,77.8167,0.718827,No rainfall.
4669,77.8333,0.718827,No rainfall.
4670,77.85,0.718827,No rainfall.
4671,77.8667,0.718827,No rainfall.
4672,77.8833,0.718827,No rainfall.
4673,77.9,0.718827,No rainfall.
4674,77.9167,0.718827,No rainfall.
4675,77.9333,0.718828,No rainfall.
4676,77.95,0.718828,No rainfall.
4677,77.9667,0.718828,No rainfall.
4678,77.9833,0.718828,No rainfall.
4679,78,0.718829,No rainfall.
4680,78.0167,0.718829,No rainfall.
4681,78.0333,0.718829,No rainfall.
4682,78.05,0.718829,No rainfall.
4683,78.0667,0.71883,No rainfall.
4684,78.0833,0.71883,No rainfall.
4685,78.1,0.71883,No rainfall.
4686,78.1167,0.718829,No rainfall.
4687,78.1333,0.718829,No rainfall.
4688,78.15,0.718829,No rainfall.
4689,78.1667,0.718829,No rainfall.
4690,78.1833,0.718828,No rainfall.
4691,78.2,0.718829,No rainfall.
4692,78.2167,0.718829,No rainfall.
4693,78.2333,0.718829,No rainfall.
4694,78.25,0.718829,No rainfall.
4695,78.2667,0.718829,No rainfall.
4696,78.2833,0.71883,No rainfall.
4697,78.3,0.71883,No rainfall.
4698,78.3167,0.71883,No rainfall.
4699,78.3333,0.71883,No rainfall.
4700,78.35,0.71883,No rainfall.
4701,78.3667,0.71883,No rainfall.
4702,78.3833,0.71883,No rainfall.
4703,78.4,0.71883,No rainfall.
4704,78.4167,0.71883,No rainfall.
4705,78.4333,0.718831,No rainfall.
4706,78.45,0.718831,No rainfall.
4707,78.4667,0.718831,No rainfall.
4708,78.4833,0.718831,No rainfall.
4709,78.5,0.718831,No rainfall.
4710,78.5167,0.718831,No rainfall.
4711,78.5333,0.718832,No rainfall.
4712,78.55,0.718832,No rainfall.
4713,78.5667,0.718832,No rainfall.
4714,78.5833,0.718832,No rainfall.
4715,78.6,0.718832,No rainfall.
4716,78.6167,0.718832,No rainfall.
4717,78.6333,0.718832,No rainfall.
4718,78.65,0.718832,No rainfall.
4719,78.6667,0.718832,No rainfall.
4720,78.6833,0.718832,No rainfall.
4721,78.7,0.718832,No rainfall.
4722,78.7167,0.718832,No rainfall.
4723,78.7333,0.718832,No rainfall.
4724,78.75,0.718832,No rainfall.
4725,78.7667,0.718832,No rainfall.
4726,78.7833,0.718832,No rainfall.
4727,78.8,0.718832,No rainfall.
4728,78.8167,0.718832,No rainfall.
4729,78.8333,0.718832,No rainfall.
4730,78.85,0.718832,No rainfall.
4731,78.8667,0.718832,No rainfall.
4732,78.8833,0.718833,No rainfall.
4733,78.9,0.718833,No rainfall.
4734,78.9167,0.718833,No rainfall.
4735,78.9333,0.718833,No rainfall.
4736,78.95,0.718833,No rainfall.
4737,78.9667,0.718834,No rainfall.
4738,78.9833,0.718834,No rainfall.
4739,79,0.718834,No rainfall.
4740,79.0167,0.718834,No rainfall.
4741,79.0333,0.718834,No rainfall.
4742,79.05,0.718834,No rainfall.
4743,79.0667,0.718834,No rainfall.
4744,79.0833,0.718834,No rainfall.
4745,79.1,0.718834,No rainfall.
4746,79.1167,0.718834,No rainfall.
4747,79.1333,0.718834,No rainfall.
4748,79.15,0.718834,No rainfall.
4749,79.1667,0.718835,No rainfall.
4750,79.1833,0.718835,No rainfall.
4751,79.2,0.718835,No rainfall.
4752,79.2167,0.718835,No rainfall.
4753,79.2333,0.718835,No rainfall.
4754,79.25,0.718835,No rainfall.
4755,79.2667,0.718835,No rainfall.
4756,79.2833,0.718835,No rainfall.
4757,79.3,0.718835,No rainfall.
4758,79.3167,0.718835,No rainfall.
4759,79.3333,0.718835,No rainfall.
4760,79.35,0.718836,No rainfall.
4761,79.3667,0.718836,No rainfall.
4762,79.3833,0.718836,No rainfall.
4763,79.4,0.718836,No rainfall.
4764,79.4167,0.718836,No rainfall.
4765,79.4333,0.718836,No rainfall.
4766,79.45,0.718836,No rainfall.
4767,79.4667,0.718836,No rainfall.
4768,79.4833,0.718837,No rainfall.
4769,79.5,0.718837,No rainfall.
4770,79.5167,0.718837,No rainfall.
4771,79.5333,0.718837,No rainfall.
4772,79.55,0.718837,No rainfall.
4773,79.5667,0.718837,No rainfall.
4774,79.5833,0.718837,No rainfall.
4775,79.6,0.718837,No rainfall.
4776,79.6167,0.718837,No rainfall.
4777,79.6333,0.718837,No rainfall.
4778,79.65,0.718837,No rainfall.
4779,79.6667,0.718837,No rainfall.
4780,79.6833,0.718837,No rainfall.
4781,79.7,0.718837,No rainfall.
4782,79.7167,0.718837,No rainfall.
4783,79.7333,0.718837,No rainfall.
4784,79.75,0.718837,No rainfall.
4785,79.7667,0.718837,No rainfall.
4786,79.7833,0.718837,No rainfall.
4787,79.8,0.718838,No rainfall.
4788,79.8167,0.718838,No rainfall.
4789,79.8333,0.718838,No rainfall.
4790,79.85,0.718838,No rainfall.
4791,79.8667,0.718839,No rainfall.
4792,79.8833,0.718839,No rainfall.
4793,79.9,0.718839,No rainfall.
4794,79.9167,0.718839,No rainfall.
4795,79.9333,0.718839,No rainfall.
4796,79.95,0.718839,No rainfall.
4797,79.9667,0.718839,No rainfall.
4798,79.9833,0.718839,No rainfall.
4799,80,0.718839,No rainfall.
4800,80.0167,0.718839,No rainfall.
4801,80.0333,0.718839,No rainfall.
4802,80.05,0.71884,No rainfall.
4803,80.0667,0.71884,No rainfall.
4804,80.0833,0.71884,No rainfall.
4805,80.1,0.71884,No rainfall.
4806,80.1167,0.71884,No rainfall.
4807,80.1333,0.71884,No rainfall.
4808,80.15,0.71884,No rainfall.
4809,80.1667,0.71884,No rainfall.
4810,80.1833,0.71884,No rainfall.
4811,80.2,0.718841,No rainfall.
4812,80.2167,0.718841,No rainfall.
4813,80.2333,0.718841,No rainfall.
4814,80.25,0.718841,No rainfall.
4815,80.2667,0.718841,No rainfall.
4816,80.2833,0.718841,No rainfall.
4817,80.3,0.718841,No rainfall.
4818,80.3167,0.718841,No rainfall.
4819,80.3333,0.718841,No rainfall.
4820,80.35,0.718841,No rainfall.
4821,80.3667,0.718841,No rainfall.
4822,80.3833,0.718841,No rainfall.
4823,80.4,0.718841,No rainfall.
4824,80.4167,0.718841,No rainfall.
4825,80.4333,0.718841,No rainfall.
4826,80.45,0.718841,No rainfall.
4827,80.4667,0.718842,No rainfall.
4828,80.4833,0.718842,No rainfall.
4829,80.5,0.718842,No rainfall.
4830,80.5167,0.718842,No rainfall.
4831,80.5333,0.718842,No rainfall.
4832,80.55,0.718843,No rainfall.
4833,80.5667,0.718843,No rainfall.
4834,80.5833,0.718843,No rainfall.
4835,80.6,0.718843,No rainfall.
4836,80.6167,0.718843,No rainfall.
4837,80.6333,0.718843,No rainfall.
4838,80.65,0.718843,No rainfall.
4839,80.6667,0.718843,No rainfall.
4840,80.6833,0.718843,No rainfall.
4841,80.7,0.718843,No rainfall.
4842,80.7167,0.718843,No rainfall.
4843,80.7333,0.718843,No rainfall.
4844,80.75,0.718843,No rainfall.
4845,80.7667,0.718843,No rainfall.
4846,80.7833,0.718843,No rainfall.
4847,80.8,0.718843,No rainfall.
4848,80.8167,0.718843,No rainfall.
4849,80.8333,0.718843,No rainfall.
4850,80.85,0.718843,No rainfall.
4851,80.8667,0.718843,No rainfall.
4852,80.8833,0.718843,No rainfall.
4853,80.9,0.718843,No rainfall.
4854,80.9167,0.718844,No rainfall.
4855,80.9333,0.718844,No rainfall.
4856,80.95,0.718844,No rainfall.
4857,80.9667,0.718844,No rainfall.
4858,80.9833,0.718845,No rainfall.
4859,81,0.718845,No rainfall.
4860,81.0167,0.718845,No rainfall.
4861,81.0333,0.718845,No rainfall.
4862,81.05,0.718846,No rainfall.
4863,81.0667,0.718846,No rainfall.
4864,81.0833,0.718846,No rainfall.
4865,81.1,0.718846,No rainfall.
4866,81.1167,0.718846,No rainfall.
4867,81.1333,0.718846,No rainfall.
4868,81.15,0.718846,No rainfall.
4869,81.1667,0.718846,No rainfall.
4870,81.1833,0.718846,No rainfall.
4871,81.2,0.718846,No rainfall.
4872,81.2167,0.718846,No rainfall.
4873,81.2333,0.718846,No rainfall.
4874,81.25,0.718846,No rainfall.
4875,81.2667,0.718846,No rainfall.
4876,81.2833,0.718846,No rainfall.
4877,81.3,0.718845,No rainfall.
4878,81.3167,0.718845,No rainfall.
4879,81.3333,0.718845,No rainfall.
4880,81.35,0.718845,No rainfall.
4881,81.3667,0.718845,No rainfall.
4882,81.3833,0.718845,No rainfall.
4883,81.4,0.718845,No rainfall.
4884,81.4167,0.718845,No rainfall.
4885,81.4333,0.718845,No rainfall.
4886,81.45,0.718845,No rainfall.
4887,81.4667,0.718845,No rainfall.
4888,81.4833,0.718845,No rainfall.
4889,81.5,0.718845,No rainfall.
4890,81.5167,0.718845,No rainfall.
4891,81.5333,0.718845,No rainfall.
4892,81.55,0.718845,No rainfall.
4893,81.5667,0.718845,No rainfall.
4894,81.5833,0.718845,No rainfall.
4895,81.6,0.718845,No rainfall.
4896,81.6167,0.718845,No rainfall.
4897,81.6333,0.718846,No rainfall.
4898,81.65,0.718846,No rainfall.
4899,81.6667,0.718846,No rainfall.
4900,81.6833,0.718846,No rainfall.
4901,81.7,0.718847,No rainfall.
4902,81.7167,0.718847,No rainfall.
4903,81.7333,0.718847,No rainfall.
4904,81.75,0.718847,No rainfall.
4905,81.7667,0.718848,No rainfall.
4906,81.7833,0.718848,No rainfall.
4907,81.8,0.718848,No rainfall.
4908,81.8167,0.718848,No rainfall.
4909,81.8333,0.718848,No rainfall.
4910,81.85,0.718849,No rainfall.
4911,81.8667,0.718849,No rainfall.
4912,81.8833,0.718849,No rainfall.
4913,81.9,0.718849,No rainfall.
4914,81.9167,0.718849,No rainfall.
4915,81.9333,0.718849,No rainfall.
4916,81.95,0.718849,No rainfall.
4917,81.9667,0.718849,No rainfall.
4918,81.9833,0.718849,No rainfall.
4919,82,0.718849,No rainfall.
4920,82.0167,0.718849,No rainfall.
4921,82.0333,0.718849,No rainfall.
4922,82.05,0.718849,No rainfall.
4923,82.0667,0.718849,No rainfall.
4924,82.0833,0.718849,No rainfall.
4925,82.1,0.718848,No rainfall.
4926,82.1167,0.718848,No rainfall.
4927,82.1333,0.718848,No rainfall.
4928,82.15,0.718848,No rainfall.
4929,82.1667,0.718848,No rainfall.
4930,82.1833,0.718848,No rainfall.
4931,82.2,0.718848,No rainfall.
4932,82.2167,0.718848,No rainfall.
4933,82.2333,0.718848,No rainfall.
4934,82.25,0.718848,No rainfall.
4935,82.2667,0.718848,No rainfall.
4936,82.2833,0.718848,No rainfall.
4937,82.3,0.718848,No rainfall.
4938,82.3167,0.718848,No rainfall.
4939,82.3333,0.718848,No rainfall.
4940,82.35,0.718848,No rainfall.
4941,82.3667,0.718848,No rainfall.
4942,82.3833,0.718848,No rainfall.
4943,82.4,0.718848,No rainfall.
4944,82.4167,0.718848,No rainfall.
4945,82.4333,0.718849,No rainfall.
4946,82.45,0.718849,No rainfall.
4947,82.4667,0.718849,No rainfall.
4948,82.4833,0.718849,No rainfall.
4949,82.5,0.718849,No rainfall.
4950,82.5167,0.718849,No rainfall.
4951,82.5333,0.718849,No rainfall.
4952,82.55,0.718849,No rainfall.
4953,82.5667,0.718849,No rainfall.
4954,82.5833,0.718849,No rainfall.
4955,82.6,0.718849,No rainfall.
4956,82.6167,0.71885,No rainfall.
4957,82.6333,0.71885,No rainfall.
4958,82.65,0.71885,No rainfall.
4959,82.6667,0.71885,No rainfall.
4960,82.6833,0.71885,No rainfall.
4961,82.7,0.71885,No rainfall.
4962,82.7167,0.71885,No rainfall.
4963,82.7333,0.71885,No rainfall.
4964,82.75,0.718851,No rainfall.
4965,82.7667,0.718851,No rainfall.
4966,82.7833,0.718851,No rainfall.
4967,82.8,0.718851,No rainfall.
4968,82.8167,0.718851,No rainfall.
4969,82.8333,0.718851,No rainfall.
4970,82.85,0.718851,No rainfall.
4971,82.8667,0.718851,No rainfall.
4972,82.8833,0.718852,No rainfall.
4973,82.9,0.718852,No rainfall.
4974,82.9167,0.718852,No rainfall.
4975,82.9333,0.718852,No rainfall.
4976,82.95,0.718852,No rainfall.
4977,82.9667,0.718852,No rainfall.
4978,82.9833,0.718852,No rainfall.
4979,83,0.718852,No rainfall.
4980,83.0167,0.718852,No rainfall.
4981,83.0333,0.718852,No rainfall.
4982,83.05,0.718852,No rainfall.
4983,83.0667,0.718853,No rainfall.
4984,83.0833,0.718853,No rainfall.
4985,83.1,0.718853,No rainfall.
4986,83.1167,0.718853,No rainfall.
4987,83.1333,0.718853,No rainfall.
4988,83.15,0.718853,No rainfall.
4989,83.1667,0.718853,No rainfall.
4990,83.1833,0.718853,No rainfall.
4991,83.2,0.718853,No rainfall.
4992,83.2167,0.718853,No rainfall.
4993,83.2333,0.718853,No rainfall.
4994,83.25,0.718853,No rainfall.
4995,83.2667,0.718853,No rainfall.
4996,83.2833,0.718853,No rainfall.
4997,83.3,0.718853,No rainfall.
4998,83.3167,0.718853,No rainfall.
4999,83.3333,0.718853,No rainfall.
5000,83.35,0.718853,No rainfall.
5001,83.3667,0.718853,No rainfall.
5002,83.3833,0.718853,No rainfall.
5003,83.4,0.718853,No rainfall.
5004,83.4167,0.718853,No rainfall.
5005,83.4333,0.718853,No rainfall.
5006,83.45,0.718853,No rainfall.
5007,83.4667,0.718853,No rainfall.
5008,83.4833,0.718853,No rainfall.
5009,83.5,0.718853,No rainfall.
5010,83.5167,0.718853,No rainfall.
5011,83.5333,0.718853,No rainfall.
5012,83.55,0.718854,No rainfall.
5013,83.5667,0.718854,No rainfall.
5014,83.5833,0.718854,No rainfall.
5015,83.6,0.718854,No rainfall.
5016,83.6167,0.718855,No rainfall.
5017,83.6333,0.718855,No rainfall.
5018,83.65,0.718855,No rainfall.
5019,83.6667,0.718855,No rainfall.
5020,83.6833,0.718856,No rainfall.
5021,83.7,0.718856,No rainfall.
5022,83.7167,0.718856,No rainfall.
5023,83.7333,0.718856,No rainfall.
5024,83.75,0.718857,No rainfall.
5025,83.7667,0.718856,No rainfall.
5026,83.7833,0.718856,No rainfall.
5027,83.8,0.718856,No rainfall.
5028,83.8167,0.718857,No rainfall.
5029,83.8333,0.718857,No rainfall.
5030,83.85,0.718857,No rainfall.
5031,83.8667,0.718857,No rainfall.
5032,83.8833,0.718856,No rainfall.
5033,83.9,0.718856,No rainfall.
5034,83.9167,0.718856,No rainfall.
5035,83.9333,0.718856,No rainfall.
5036,83.95,0.718856,No rainfall.
5037,83.9667,0.718856,No rainfall.
5038,83.9833,0.718856,No rainfall.
5039,84,0.718856,No rainfall.
5040,84.0167,0.718856,No rainfall.
5041,84.0333,0.718856,No rainfall.
5042,84.05,0.718856,No rainfall.
5043,84.0667,0.718856,No rainfall.
5044,84.0833,0.718856,No rainfall.
5045,84.1,0.718856,No rainfall.
5046,84.1167,0.718856,No rainfall.
5047,84.1333,0.718856,No rainfall.
5048,84.15,0.718856,No rainfall.
5049,84.1667,0.718856,No rainfall.
5050,84.1833,0.718856,No rainfall.
5051,84.2,0.718856,No rainfall.
5052,84.2167,0.718856,No rainfall.
5053,84.2333,0.718856,No rainfall.
5054,84.25,0.718856,No rainfall.
5055,84.2667,0.718856,No rainfall.
5056,84.2833,0.718856,No rainfall.
5057,84.3,0.718856,No rainfall.
5058,84.3167,0.718856,No rainfall.
5059,84.3333,0.718856,No rainfall.
5060,84.35,0.718856,No rainfall.
5061,84.3667,0.718856,No rainfall.
5062,84.3833,0.718856,No rainfall.
5063,84.4,0.718856,No rainfall.
5064,84.4167,0.718856,No rainfall.
5065,84.4333,0.718856,No rainfall.
5066,84.45,0.718856,No rainfall.
5067,84.4667,0.718856,No rainfall.
5068,84.4833,0.718856,No rainfall.
5069,84.5,0.718856,No rainfall.
5070,84.5167,0.718856,No rainfall.
5071,84.5333,0.718856,No rainfall.
5072,84.55,0.718856,No rainfall.
5073,84.5667,0.718856,No rainfall.
5074,84.5833,0.718856,No rainfall.
5075,84.6,0.718856,No rainfall.
5076,84.6167,0.718856,No rainfall.
5077,84.6333,0.718856,No rainfall.
5078,84.65,0.718856,No rainfall.
5079,84.6667,0.718856,No rainfall.
5080,84.6833,0.718856,No rainfall.
5081,84.7,0.718856,No rainfall.
5082,84.7167,0.718856,No rainfall.
5083,84.7333,0.718856,No rainfall.
5084,84.75,0.718856,No rainfall.
5085,84.7667,0.718856,No rainfall.
5086,84.7833,0.718857,No rainfall.
5087,84.8,0.718857,No rainfall.
5088,84.8167,0.718857,No rainfall.
5089,84.8333,0.718857,No rainfall.
5090,84.85,0.718858,No rainfall.
5091,84.8667,0.718858,No rainfall.
5092,84.8833,0.718858,No rainfall.
5093,84.9,0.718858,No rainfall.
5094,84.9167,0.718858,No rainfall.
5095,84.9333,0.718858,No rainfall.
5096,84.95,0.718858,No rainfall.
5097,84.9667,0.718858,No rainfall.
5098,84.9833,0.718858,No rainfall.
5099,85,0.718859,No rainfall.
5100,85.0167,0.718859,No rainfall.
5101,85.0333,0.718859,No rainfall.
5102,85.05,0.718859,No rainfall.
5103,85.0667,0.718859,No rainfall.
5104,85.0833,0.718859,No rainfall.
5105,85.1,0.718859,No rainfall.
5106,85.1167,0.718859,No rainfall.
5107,85.1333,0.718859,No rainfall.
5108,85.15,0.718859,No rainfall.
5109,85.1667,0.718859,No rainfall.
5110,85.1833,0.718859,No rainfall.
5111,85.2,0.71886,No rainfall.
5112,85.2167,0.71886,No rainfall.
5113,85.2333,0.71886,No rainfall.
5114,85.25,0.71886,No rainfall.
5115,85.2667,0.71886,No rainfall.
5116,85.2833,0.71886,No rainfall.
5117,85.3,0.71886,No rainfall.
5118,85.3167,0.71886,No rainfall.
5119,85.3333,0.71886,No rainfall.
5120,85.35,0.71886,No rainfall.
5121,85.3667,0.71886,No rainfall.
5122,85.3833,0.71886,No rainfall.
5123,85.4,0.718861,No rainfall.
5124,85.4167,0.718861,No rainfall.
5125,85.4333,0.718861,No rainfall.
5126,85.45,0.718861,No rainfall.
5127,85.4667,0.718861,No rainfall.
5128,85.4833,0.718861,No rainfall.
5129,85.5,0.718861,No rainfall.
5130,85.5167,0.718861,No rainfall.
5131,85.5333,0.718861,No rainfall.
5132,85.55,0.718861,No rainfall.
5133,85.5667,0.718861,No rainfall.
5134,85.5833,0.718861,No rainfall.
5135,85.6,0.718861,No rainfall.
5136,85.6167,0.718861,No rainfall.
5137,85.6333,0.718861,No rainfall.
5138,85.65,0.718861,No rainfall.
5139,85.6667,0.718861,No rainfall.
5140,85.6833,0.718861,No rainfall.
5141,85.7,0.718861,No rainfall.
5142,85.7167,0.718861,No rainfall.
5143,85.7333,0.718861,No rainfall.
5144,85.75,0.718861,No rainfall.
5145,85.7667,0.718861,No rainfall.
5146,85.7833,0.718861,No rainfall.
5147,85.8,0.718861,No rainfall.
5148,85.8167,0.718861,No rainfall.
5149,85.8333,0.718861,No rainfall.
5150,85.85,0.718861,No rainfall.
5151,85.8667,0.718861,No rainfall.
5152,85.8833,0.718861,No rainfall.
5153,85.9,0.718861,No rainfall.
5154,85.9167,0.718861,No rainfall.
5155,85.9333,0.718861,No rainfall.
5156,85.95,0.718861,No rainfall.
5157,85.9667,0.718861,No rainfall.
5158,85.9833,0.718861,No rainfall.
5159,86,0.718861,No rainfall.
5160,86.0167,0.718861,No rainfall.
5161,86.0333,0.718861,No rainfall.
5162,86.05,0.718862,No rainfall.
5163,86.0667,0.718862,No rainfall.
5164,86.0833,0.718862,No rainfall.
5165,86.1,0.718862,No rainfall.
5166,86.1167,0.718862,No rainfall.
5167,86.1333,0.718863,No rainfall.
5168,86.15,0.718863,No rainfall.
5169,86.1667,0.718863,No rainfall.
5170,86.1833,0.718863,No rainfall.
5171,86.2,0.718863,No rainfall.
5172,86.2167,0.718863,No rainfall.
5173,86.2333,0.718863,No rainfall.
5174,86.25,0.718863,No rainfall.
5175,86.2667,0.718863,No rainfall.
5176,86.2833,0.718863,No rainfall.
5177,86.3,0.718863,No rainfall.
5178,86.3167,0.718863,No rainfall.
5179,86.3333,0.718863,No rainfall.
5180,86.35,0.718863,No rainfall.
5181,86.3667,0.718863,No rainfall.
5182,86.3833,0.718863,No rainfall.
5183,86.4,0.718863,No rainfall.
5184,86.4167,0.718863,No rainfall.
5185,86.4333,0.718863,No rainfall.
5186,86.45,0.718863,No rainfall.
5187,86.4667,0.718863,No rainfall.
5188,86.4833,0.718863,No rainfall.
5189,86.5,0.718863,No rainfall.
5190,86.5167,0.718863,No rainfall.
5191,86.5333,0.718863,No rainfall.
5192,86.55,0.718863,No rainfall.
5193,86.5667,0.718863,No rainfall.
5194,86.5833,0.718863,No rainfall.
5195,86.6,0.718863,No rainfall.
5196,86.6167,0.718863,No rainfall.
5197,86.6333,0.718863,No rainfall.
5198,86.65,0.718863,No rainfall.
5199,86.6667,0.718863,No rainfall.
5200,86.6833,0.718863,No rainfall.
5201,86.7,0.718863,No rainfall.
5202,86.7167,0.718863,No rainfall.
5203,86.7333,0.718863,No rainfall.
5204,86.75,0.718863,No rainfall.
5205,86.7667,0.718863,No rainfall.
5206,86.7833,0.718863,No rainfall.
5207,86.8,0.718863,No rainfall.
5208,86.8167,0.718863,No rainfall.
5209,86.8333,0.718863,No rainfall.
5210,86.85,0.718863,No rainfall.
5211,86.8667,0.718863,No rainfall.
5212,86.8833,0.718863,No rainfall.
5213,86.9,0.718863,No rainfall.
5214,86.9167,0.718863,No rainfall.
5215,86.9333,0.718863,No rainfall.
5216,86.95,0.718863,No rainfall.
5217,86.9667,0.718863,No rainfall.
5218,86.9833,0.718864,No rainfall.
5219,87,0.718864,No rainfall.
5220,87.0167,0.718864,No rainfall.
5221,87.0333,0.718864,No rainfall.
5222,87.05,0.718864,No rainfall.
5223,87.0667,0.718864,No rainfall.
5224,87.0833,0.718864,No rainfall.
5225,87.1,0.718864,No rainfall.
5226,87.1167,0.718864,No rainfall.
5227,87.1333,0.718864,No rainfall.
5228,87.15,0.718864,No rainfall.
5229,87.1667,0.718864,No rainfall.
5230,87.1833,0.718864,No rainfall.
5231,87.2,0.718864,No rainfall.
5232,87.2167,0.718864,No rainfall.
5233,87.2333,0.718864,No rainfall.
5234,87.25,0.718864,No rainfall.
5235,87.2667,0.718864,No rainfall.
5236,87.2833,0.718864,No rainfall.
5237,87.3,0.718864,No rainfall.
5238,87.3167,0.718864,No rainfall.
5239,87.3333,0.718864,No rainfall.
5240,87.35,0.718864,No rainfall.
5241,87.3667,0.718864,No rainfall.
5242,87.3833,0.718864,No rainfall.
5243,87.4,0.718864,No rainfall.
5244,87.4167,0.718864,No rainfall.
5245,87.4333,0.718864,No rainfall.
5246,87.45,0.718864,No rainfall.
5247,87.4667,0.718865,No rainfall.
5248,87.4833,0.718865,No rainfall.
5249,87.5,0.718865,No rainfall.
5250,87.5167,0.718865,No rainfall.
5251,87.5333,0.718866,No rainfall.
5252,87.55,0.718866,No rainfall.
5253,87.5667,0.718866,No rainfall.
5254,87.5833,0.718866,No rainfall.
5255,87.6,0.718866,No rainfall.
5256,87.6167,0.718866,No rainfall.
5257,87.6333,0.718866,No rainfall.
5258,87.65,0.718866,No rainfall.
5259,87.6667,0.718866,No rainfall.
5260,87.6833,0.718867,No rainfall.
5261,87.7,0.718867,No rainfall.
5262,87.7167,0.718867,No rainfall.
5263,87.7333,0.718867,No rainfall.
5264,87.75,0.718867,No rainfall.
5265,87.7667,0.718867,No rainfall.
5266,87.7833,0.718867,No rainfall.
5267,87.8,0.718867,No rainfall.
5268,87.8167,0.718867,No rainfall.
5269,87.8333,0.718867,No rainfall.
5270,87.85,0.718867,No rainfall.
5271,87.8667,0.718868,No rainfall.
5272,87.8833,0.718868,No rainfall.
5273,87.9,0.718868,No rainfall.
5274,87.9167,0.718868,No rainfall.
5275,87.9333,0.718868,No rainfall.
5276,87.95,0.718868,No rainfall.
5277,87.9667,0.718868,No rainfall.
5278,87.9833,0.718868,No rainfall.
5279,88,0.718868,No rainfall.
5280,88.0167,0.718868,No rainfall.
5281,88.0333,0.718868,No rainfall.
5282,88.05,0.718868,No rainfall.
5283,88.0667,0.718868,No rainfall.
5284,88.0833,0.718868,No rainfall.
5285,88.1,0.718868,No rainfall.
5286,88.1167,0.718868,No rainfall.
5287,88.1333,0.718868,No rainfall.
5288,88.15,0.718868,No rainfall.
5289,88.1667,0.718868,No rainfall.
5290,88.1833,0.718868,No rainfall.
5291,88.2,0.718868,No rainfall.
5292,88.2167,0.718868,No rainfall.
5293,88.2333,0.718868,No rainfall.
5294,88.25,0.718868,No rainfall.
5295,88.2667,0.718868,No rainfall.
5296,88.2833,0.718868,No rainfall.
5297,88.3,0.718868,No rainfall.
5298,88.3167,0.718868,No rainfall.
5299,88.3333,0.718868,No rainfall.
5300,88.35,0.718868,No rainfall.
5301,88.3667,0.718867,No rainfall.
5302,88.3833,0.718867,No rainfall.
5303,88.4,0.718867,No rainfall.
5304,88.4167,0.718867,No rainfall.
5305,88.4333,0.718866,No rainfall.
5306,88.45,0.718866,No rainfall.
5307,88.4667,0.718866,No rainfall.
5308,88.4833,0.718866,No rainfall.
5309,88.5,0.718866,No rainfall.
5310,88.5167,0.718866,No rainfall.
5311,88.5333,0.718866,No rainfall.
5312,88.55,0.718866,No rainfall.
5313,88.5667,0.718866,No rainfall.
5314,88.5833,0.718867,No rainfall.
5315,88.6,0.718867,No rainfall.
5316,88.6167,0.718867,No rainfall.
5317,88.6333,0.718867,No rainfall.
5318,88.65,0.718867,No rainfall.
5319,88.6667,0.718868,No rainfall.
5320,88.6833,0.718868,No rainfall.
5321,88.7,0.718868,No rainfall.
5322,88.7167,0.718868,No rainfall.
5323,88.7333,0.718868,No rainfall.
5324,88.75,0.718868,No rainfall.
5325,88.7667,0.718868,No rainfall.
5326,88.7833,0.718868,No rainfall.
5327,88.8,0.718868,No rainfall.
5328,88.8167,0.718868,No rainfall.
5329,88.8333,0.718869,No rainfall.
5330,88.85,0.718869,No rainfall.
5331,88.8667,0.718869,No rainfall.
5332,88.8833,0.718869,No rainfall.
5333,88.9,0.718869,No rainfall.
5334,88.9167,0.718869,No rainfall.
5335,88.9333,0.718869,No rainfall.
5336,88.95,0.718869,No rainfall.
5337,88.9667,0.718869,No rainfall.
5338,88.9833,0.718869,No rainfall.
5339,89,0.718869,No rainfall.
5340,89.0167,0.718869,No rainfall.
5341,89.0333,0.718869,No rainfall.
5342,89.05,0.718869,No rainfall.
5343,89.0667,0.718869,No rainfall.
5344,89.0833,0.718869,No rainfall.
5345,89.1,0.718869,No rainfall.
5346,89.1167,0.718869,No rainfall.
5347,89.1333,0.718869,No rainfall.
5348,89.15,0.718869,No rainfall.
5349,89.1667,0.718869,No rainfall.
5350,89.1833,0.718869,No rainfall.
5351,89.2,0.718869,No rainfall.
5352,89.2167,0.718869,No rainfall.
5353,89.2333,0.718869,No rainfall.
5354,89.25,0.718869,No rainfall.
5355,89.2667,0.718869,No rainfall.
5356,89.2833,0.718869,No rainfall.
5357,89.3,0.718869,No rainfall.
5358,89.3167,0.718869,No rainfall.
5359,89.3333,0.718869,No rainfall.
5360,89.35,0.718869,No rainfall.
5361,89.3667,0.71887,No rainfall.
5362,89.3833,0.71887,No rainfall.
5363,89.4,0.71887,No rainfall.
5364,89.4167,0.71887,No rainfall.
5365,89.4333,0.71887,No rainfall.
5366,89.45,0.718871,No rainfall.
5367,89.4667,0.718871,No rainfall.
5368,89.4833,0.718871,No rainfall.
5369,89.5,0.718871,No rainfall.
5370,89.5167,0.718871,No rainfall.
5371,89.5333,0.718871,No rainfall.
5372,89.55,0.718872,No rainfall.
5373,89.5667,0.718871,No rainfall.
5374,89.5833,0.718872,No rainfall.
5375,89.6,0.718872,No rainfall.
5376,89.6167,0.718872,No rainfall.
5377,89.6333,0.718872,No rainfall.
5378,89.65,0.718872,No rainfall.
5379,89.6667,0.718872,No rainfall.
5380,89.6833,0.718872,No rainfall.
5381,89.7,0.718872,No rainfall.
5382,89.7167,0.718872,No rainfall.
5383,89.7333,0.718872,No rainfall.
5384,89.75,0.718872,No rainfall.
5385,89.7667,0.718872,No rainfall.
5386,89.7833,0.718872,No rainfall.
5387,89.8,0.718873,No rainfall.
5388,89.8167,0.718873,No rainfall.
5389,89.8333,0.718873,No rainfall.
5390,89.85,0.718873,No rainfall.
5391,89.8667,0.718873,No rainfall.
5392,89.8833,0.718873,No rainfall.
5393,89.9,0.718873,No rainfall.
5394,89.9167,0.718873,No rainfall.
5395,89.9333,0.718873,No rainfall.
5396,89.95,0.718873,No rainfall.
5397,89.9667,0.718873,No rainfall.
5398,89.9833,0.718873,No rainfall.
5399,90,0.718873,No rainfall.
5400,90.0167,0.718873,No rainfall.
5401,90.0333,0.718874,No rainfall.
5402,90.05,0.718874,No rainfall.
5403,90.0667,0.718874,No rainfall.
5404,90.0833,0.718873,No rainfall.
5405,90.1,0.718873,No rainfall.
5406,90.1167,0.718873,No rainfall.
5407,90.1333,0.718873,No rainfall.
5408,90.15,0.718872,No rainfall.
5409,90.1667,0.718872,No rainfall.
5410,90.1833,0.718872,No rainfall.
5411,90.2,0.718872,No rainfall.
5412,90.2167,0.718871,No rainfall.
5413,90.2333,0.718871,No rainfall.
5414,90.25,0.718871,No rainfall.
5415,90.2667,0.718871,No rainfall.
5416,90.2833,0.71887,No rainfall.
5417,90.3,0.71887,No rainfall.
5418,90.3167,0.71887,No rainfall.
5419,90.3333,0.71887,No rainfall.
5420,90.35,0.71887,No rainfall.
5421,90.3667,0.71887,No rainfall.
5422,90.3833,0.71887,No rainfall.
5423,90.4,0.71887,No rainfall.
5424,90.4167,0.71887,No rainfall.
5425,90.4333,0.71887,No rainfall.
5426,90.45,0.71887,No rainfall.
5427,90.4667,0.71887,No rainfall.
5428,90.4833,0.71887,No rainfall.
5429,90.5,0.71887,No rainfall.
5430,90.5167,0.71887,No rainfall.
5431,90.5333,0.718871,No rainfall.
5432,90.55,0.718871,No rainfall.
5433,90.5667,0.718871,No rainfall.
5434,90.5833,0.718871,No rainfall.
5435,90.6,0.718871,No rainfall.
5436,90.6167,0.718871,No rainfall.
5437,90.6333,0.718871,No rainfall.
5438,90.65,0.718871,No rainfall.
5439,90.6667,0.718871,No rainfall.
5440,90.6833,0.718872,No rainfall.
5441,90.7,0.718872,No rainfall.
5442,90.7167,0.718872,No rainfall.
5443,90.7333,0.718872,No rainfall.
5444,90.75,0.718872,No rainfall.
5445,90.7667,0.718872,No rainfall.
5446,90.7833,0.718872,No rainfall.
5447,90.8,0.718872,No rainfall.
5448,90.8167,0.718873,No rainfall.
5449,90.8333,0.718873,No rainfall.
5450,90.85,0.718873,No rainfall.
5451,90.8667,0.718873,No rainfall.
5452,90.8833,0.718873,No rainfall.
5453,90.9,0.718873,No rainfall.
5454,90.9167,0.718873,No rainfall.
5455,90.9333,0.718873,No rainfall.
5456,90.95,0.718873,No rainfall.
5457,90.9667,0.718873,No rainfall.
5458,90.9833,0.718873,No rainfall.
5459,91,0.718873,No rainfall.
5460,91.0167,0.718873,No rainfall.
5461,91.0333,0.718873,No rainfall.
5462,91.05,0.718873,No rainfall.
5463,91.0667,0.718873,No rainfall.
5464,91.0833,0.718873,No rainfall.
5465,91.1,0.718873,No rainfall.
5466,91.1167,0.718873,No rainfall.
5467,91.1333,0.718873,No rainfall.
5468,91.15,0.718874,No rainfall.
5469,91.1667,0.718874,No rainfall.
5470,91.1833,0.718874,No rainfall.
5471,91.2,0.718874,No rainfall.
5472,91.2167,0.718874,No rainfall.
5473,91.2333,0.718874,No rainfall.
5474,91.25,0.718874,No rainfall.
5475,91.2667,0.718874,No rainfall.
5476,91.2833,0.718874,No rainfall.
5477,91.3,0.718874,No rainfall.
5478,91.3167,0.718874,No rainfall.
5479,91.3333,0.718874,No rainfall.
5480,91.35,0.718874,No rainfall.
5481,91.3667,0.718874,No rainfall.
5482,91.3833,0.718874,No rainfall.
5483,91.4,0.718874,No rainfall.
5484,91.4167,0.718874,No rainfall.
5485,91.4333,0.718874,No rainfall.
5486,91.45,0.718874,No rainfall.
5487,91.4667,0.718874,No rainfall.
5488,91.4833,0.718874,No rainfall.
5489,91.5,0.718874,No rainfall.
5490,91.5167,0.718874,No rainfall.
5491,91.5333,0.718874,No rainfall.
5492,91.55,0.718874,No rainfall.
5493,91.5667,0.718874,No rainfall.
5494,91.5833,0.718874,No rainfall.
5495,91.6,0.718874,No rainfall.
5496,91.6167,0.718874,No rainfall.
5497,91.6333,0.718874,No rainfall.
5498,91.65,0.718874,No rainfall.
5499,91.6667,0.718874,No rainfall.
5500,91.6833,0.718874,No rainfall.
5501,91.7,0.718874,No rainfall.
5502,91.7167,0.718874,No rainfall.
5503,91.7333,0.718874,No rainfall.
5504,91.75,0.718874,No rainfall.
5505,91.7667,0.718875,No rainfall.
5506,91.7833,0.718875,No rainfall.
5507,91.8,0.718875,No rainfall.
5508,91.8167,0.718875,No rainfall.
5509,91.8333,0.718875,No rainfall.
5510,91.85,0.718875,No rainfall.
5511,91.8667,0.718875,No rainfall.
5512,91.8833,0.718875,No rainfall.
5513,91.9,0.718875,No rainfall.
5514,91.9167,0.718876,No rainfall.
5515,91.9333,0.718876,No rainfall.
5516,91.95,0.718876,No rainfall.
5517,91.9667,0.718876,No rainfall.
5518,91.9833,0.718876,No rainfall.
5519,92,0.718876,No rainfall.
5520,92.0167,0.718876,No rainfall.
5521,92.0333,0.718876,No rainfall.
5522,92.05,0.718876,No rainfall.
5523,92.0667,0.718876,No rainfall.
5524,92.0833,0.718876,No rainfall.
5525,92.1,0.718876,No rainfall.
5526,92.1167,0.718876,No rainfall.
5527,92.1333,0.718876,No rainfall.
5528,92.15,0.718876,No rainfall.
5529,92.1667,0.718876,No rainfall.
5530,92.1833,0.718876,No rainfall.
5531,92.2,0.718876,No rainfall.
5532,92.2167,0.718876,No rainfall.
5533,92.2333,0.718876,No rainfall.
5534,92.25,0.718876,No rainfall.
5535,92.2667,0.718876,No rainfall.
5536,92.2833,0.718876,No rainfall.
5537,92.3,0.718876,No rainfall.
5538,92.3167,0.718876,No rainfall.
5539,92.3333,0.718876,No rainfall.
5540,92.35,0.718876,No rainfall.
5541,92.3667,0.718876,No rainfall.
5542,92.3833,0.718876,No rainfall.
5543,92.4,0.718876,No rainfall.
5544,92.4167,0.718876,No rainfall.
5545,92.4333,0.718876,No rainfall.
5546,92.45,0.718875,No rainfall.
5547,92.4667,0.718875,No rainfall.
5548,92.4833,0.718875,No rainfall.
5549,92.5,0.718875,No rainfall.
5550,92.5167,0.718874,No rainfall.
5551,92.5333,0.718874,No rainfall.
5552,92.55,0.718874,No rainfall.
5553,92.5667,0.718874,No rainfall.
5554,92.5833,0.718874,No rainfall.
5555,92.6,0.718874,No rainfall.
5556,92.6167,0.718874,No rainfall.
5557,92.6333,0.718875,No rainfall.
5558,92.65,0.718875,No rainfall.
5559,92.6667,0.718875,No rainfall.
5560,92.6833,0.718875,No rainfall.
5561,92.7,0.718876,No rainfall.
5562,92.7167,0.718876,No rainfall.
5563,92.7333,0.718876,No rainfall.
5564,92.75,0.718876,No rainfall.
5565,92.7667,0.718876,No rainfall.
5566,92.7833,0.718876,No rainfall.
5567,92.8,0.718877,No rainfall.
5568,92.8167,0.718877,No rainfall.
5569,92.8333,0.718877,No rainfall.
5570,92.85,0.718877,No rainfall.
5571,92.8667,0.718877,No rainfall.
5572,92.8833,0.718877,No rainfall.
5573,92.9,0.718877,No rainfall.
5574,92.9167,0.718877,No rainfall.
5575,92.9333,0.718877,No rainfall.
5576,92.95,0.718877,No rainfall.
5577,92.9667,0.718878,No rainfall.
5578,92.9833,0.718878,No rainfall.
5579,93,0.718878,No rainfall.
5580,93.0167,0.718878,No rainfall.
5581,93.0333,0.718878,No rainfall.
5582,93.05,0.718878,No rainfall.
5583,93.0667,0.718878,No rainfall.
5584,93.0833,0.718878,No rainfall.
5585,93.1,0.718878,No rainfall.
5586,93.1167,0.718878,No rainfall.
5587,93.1333,0.718878,No rainfall.
5588,93.15,0.718878,No rainfall.
5589,93.1667,0.718878,No rainfall.
5590,93.1833,0.718878,No rainfall.
5591,93.2,0.718878,No rainfall.
5592,93.2167,0.718878,No rainfall.
5593,93.2333,0.718878,No rainfall.
5594,93.25,0.718879,No rainfall.
5595,93.2667,0.718879,No rainfall.
5596,93.2833,0.718879,No rainfall.
5597,93.3,0.718879,No rainfall.
5598,93.3167,0.718879,No rainfall.
5599,93.3333,0.718879,No rainfall.
5600,93.35,0.718879,No rainfall.
5601,93.3667,0.718879,No rainfall.
5602,93.3833,0.718879,No rainfall.
5603,93.4,0.718879,No rainfall.
5604,93.4167,0.718879,No rainfall.
5605,93.4333,0.718879,No rainfall.
5606,93.45,0.718879,No rainfall.
5607,93.4667,0.718879,No rainfall.
5608,93.4833,0.718879,No rainfall.
5609,93.5,0.718879,No rainfall.
5610,93.5167,0.718879,No rainfall.
5611,93.5333,0.718879,No rainfall.
5612,93.55,0.71888,No rainfall.
5613,93.5667,0.718879,No rainfall.
5614,93.5833,0.71888,No rainfall.
5615,93.6,0.718879,No rainfall.
5616,93.6167,0.71888,No rainfall.
5617,93.6333,0.71888,No rainfall.
5618,93.65,0.71888,No rainfall.
5619,93.6667,0.71888,No rainfall.
5620,93.6833,0.71888,No rainfall.
5621,93.7,0.71888,No rainfall.
5622,93.7167,0.71888,No rainfall.
5623,93.7333,0.71888,No rainfall.
5624,93.75,0.71888,No rainfall.
5625,93.7667,0.71888,No rainfall.
5626,93.7833,0.71888,No rainfall.
5627,93.8,0.71888,No rainfall.
5628,93.8167,0.71888,No rainfall.
5629,93.8333,0.71888,No rainfall.
5630,93.85,0.71888,No rainfall.
5631,93.8667,0.71888,No rainfall.
5632,93.8833,0.71888,No rainfall.
5633,93.9,0.71888,No rainfall.
5634,93.9167,0.71888,No rainfall.
5635,93.9333,0.71888,No rainfall.
5636,93.95,0.71888,No rainfall.
5637,93.9667,0.71888,No rainfall.
5638,93.9833,0.71888,No rainfall.
5639,94,0.71888,No rainfall.
5640,94.0167,0.71888,No rainfall.
5641,94.0333,0.71888,No rainfall.
5642,94.05,0.71888,No rainfall.
5643,94.0667,0.71888,No rainfall.
5644,94.0833,0.71888,No rainfall.
5645,94.1,0.71888,No rainfall.
5646,94.1167,0.71888,No rainfall.
5647,94.1333,0.71888,No rainfall.
5648,94.15,0.71888,No rainfall.
5649,94.1667,0.71888,No rainfall.
5650,94.1833,0.71888,No rainfall.
5651,94.2,0.71888,No rainfall.
5652,94.2167,0.71888,No rainfall.
5653,94.2333,0.71888,No rainfall.
5654,94.25,0.71888,No rainfall.
5655,94.2667,0.71888,No rainfall.
5656,94.2833,0.71888,No rainfall.
5657,94.3,0.71888,No rainfall.
5658,94.3167,0.71888,No rainfall.
5659,94.3333,0.718879,No rainfall.
5660,94.35,0.718879,No rainfall.
5661,94.3667,0.718879,No rainfall.
5662,94.3833,0.718879,No rainfall.
5663,94.4,0.718879,No rainfall.
5664,94.4167,0.718879,No rainfall.
5665,94.4333,0.718879,No rainfall.
5666,94.45,0.718879,No rainfall.
5667,94.4667,0.718879,No rainfall.
5668,94.4833,0.718879,No rainfall.
5669,94.5,0.718879,No rainfall.
5670,94.5167,0.718879,No rainfall.
5671,94.5333,0.718879,No rainfall.
5672,94.55,0.718879,No rainfall.
5673,94.5667,0.718879,No rainfall.
5674,94.5833,0.718879,No rainfall.
5675,94.6,0.718879,No rainfall.
5676,94.6167,0.718879,No rainfall.
5677,94.6333,0.718879,No rainfall.
5678,94.65,0.718879,No rainfall.
5679,94.6667,0.718879,No rainfall.
5680,94.6833,0.718879,No rainfall.
5681,94.7,0.718879,No rainfall.
5682,94.7167,0.718879,No rainfall.
5683,94.7333,0.718879,No rainfall.
5684,94.75,0.718879,No rainfall.
5685,94.7667,0.718879,No rainfall.
5686,94.7833,0.718879,No rainfall.
5687,94.8,0.718879,No rainfall.
5688,94.8167,0.718879,No rainfall.
5689,94.8333,0.718879,No rainfall.
5690,94.85,0.718879,No rainfall.
5691,94.8667,0.718879,No rainfall.
5692,94.8833,0.718879,No rainfall.
5693,94.9,0.718879,No rainfall.
5694,94.9167,0.718879,No rainfall.
5695,94.9333,0.71888,No rainfall.
5696,94.95,0.71888,No rainfall.
5697,94.9667,0.71888,No rainfall.
5698,94.9833,0.71888,No rainfall.
5699,95,0.71888,No rainfall.
5700,95.0167,0.71888,No rainfall.
5701,95.0333,0.71888,No rainfall.
5702,95.05,0.71888,No rainfall.
5703,95.0667,0.71888,No rainfall.
5704,95.0833,0.71888,No rainfall.
5705,95.1,0.71888,No rainfall.
5706,95.1167,0.71888,No rainfall.
5707,95.1333,0.71888,No rainfall.
5708,95.15,0.71888,No rainfall.
5709,95.1667,0.71888,No rainfall.
5710,95.1833,0.71888,No rainfall.
5711,95.2,0.71888,No rainfall.
5712,95.2167,0.71888,No rainfall.
5713,95.2333,0.71888,No rainfall.
5714,95.25,0.71888,No rainfall.
5715,95.2667,0.71888,No rainfall.
5716,95.2833,0.71888,No rainfall.
5717,95.3,0.71888,No rainfall.
5718,95.3167,0.71888,No rainfall.
5719,95.3333,0.71888,No rainfall.
5720,95.35,0.71888,No rainfall.
5721,95.3667,0.71888,No rainfall.
5722,95.3833,0.71888,No rainfall.
5723,95.4,0.71888,No rainfall.
5724,95.4167,0.71888,No rainfall.
5725,95.4333,0.71888,No rainfall.
5726,95.45,0.71888,No rainfall.
5727,95.4667,0.71888,No rainfall.
5728,95.4833,0.71888,No rainfall.
5729,95.5,0.71888,No rainfall.
5730,95.5167,0.71888,No rainfall.
5731,95.5333,0.71888,No rainfall.
5732,95.55,0.71888,No rainfall.
5733,95.5667,0.71888,No rainfall.
5734,95.5833,0.71888,No rainfall.
5735,95.6,0.71888,No rainfall.
5736,95.6167,0.71888,No rainfall.
5737,95.6333,0.71888,No rainfall.
5738,95.65,0.71888,No rainfall.
5739,95.6667,0.71888,No rainfall.
5740,95.6833,0.71888,No rainfall.
5741,95.7,0.71888,No rainfall.
5742,95.7167,0.71888,No rainfall.
5743,95.7333,0.71888,No rainfall.
5744,95.75,0.71888,No rainfall.
5745,95.7667,0.71888,No rainfall.
5746,95.7833,0.71888,No rainfall.
5747,95.8,0.71888,No rainfall.
5748,95.8167,0.71888,No rainfall.
5749,95.8333,0.71888,No rainfall.
5750,95.85,0.718881,No rainfall.
5751,95.8667,0.718881,No rainfall.
5752,95.8833,0.718881,No rainfall.
5753,95.9,0.718881,No rainfall.
5754,95.9167,0.718881,No rainfall.
5755,95.9333,0.718881,No rainfall.
5756,95.95,0.718881,No rainfall.
5757,95.9667,0.718881,No rainfall.
5758,95.9833,0.718881,No rainfall.
5759,96,0.718881,No rainfall.
5760,96.0167,0.718881,No rainfall.
5761,96.0333,0.718882,No rainfall.
5762,96.05,0.718882,No rainfall.
5763,96.0667,0.718882,No rainfall.
5764,96.0833,0.718882,No rainfall.
5765,96.1,0.718882,No rainfall.
5766,96.1167,0.718882,No rainfall.
5767,96.1333,0.718882,No rainfall.
5768,96.15,0.718882,No rainfall.
5769,96.1667,0.718882,No rainfall.
5770,96.1833,0.718882,No rainfall.
5771,96.2,0.718882,No rainfall.
5772,96.2167,0.718882,No rainfall.
5773,96.2333,0.718882,No rainfall.
5774,96.25,0.718882,No rainfall.
5775,96.2667,0.718883,No rainfall.
5776,96.2833,0.718883,No rainfall.
5777,96.3,0.718883,No rainfall.
5778,96.3167,0.718883,No rainfall.
5779,96.3333,0.718883,No rainfall.
5780,96.35,0.718883,No rainfall.
5781,96.3667,0.718883,No rainfall.
5782,96.3833,0.718883,No rainfall.
5783,96.4,0.718883,No rainfall.
5784,96.4167,0.718883,No rainfall.
5785,96.4333,0.718883,No rainfall.
5786,96.45,0.718883,No rainfall.
5787,96.4667,0.718883,No rainfall.
5788,96.4833,0.718883,No rainfall.
5789,96.5,0.718883,No rainfall.
5790,96.5167,0.718883,No rainfall.
5791,96.5333,0.718883,No rainfall.
5792,96.55,0.718883,No rainfall.
5793,96.5667,0.718883,No rainfall.
5794,96.5833,0.718883,No rainfall.
5795,96.6,0.718883,No rainfall.
5796,96.6167,0.718883,No rainfall.
5797,96.6333,0.718883,No rainfall.
5798,96.65,0.718883,No rainfall.
5799,96.6667,0.718883,No rainfall.
5800,96.6833,0.718883,No rainfall.
5801,96.7,0.718883,No rainfall.
5802,96.7167,0.718883,No rainfall.
5803,96.7333,0.718883,No rainfall.
5804,96.75,0.718883,No rainfall.
5805,96.7667,0.718883,No rainfall.
5806,96.7833,0.718883,No rainfall.
5807,96.8,0.718883,No rainfall.
5808,96.8167,0.718883,No rainfall.
5809,96.8333,0.718883,No rainfall.
5810,96.85,0.718883,No rainfall.
5811,96.8667,0.718884,No rainfall.
5812,96.8833,0.718883,No rainfall.
5813,96.9,0.718883,No rainfall.
5814,96.9167,0.718883,No rainfall.
5815,96.9333,0.718883,No rainfall.
5816,96.95,0.718883,No rainfall.
5817,96.9667,0.718883,No rainfall.
5818,96.9833,0.718883,No rainfall.
5819,97,0.718883,No rainfall.
5820,97.0167,0.718883,No rainfall.
5821,97.0333,0.718883,No rainfall.
5822,97.05,0.718883,No rainfall.
5823,97.0667,0.718883,No rainfall.
5824,97.0833,0.718883,No rainfall.
5825,97.1,0.718883,No rainfall.
5826,97.1167,0.718883,No rainfall.
5827,97.1333,0.718883,No rainfall.
5828,97.15,0.718883,No rainfall.
5829,97.1667,0.718883,No rainfall.
5830,97.1833,0.718883,No rainfall.
5831,97.2,0.718883,No rainfall.
5832,97.2167,0.718883,No rainfall.
5833,97.2333,0.718883,No rainfall.
5834,97.25,0.718883,No rainfall.
5835,97.2667,0.718883,No rainfall.
5836,97.2833,0.718883,No rainfall.
5837,97.3,0.718883,No rainfall.
5838,97.3167,0.718883,No rainfall.
5839,97.3333,0.718883,No rainfall.
5840,97.35,0.718883,No rainfall.
5841,97.3667,0.718883,No rainfall.
5842,97.3833,0.718883,No rainfall.
5843,97.4,0.718883,No rainfall.
5844,97.4167,0.718883,No rainfall.
5845,97.4333,0.718883,No rainfall.
5846,97.45,0.718883,No rainfall.
5847,97.4667,0.718883,No rainfall.
5848,97.4833,0.718883,No rainfall.
5849,97.5,0.718883,No rainfall.
5850,97.5167,0.718883,No rainfall.
5851,97.5333,0.718883,No rainfall.
5852,97.55,0.718883,No rainfall.
5853,97.5667,0.718883,No rainfall.
5854,97.5833,0.718883,No rainfall.
5855,97.6,0.718883,No rainfall.
5856,97.6167,0.718883,No rainfall.
5857,97.6333,0.718883,No rainfall.
5858,97.65,0.718883,No rainfall.
5859,97.6667,0.718883,No rainfall.
5860,97.6833,0.718883,No rainfall.
5861,97.7,0.718883,No rainfall.
5862,97.7167,0.718883,No rainfall.
5863,97.7333,0.718884,No rainfall.
5864,97.75,0.718884,No rainfall.
5865,97.7667,0.718884,No rainfall.
5866,97.7833,0.718884,No rainfall.
5867,97.8,0.718884,No rainfall.
5868,97.8167,0.718884,No rainfall.
5869,97.8333,0.718884,No rainfall.
5870,97.85,0.718884,No rainfall.
5871,97.8667,0.718884,No rainfall.
5872,97.8833,0.718884,No rainfall.
5873,97.9,0.718884,No rainfall.
5874,97.9167,0.718884,No rainfall.
5875,97.9333,0.718884,No rainfall.
5876,97.95,0.718885,No rainfall.
5877,97.9667,0.718884,No rainfall.
5878,97.9833,0.718884,No rainfall.
5879,98,0.718884,No rainfall.
5880,98.0167,0.718884,No rainfall.
5881,98.0333,0.718884,No rainfall.
5882,98.05,0.718884,No rainfall.
5883,98.0667,0.718884,No rainfall.
5884,98.0833,0.718884,No rainfall.
5885,98.1,0.718884,No rainfall.
5886,98.1167,0.718884,No rainfall.
5887,98.1333,0.718884,No rainfall.
5888,98.15,0.718884,No rainfall.
5889,98.1667,0.718884,No rainfall.
5890,98.1833,0.718884,No rainfall.
5891,98.2,0.718884,No rainfall.
5892,98.2167,0.718884,No rainfall.
5893,98.2333,0.718884,No rainfall.
5894,98.25,0.718884,No rainfall.
5895,98.2667,0.718884,No rainfall.
5896,98.2833,0.718884,No rainfall.
5897,98.3,0.718884,No rainfall.
5898,98.3167,0.718884,No rainfall.
5899,98.3333,0.718884,No rainfall.
5900,98.35,0.718884,No rainfall.
5901,98.3667,0.718884,No rainfall.
5902,98.3833,0.718884,No rainfall.
5903,98.4,0.718884,No rainfall.
5904,98.4167,0.718884,No rainfall.
5905,98.4333,0.718884,No rainfall.
5906,98.45,0.718884,No rainfall.
5907,98.4667,0.718884,No rainfall.
5908,98.4833,0.718884,No rainfall.
5909,98.5,0.718884,No rainfall.
5910,98.5167,0.718884,No rainfall.
5911,98.5333,0.718884,No rainfall.
5912,98.55,0.718884,No rainfall.
5913,98.5667,0.718884,No rainfall.
5914,98.5833,0.718884,No rainfall.
5915,98.6,0.718884,No rainfall.
5916,98.6167,0.718884,No rainfall.
5917,98.6333,0.718885,No rainfall.
5918,98.65,0.718885,No rainfall.
5919,98.6667,0.718885,No rainfall.
5920,98.6833,0.718885,No rainfall.
5921,98.7,0.718885,No rainfall.
5922,98.7167,0.718885,No rainfall.
5923,98.7333,0.718885,No rainfall.
5924,98.75,0.718885,No rainfall.
5925,98.7667,0.718885,No rainfall.
5926,98.7833,0.718885,No rainfall.
5927,98.8,0.718886,No rainfall.
5928,98.8167,0.718886,No rainfall.
5929,98.8333,0.718886,No rainfall.
5930,98.85,0.718886,No rainfall.
5931,98.8667,0.718886,No rainfall.
5932,98.8833,0.718886,No rainfall.
5933,98.9,0.718886,No rainfall.
5934,98.9167,0.718886,No rainfall.
5935,98.9333,0.718886,No rainfall.
5936,98.95,0.718886,No rainfall.
5937,98.9667,0.718887,No rainfall.
5938,98.9833,0.718887,No rainfall.
5939,99,0.718887,No rainfall.
5940,99.0167,0.718887,No rainfall.
5941,99.0333,0.718887,No rainfall.
5942,99.05,0.718887,No rainfall.
5943,99.0667,0.718887,No rainfall.
5944,99.0833,0.718887,No rainfall.
5945,99.1,0.718887,No rainfall.
5946,99.1167,0.718887,No rainfall.
5947,99.1333,0.718887,No rainfall.
5948,99.15,0.718887,No rainfall.
5949,99.1667,0.718887,No rainfall.
5950,99.1833,0.718887,No rainfall.
5951,99.2,0.718887,No rainfall.
5952,99.2167,0.718888,No rainfall.
5953,99.2333,0.718888,No rainfall.
5954,99.25,0.718888,No rainfall.
5955,99.2667,0.718888,No rainfall.
5956,99.2833,0.718888,No rainfall.
5957,99.3,0.718888,No rainfall.
5958,99.3167,0.718888,No rainfall.
5959,99.3333,0.718888,No rainfall.
5960,99.35,0.718888,No rainfall.
5961,99.3667,0.718888,No rainfall.
5962,99.3833,0.718888,No rainfall.
5963,99.4,0.718888,No rainfall.
5964,99.4167,0.718888,No rainfall.
5965,99.4333,0.718888,No rainfall.
5966,99.45,0.718888,No rainfall.
5967,99.4667,0.718888,No rainfall.
5968,99.4833,0.718888,No rainfall.
5969,99.5,0.718889,No rainfall.
5970,99.5167,0.718888,No rainfall.
5971,99.5333,0.718888,No rainfall.
5972,99.55,0.718888,No rainfall.
5973,99.5667,0.718888,No rainfall.
5974,99.5833,0.718888,No rainfall.
5975,99.6,0.718888,No rainfall.
5976,99.6167,0.718888,No rainfall.
5977,99.6333,0.718888,No rainfall.
5978,99.65,0.718888,No rainfall.
5979,99.6667,0.718888,No rainfall.
5980,99.6833,0.718888,No rainfall.
5981,99.7,0.718888,No rainfall.
5982,99.7167,0.718888,No rainfall.
5983,99.7333,0.718888,No rainfall.
5984,99.75,0.718888,No rainfall.
5985,99.7667,0.718888,No rainfall.
5986,99.7833,0.718888,No rainfall.
5987,99.8,0.718888,No rainfall.
5988,99.8167,0.718888,No rainfall.
5989,99.8333,0.718887,No rainfall.
5990,99.85,0.718887,No rainfall.
5991,99.8667,0.718887,No rainfall.
5992,99.8833,0.718887,No rainfall.
5993,99.9,0.718886,No rainfall.
5994,99.9167,0.718886,No rainfall.
5995,99.9333,0.718886,No rainfall.
5996,99.95,0.718886,No rainfall.
5997,99.9667,0.718886,No rainfall.
5998,99.9833,0.718886,No rainfall.
5999,100,0.718886,No rainfall.
6000,100.017,0.718886,No rainfall.
6001,100.033,0.718886,No rainfall.
6002,100.05,0.718886,No rainfall.
6003,100.067,0.718886,No rainfall.
6004,100.083,0.718886,No rainfall.
6005,100.1,0.718886,No rainfall.
6006,100.117,0.718886,No rainfall.
6007,100.133,0.718886,No rainfall.
6008,100.15,0.718886,No rainfall.
6009,100.167,0.718886,No rainfall.
6010,100.183,0.718886,No rainfall.
6011,100.2,0.718886,No rainfall.
6012,100.217,0.718886,No rainfall.
6013,100.233,0.718886,No rainfall.
6014,100.25,0.718886,No rainfall.
6015,100.267,0.718886,No rainfall.
6016,100.283,0.718886,No rainfall.
6017,100.3,0.718886,No rainfall.
6018,100.317,0.718886,No rainfall.
6019,100.333,0.718886,No rainfall.
6020,100.35,0.718886,No rainfall.
6021,100.367,0.718887,No rainfall.
6022,100.383,0.718887,No rainfall.
6023,100.4,0.718887,No rainfall.
6024,100.417,0.718887,No rainfall.
6025,100.433,0.718887,No rainfall.
6026,100.45,0.718887,No rainfall.
6027,100.467,0.718887,No rainfall.
6028,100.483,0.718887,No rainfall.
6029,100.5,0.718887,No rainfall.
6030,100.517,0.718887,No rainfall.
6031,100.533,0.718887,No rainfall.
6032,100.55,0.718887,No rainfall.
6033,100.567,0.718887,No rainfall.
6034,100.583,0.718887,No rainfall.
6035,100.6,0.718887,No rainfall.
6036,100.617,0.718887,No rainfall.
6037,100.633,0.718887,No rainfall.
6038,100.65,0.718887,No rainfall.
6039,100.667,0.718888,No rainfall.
6040,100.683,0.718888,No rainfall.
6041,100.7,0.718888,No rainfall.
6042,100.717,0.718888,No rainfall.
6043,100.733,0.718888,No rainfall.
6044,100.75,0.718888,No rainfall.
6045,100.767,0.718888,No rainfall.
6046,100.783,0.718888,No rainfall.
6047,100.8,0.718888,No rainfall.
6048,100.817,0.718888,No rainfall.
6049,100.833,0.718888,No rainfall.
6050,100.85,0.718888,No rainfall.
6051,100.867,0.718888,No rainfall.
6052,100.883,0.718888,No rainfall.
6053,100.9,0.718889,No rainfall.
6054,100.917,0.718889,No rainfall.
6055,100.933,0.718889,No rainfall.
6056,100.95,0.718889,No rainfall.
6057,100.967,0.718889,No rainfall.
6058,100.983,0.718889,No rainfall.
6059,101,0.718889,No rainfall.
6060,101.017,0.718889,No rainfall.
6061,101.033,0.71889,No rainfall.
6062,101.05,0.71889,No rainfall.
6063,101.067,0.71889,No rainfall.
6064,101.083,0.71889,No rainfall.
6065,101.1,0.71889,No rainfall.
6066,101.117,0.71889,No rainfall.
6067,101.133,0.71889,No rainfall.
6068,101.15,0.71889,No rainfall.
6069,101.167,0.71889,No rainfall.
6070,101.183,0.71889,No rainfall.
6071,101.2,0.71889,No rainfall.
6072,101.217,0.71889,No rainfall.
6073,101.233,0.71889,No rainfall.
6074,101.25,0.71889,No rainfall.
6075,101.267,0.71889,No rainfall.
6076,101.283,0.71889,No rainfall.
6077,101.3,0.71889,No rainfall.
6078,101.317,0.71889,No rainfall.
6079,101.333,0.71889,No rainfall.
6080,101.35,0.71889,No rainfall.
6081,101.367,0.71889,No rainfall.
6082,101.383,0.71889,No rainfall.
6083,101.4,0.71889,No rainfall.
6084,101.417,0.71889,No rainfall.
6085,101.433,0.71889,No rainfall.
6086,101.45,0.71889,No rainfall.
6087,101.467,0.71889,No rainfall.
6088,101.483,0.71889,No rainfall.
6089,101.5,0.71889,No rainfall.
6090,101.517,0.71889,No rainfall.
6091,101.533,0.71889,No rainfall.
6092,101.55,0.71889,No rainfall.
6093,101.567,0.71889,No rainfall.
6094,101.583,0.71889,No rainfall.
6095,101.6,0.71889,No rainfall.
6096,101.617,0.71889,No rainfall.
6097,101.633,0.71889,No rainfall.
6098,101.65,0.71889,No rainfall.
6099,101.667,0.71889,No rainfall.
6100,101.683,0.71889,No rainfall.
6101,101.7,0.71889,No rainfall.
6102,101.717,0.71889,No rainfall.
6103,101.733,0.71889,No rainfall.
6104,101.75,0.71889,No rainfall.
6105,101.767,0.71889,No rainfall.
6106,101.783,0.71889,No rainfall.
6107,101.8,0.71889,No rainfall.
6108,101.817,0.71889,No rainfall.
6109,101.833,0.71889,No rainfall.
6110,101.85,0.71889,No rainfall.
6111,101.867,0.71889,No rainfall.
6112,101.883,0.71889,No rainfall.
6113,101.9,0.71889,No rainfall.
6114,101.917,0.71889,No rainfall.
6115,101.933,0.71889,No rainfall.
6116,101.95,0.71889,No rainfall.
6117,101.967,0.71889,No rainfall.
6118,101.983,0.71889,No rainfall.
6119,102,0.71889,No rainfall.
6120,102.017,0.71889,No rainfall.
6121,102.033,0.71889,No rainfall.
6122,102.05,0.71889,No rainfall.
6123,102.067,0.71889,No rainfall.
6124,102.083,0.71889,No rainfall.
6125,102.1,0.71889,No rainfall.
6126,102.117,0.71889,No rainfall.
6127,102.133,0.718891,No rainfall.
6128,102.15,0.718891,No rainfall.
6129,102.167,0.718891,No rainfall.
6130,102.183,0.718891,No rainfall.
6131,102.2,0.718891,No rainfall.
6132,102.217,0.718891,No rainfall.
6133,102.233,0.718891,No rainfall.
6134,102.25,0.718891,No rainfall.
6135,102.267,0.718891,No rainfall.
6136,102.283,0.718891,No rainfall.
6137,102.3,0.718892,No rainfall.
6138,102.317,0.718892,No rainfall.
6139,102.333,0.718892,No rainfall.
6140,102.35,0.718892,No rainfall.
6141,102.367,0.718892,No rainfall.
6142,102.383,0.718892,No rainfall.
6143,102.4,0.718892,No rainfall.
6144,102.417,0.718892,No rainfall.
6145,102.433,0.718892,No rainfall.
6146,102.45,0.718892,No rainfall.
6147,102.467,0.718892,No rainfall.
6148,102.483,0.718892,No rainfall.
6149,102.5,0.718893,No rainfall.
6150,102.517,0.718893,No rainfall.
6151,102.533,0.718893,No rainfall.
6152,102.55,0.718893,No rainfall.
6153,102.567,0.718893,No rainfall.
6154,102.583,0.718893,No rainfall.
6155,102.6,0.718893,No rainfall.
6156,102.617,0.718893,No rainfall.
6157,102.633,0.718893,No rainfall.
6158,102.65,0.718893,No rainfall.
6159,102.667,0.718893,No rainfall.
6160,102.683,0.718893,No rainfall.
6161,102.7,0.718893,No rainfall.
6162,102.717,0.718893,No rainfall.
6163,102.733,0.718893,No rainfall.
6164,102.75,0.718893,No rainfall.
6165,102.767,0.718893,No rainfall.
6166,102.783,0.718893,No rainfall.
6167,102.8,0.718893,No rainfall.
6168,102.817,0.718893,No rainfall.
6169,102.833,0.718893,No rainfall.
6170,102.85,0.718893,No rainfall.
6171,102.867,0.718892,No rainfall.
6172,102.883,0.718892,No rainfall.
6173,102.9,0.718892,No rainfall.
6174,102.917,0.718891,No rainfall.
6175,102.933,0.718891,No rainfall.
6176,102.95,0.718891,No rainfall.
6177,102.967,0.718891,No rainfall.
6178,102.983,0.71889,No rainfall.
6179,103,0.71889,No rainfall.
6180,103.017,0.71889,No rainfall.
6181,103.033,0.71889,No rainfall.
6182,103.05,0.71889,No rainfall.
6183,103.067,0.71889,No rainfall.
6184,103.083,0.71889,No rainfall.
6185,103.1,0.71889,No rainfall.
6186,103.117,0.71889,No rainfall.
6187,103.133,0.71889,No rainfall.
6188,103.15,0.71889,No rainfall.
6189,103.167,0.71889,No rainfall.
6190,103.183,0.71889,No rainfall.
6191,103.2,0.71889,No rainfall.
6192,103.217,0.71889,No rainfall.
6193,103.233,0.71889,No rainfall.
6194,103.25,0.71889,No rainfall.
6195,103.267,0.71889,No rainfall.
6196,103.283,0.71889,No rainfall.
6197,103.3,0.71889,No rainfall.
6198,103.317,0.71889,No rainfall.
6199,103.333,0.71889,No rainfall.
6200,103.35,0.71889,No rainfall.
6201,103.367,0.71889,No rainfall.
6202,103.383,0.71889,No rainfall.
6203,103.4,0.71889,No rainfall.
6204,103.417,0.71889,No rainfall.
6205,103.433,0.71889,No rainfall.
6206,103.45,0.71889,No rainfall.
6207,103.467,0.71889,No rainfall.
6208,103.483,0.71889,No rainfall.
6209,103.5,0.71889,No rainfall.
6210,103.517,0.718891,No rainfall.
6211,103.533,0.718891,No rainfall.
6212,103.55,0.718891,No rainfall.
6213,103.567,0.718891,No rainfall.
6214,103.583,0.718891,No rainfall.
6215,103.6,0.718892,No rainfall.
6216,103.617,0.718892,No rainfall.
6217,103.633,0.718892,No rainfall.
6218,103.65,0.718892,No rainfall.
6219,103.667,0.718892,No rainfall.
6220,103.683,0.718892,No rainfall.
6221,103.7,0.718892,No rainfall.
6222,103.717,0.718892,No rainfall.
6223,103.733,0.718892,No rainfall.
6224,103.75,0.718892,No rainfall.
6225,103.767,0.718892,No rainfall.
6226,103.783,0.718893,No rainfall.
6227,103.8,0.718893,No rainfall.
6228,103.817,0.718893,No rainfall.
6229,103.833,0.718893,No rainfall.
6230,103.85,0.718893,No rainfall.
6231,103.867,0.718893,No rainfall.
6232,103.883,0.718893,No rainfall.
6233,103.9,0.718893,No rainfall.
6234,103.917,0.718893,No rainfall.
6235,103.933,0.718894,No rainfall.
6236,103.95,0.718894,No rainfall.
6237,103.967,0.718894,No rainfall.
6238,103.983,0.718894,No rainfall.
6239,104,0.718894,No rainfall.
6240,104.017,0.718894,No rainfall.
6241,104.033,0.718894,No rainfall.
6242,104.05,0.718894,No rainfall.
6243,104.067,0.718894,No rainfall.
6244,104.083,0.718894,No rainfall.
6245,104.1,0.718894,No rainfall.
6246,104.117,0.718894,No rainfall.
6247,104.133,0.718894,No rainfall.
6248,104.15,0.718895,No rainfall.
6249,104.167,0.718895,No rainfall.
6250,104.183,0.718895,No rainfall.
6251,104.2,0.718895,No rainfall.
6252,104.217,0.718895,No rainfall.
6253,104.233,0.718895,No rainfall.
6254,104.25,0.718895,No rainfall.
6255,104.267,0.718895,No rainfall.
6256,104.283,0.718896,No rainfall.
6257,104.3,0.718896,No rainfall.
6258,104.317,0.718896,No rainfall.
6259,104.333,0.718896,No rainfall.
6260,104.35,0.718895,No rainfall.
6261,104.367,0.718895,No rainfall.
6262,104.383,0.718895,No rainfall.
6263,104.4,0.718895,No rainfall.
6264,104.417,0.718895,No rainfall.
6265,104.433,0.718895,No rainfall.
6266,104.45,0.718895,No rainfall.
6267,104.467,0.718895,No rainfall.
6268,104.483,0.718895,No rainfall.
6269,104.5,0.718895,No rainfall.
6270,104.517,0.718895,No rainfall.
6271,104.533,0.718894,No rainfall.
6272,104.55,0.718894,No rainfall.
6273,104.567,0.718894,No rainfall.
6274,104.583,0.718894,No rainfall.
6275,104.6,0.718894,No rainfall.
6276,104.617,0.718894,No rainfall.
6277,104.633,0.718894,No rainfall.
6278,104.65,0.718894,No rainfall.
6279,104.667,0.718894,No rainfall.
6280,104.683,0.718894,No rainfall.
6281,104.7,0.718894,No rainfall.
6282,104.717,0.718894,No rainfall.
6283,104.733,0.718894,No rainfall.
6284,104.75,0.718894,No rainfall.
6285,104.767,0.718894,No rainfall.
6286,104.783,0.718894,No rainfall.
6287,104.8,0.718894,No rainfall.
6288,104.817,0.718894,No rainfall.
6289,104.833,0.718894,No rainfall.
6290,104.85,0.718894,No rainfall.
6291,104.867,0.718895,No rainfall.
6292,104.883,0.718895,No rainfall.
6293,104.9,0.718895,No rainfall.
6294,104.917,0.718895,No rainfall.
6295,104.933,0.718895,No rainfall.
6296,104.95,0.718895,No rainfall.
6297,104.967,0.718895,No rainfall.
6298,104.983,0.718895,No rainfall.
6299,105,0.718895,No rainfall.
6300,105.017,0.718895,No rainfall.
6301,105.033,0.718895,No rainfall.
6302,105.05,0.718895,No rainfall.
6303,105.067,0.718895,No rainfall.
6304,105.083,0.718895,No rainfall.
6305,105.1,0.718895,No rainfall.
6306,105.117,0.718895,No rainfall.
6307,105.133,0.718895,No rainfall.
6308,105.15,0.718895,No rainfall.
6309,105.167,0.718895,No rainfall.
6310,105.183,0.718895,No rainfall.
6311,105.2,0.718895,No rainfall.
6312,105.217,0.718895,No rainfall.
6313,105.233,0.718895,No rainfall.
6314,105.25,0.718895,No rainfall.
6315,105.267,0.718895,No rainfall.
6316,105.283,0.718895,No rainfall.
6317,105.3,0.718895,No rainfall.
6318,105.317,0.718895,No rainfall.
6319,105.333,0.718895,No rainfall.
6320,105.35,0.718895,No rainfall.
6321,105.367,0.718895,No rainfall.
6322,105.383,0.718895,No rainfall.
6323,105.4,0.718895,No rainfall.
6324,105.417,0.718896,No rainfall.
6325,105.433,0.718896,No rainfall.
6326,105.45,0.718896,No rainfall.
6327,105.467,0.718896,No rainfall.
6328,105.483,0.718896,No rainfall.
6329,105.5,0.718896,No rainfall.
6330,105.517,0.718896,No rainfall.
6331,105.533,0.718896,No rainfall.
6332,105.55,0.718896,No rainfall.
6333,105.567,0.718896,No rainfall.
6334,105.583,0.718896,No rainfall.
6335,105.6,0.718896,No rainfall.
6336,105.617,0.718896,No rainfall.
6337,105.633,0.718896,No rainfall.
6338,105.65,0.718896,No rainfall.
6339,105.667,0.718896,No rainfall.
6340,105.683,0.718896,No rainfall.
6341,105.7,0.718896,No rainfall.
6342,105.717,0.718896,No rainfall.
6343,105.733,0.718895,No rainfall.
6344,105.75,0.718895,No rainfall.
6345,105.767,0.718895,No rainfall.
6346,105.783,0.718895,No rainfall.
6347,105.8,0.718895,No rainfall.
6348,105.817,0.718895,No rainfall.
6349,105.833,0.718895,No rainfall.
6350,105.85,0.718895,No rainfall.
6351,105.867,0.718895,No rainfall.
6352,105.883,0.718895,No rainfall.
6353,105.9,0.718895,No rainfall.
6354,105.917,0.718895,No rainfall.
6355,105.933,0.718895,No rainfall.
6356,105.95,0.718895,No rainfall.
6357,105.967,0.718895,No rainfall.
6358,105.983,0.718895,No rainfall.
6359,106,0.718895,No rainfall.
6360,106.017,0.718895,No rainfall.
6361,106.033,0.718895,No rainfall.
6362,106.05,0.718895,No rainfall.
6363,106.067,0.718895,No rainfall.
6364,106.083,0.718895,No rainfall.
6365,106.1,0.718895,No rainfall.
6366,106.117,0.718895,No rainfall.
6367,106.133,0.718895,No rainfall.
6368,106.15,0.718896,No rainfall.
6369,106.167,0.718896,No rainfall.
6370,106.183,0.718896,No rainfall.
6371,106.2,0.718896,No rainfall.
6372,106.217,0.718896,No rainfall.
6373,106.233,0.718896,No rainfall.
6374,106.25,0.718896,No rainfall.
6375,106.267,0.718896,No rainfall.
6376,106.283,0.718896,No rainfall.
6377,106.3,0.718896,No rainfall.
6378,106.317,0.718897,No rainfall.
6379,106.333,0.718897,No rainfall.
6380,106.35,0.718897,No rainfall.
6381,106.367,0.718897,No rainfall.
6382,106.383,0.718898,No rainfall.
6383,106.4,0.718898,No rainfall.
6384,106.417,0.718898,No rainfall.
6385,106.433,0.718898,No rainfall.
6386,106.45,0.718899,No rainfall.
6387,106.467,0.718899,No rainfall.
6388,106.483,0.718899,No rainfall.
6389,106.5,0.718899,No rainfall.
6390,106.517,0.718899,No rainfall.
6391,106.533,0.7189,No rainfall.
6392,106.55,0.7189,No rainfall.
6393,106.567,0.7189,No rainfall.
6394,106.583,0.7189,No rainfall.
6395,106.6,0.7189,No rainfall.
6396,106.617,0.7189,No rainfall.
6397,106.633,0.7189,No rainfall.
6398,106.65,0.7189,No rainfall.
6399,106.667,0.7189,No rainfall.
6400,106.683,0.7189,No rainfall.
6401,106.7,0.7189,No rainfall.
6402,106.717,0.7189,No rainfall.
6403,106.733,0.7189,No rainfall.
6404,106.75,0.7189,No rainfall.
6405,106.767,0.7189,No rainfall.
6406,106.783,0.7189,No rainfall.
6407,106.8,0.7189,No rainfall.
6408,106.817,0.7189,No rainfall.
6409,106.833,0.7189,No rainfall.
6410,106.85,0.7189,No rainfall.
6411,106.867,0.7189,No rainfall.
6412,106.883,0.7189,No rainfall.
6413,106.9,0.7189,No rainfall.
6414,106.917,0.718899,No rainfall.
6415,106.933,0.718899,No rainfall.
6416,106.95,0.718899,No rainfall.
6417,106.967,0.718899,No rainfall.
6418,106.983,0.718899,No rainfall.
6419,107,0.718899,No rainfall.
6420,107.017,0.718899,No rainfall.
6421,107.033,0.718899,No rainfall.
6422,107.05,0.718899,No rainfall.
6423,107.067,0.718899,No rainfall.
6424,107.083,0.718899,No rainfall.
6425,107.1,0.718899,No rainfall.
6426,107.117,0.718899,No rainfall.
6427,107.133,0.718899,No rainfall.
6428,107.15,0.718899,No rainfall.
6429,107.167,0.718899,No rainfall.
6430,107.183,0.718899,No rainfall.
6431,107.2,0.718899,No rainfall.
6432,107.217,0.718899,No rainfall.
6433,107.233,0.718899,No rainfall.
6434,107.25,0.718899,No rainfall.
6435,107.267,0.718899,No rainfall.
6436,107.283,0.718899,No rainfall.
6437,107.3,0.718899,No rainfall.
6438,107.317,0.718899,No rainfall.
6439,107.333,0.718899,No rainfall.
6440,107.35,0.718899,No rainfall.
6441,107.367,0.718899,No rainfall.
6442,107.383,0.718899,No rainfall.
6443,107.4,0.718899,No rainfall.
6444,107.417,0.7189,No rainfall.
6445,107.433,0.7189,No rainfall.
6446,107.45,0.7189,No rainfall.
6447,107.467,0.7189,No rainfall.
6448,107.483,0.7189,No rainfall.
6449,107.5,0.7189,No rainfall.
6450,107.517,0.7189,No rainfall.
6451,107.533,0.7189,No rainfall.
6452,107.55,0.7189,No rainfall.
6453,107.567,0.7189,No rainfall.
6454,107.583,0.7189,No rainfall.
6455,107.6,0.7189,No rainfall.
6456,107.617,0.7189,No rainfall.
6457,107.633,0.7189,No rainfall.
6458,107.65,0.7189,No rainfall.
6459,107.667,0.7189,No rainfall.
6460,107.683,0.7189,No rainfall.
6461,107.7,0.7189,No rainfall.
6462,107.717,0.7189,No rainfall.
6463,107.733,0.7189,No rainfall.
6464,107.75,0.7189,No rainfall.
6465,107.767,0.7189,No rainfall.
6466,107.783,0.7189,No rainfall.
6467,107.8,0.7189,No rainfall.
6468,107.817,0.7189,No rainfall.
6469,107.833,0.7189,No rainfall.
6470,107.85,0.7189,No rainfall.
6471,107.867,0.718901,No rainfall.
6472,107.883,0.718901,No rainfall.
6473,107.9,0.718901,No rainfall.
6474,107.917,0.718901,No rainfall.
6475,107.933,0.718902,No rainfall.
6476,107.95,0.718902,No rainfall.
6477,107.967,0.718902,No rainfall.
6478,107.983,0.718902,No rainfall.
6479,108,0.718903,No rainfall.
6480,108.017,0.718903,No rainfall.
6481,108.033,0.718903,No rainfall.
6482,108.05,0.718903,No rainfall.
6483,108.067,0.718903,No rainfall.
6484,108.083,0.718903,No rainfall.
6485,108.1,0.718902,No rainfall.
6486,108.117,0.718902,No rainfall.
6487,108.133,0.718902,No rainfall.
6488,108.15,0.718902,No rainfall.
6489,108.167,0.718902,No rainfall.
6490,108.183,0.718902,No rainfall.
6491,108.2,0.718902,No rainfall.
6492,108.217,0.718902,No rainfall.
6493,108.233,0.718902,No rainfall.
6494,108.25,0.718902,No rainfall.
6495,108.267,0.718902,No rainfall.
6496,108.283,0.718902,No rainfall.
6497,108.3,0.718901,No rainfall.
6498,108.317,0.718902,No rainfall.
6499,108.333,0.718902,No rainfall.
6500,108.35,0.718902,No rainfall.
6501,108.367,0.718902,No rainfall.
6502,108.383,0.718902,No rainfall.
6503,108.4,0.718902,No rainfall.
6504,108.417,0.718902,No rainfall.
6505,108.433,0.718902,No rainfall.
6506,108.45,0.718902,No rainfall.
6507,108.467,0.718902,No rainfall.
6508,108.483,0.718902,No rainfall.
6509,108.5,0.718902,No rainfall.
6510,108.517,0.718902,No rainfall.
6511,108.533,0.718902,No rainfall.
6512,108.55,0.718902,No rainfall.
6513,108.567,0.718902,No rainfall.
6514,108.583,0.718902,No rainfall.
6515,108.6,0.718902,No rainfall.
6516,108.617,0.718902,No rainfall.
6517,108.633,0.718902,No rainfall.
6518,108.65,0.718902,No rainfall.
6519,108.667,0.718902,No rainfall.
6520,108.683,0.718903,No rainfall.
6521,108.7,0.718903,No rainfall.
6522,108.717,0.718903,No rainfall.
6523,108.733,0.718903,No rainfall.
6524,108.75,0.718904,No rainfall.
6525,108.767,0.718904,No rainfall.
6526,108.783,0.718904,No rainfall.
6527,108.8,0.718904,No rainfall.
6528,108.817,0.718904,No rainfall.
6529,108.833,0.718905,No rainfall.
6530,108.85,0.718905,No rainfall.
6531,108.867,0.718905,No rainfall.
6532,108.883,0.718905,No rainfall.
6533,108.9,0.718906,No rainfall.
6534,108.917,0.718906,No rainfall.
6535,108.933,0.718906,No rainfall.
6536,108.95,0.718906,No rainfall.
6537,108.967,0.718907,No rainfall.
6538,108.983,0.718907,No rainfall.
6539,109,0.718907,No rainfall.
6540,109.017,0.718907,No rainfall.
6541,109.033,0.718907,No rainfall.
6542,109.05,0.718907,No rainfall.
6543,109.067,0.718907,No rainfall.
6544,109.083,0.718906,No rainfall.
6545,109.1,0.718906,No rainfall.
6546,109.117,0.718905,No rainfall.
6547,109.133,0.718905,No rainfall.
6548,109.15,0.718905,No rainfall.
6549,109.167,0.718904,No rainfall.
6550,109.183,0.718904,No rainfall.
6551,109.2,0.718904,No rainfall.
6552,109.217,0.718904,No rainfall.
6553,109.233,0.718904,No rainfall.
6554,109.25,0.718904,No rainfall.
6555,109.267,0.718904,No rainfall.
6556,109.283,0.718904,No rainfall.
6557,109.3,0.718904,No rainfall.
6558,109.317,0.718904,No rainfall.
6559,109.333,0.718904,No rainfall.
6560,109.35,0.718904,No rainfall.
6561,109.367,0.718904,No rainfall.
6562,109.383,0.718904,No rainfall.
6563,109.4,0.718904,No rainfall.
6564,109.417,0.718904,No rainfall.
6565,109.433,0.718904,No rainfall.
6566,109.45,0.718904,No rainfall.
6567,109.467,0.718904,No rainfall.
6568,109.483,0.718905,No rainfall.
6569,109.5,0.718905,No rainfall.
6570,109.517,0.718905,No rainfall.
6571,109.533,0.718905,No rainfall.
6572,109.55,0.718906,No rainfall.
6573,109.567,0.718906,No rainfall.
6574,109.583,0.718906,No rainfall.
6575,109.6,0.718906,No rainfall.
6576,109.617,0.718906,No rainfall.
6577,109.633,0.718906,No rainfall.
6578,109.65,0.718906,No rainfall.
6579,109.667,0.718906,No rainfall.
6580,109.683,0.718906,No rainfall.
6581,109.7,0.718906,No rainfall.
6582,109.717,0.718906,No rainfall.
6583,109.733,0.718906,No rainfall.
6584,109.75,0.718906,No rainfall.
6585,109.767,0.718906,No rainfall.
6586,109.783,0.718906,No rainfall.
6587,109.8,0.718906,No rainfall.
6588,109.817,0.718906,No rainfall.
6589,109.833,0.718906,No rainfall.
6590,109.85,0.718906,No rainfall.
6591,109.867,0.718906,No rainfall.
6592,109.883,0.718906,No rainfall.
6593,109.9,0.718906,No rainfall.
6594,109.917,0.718906,No rainfall.
6595,109.933,0.718906,No rainfall.
6596,109.95,0.718907,No rainfall.
6597,109.967,0.718907,No rainfall.
6598,109.983,0.718907,No rainfall.
6599,110,0.718907,No rainfall.
6600,110.017,0.718908,No rainfall.
6601,110.033,0.718908,No rainfall.
6602,110.05,0.718908,No rainfall.
6603,110.067,0.718908,No rainfall.
6604,110.083,0.718908,No rainfall.
6605,110.1,0.718908,No rainfall.
6606,110.117,0.718908,No rainfall.
6607,110.133,0.718908,No rainfall.
6608,110.15,0.718908,No rainfall.
6609,110.167,0.718908,No rainfall.
6610,110.183,0.718908,No rainfall.
6611,110.2,0.718908,No rainfall.
6612,110.217,0.718908,No rainfall.
6613,110.233,0.718908,No rainfall.
6614,110.25,0.718908,No rainfall.
6615,110.267,0.718908,No rainfall.
6616,110.283,0.718908,No rainfall.
6617,110.3,0.718908,No rainfall.
6618,110.317,0.718908,No rainfall.
6619,110.333,0.718908,No rainfall.
6620,110.35,0.718908,No rainfall.
6621,110.367,0.718908,No rainfall.
6622,110.383,0.718908,No rainfall.
6623,110.4,0.718908,No rainfall.
6624,110.417,0.718908,No rainfall.
6625,110.433,0.718908,No rainfall.
6626,110.45,0.718908,No rainfall.
6627,110.467,0.718908,No rainfall.
6628,110.483,0.718908,No rainfall.
6629,110.5,0.718909,No rainfall.
6630,110.517,0.718909,No rainfall.
6631,110.533,0.718909,No rainfall.
6632,110.55,0.718909,No rainfall.
6633,110.567,0.718909,No rainfall.
6634,110.583,0.718908,No rainfall.
6635,110.6,0.718908,No rainfall.
6636,110.617,0.718908,No rainfall.
6637,110.633,0.718908,No rainfall.
6638,110.65,0.718908,No rainfall.
6639,110.667,0.718908,No rainfall.
6640,110.683,0.718908,No rainfall.
6641,110.7,0.718909,No rainfall.
6642,110.717,0.718909,No rainfall.
6643,110.733,0.718909,No rainfall.
6644,110.75,0.718909,No rainfall.
6645,110.767,0.718909,No rainfall.
6646,110.783,0.718909,No rainfall.
6647,110.8,0.718909,No rainfall.
6648,110.817,0.718909,No rainfall.
6649,110.833,0.718909,No rainfall.
6650,110.85,0.718909,No rainfall.
6651,110.867,0.718909,No rainfall.
6652,110.883,0.718909,No rainfall.
6653,110.9,0.718909,No rainfall.
6654,110.917,0.718909,No rainfall.
6655,110.933,0.718909,No rainfall.
6656,110.95,0.718909,No rainfall.
6657,110.967,0.718909,No rainfall.
6658,110.983,0.718909,No rainfall.
6659,111,0.718909,No rainfall.
6660,111.017,0.718909,No rainfall.
6661,111.033,0.71891,No rainfall.
6662,111.05,0.71891,No rainfall.
6663,111.067,0.71891,No rainfall.
6664,111.083,0.71891,No rainfall.
6665,111.1,0.71891,No rainfall.
6666,111.117,0.71891,No rainfall.
6667,111.133,0.71891,No rainfall.
6668,111.15,0.71891,No rainfall.
6669,111.167,0.71891,No rainfall.
6670,111.183,0.71891,No rainfall.
6671,111.2,0.71891,No rainfall.
6672,111.217,0.71891,No rainfall.
6673,111.233,0.71891,No rainfall.
6674,111.25,0.71891,No rainfall.
6675,111.267,0.71891,No rainfall.
6676,111.283,0.71891,No rainfall.
6677,111.3,0.71891,No rainfall.
6678,111.317,0.71891,No rainfall.
6679,111.333,0.71891,No rainfall.
6680,111.35,0.71891,No rainfall.
6681,111.367,0.71891,No rainfall.
6682,111.383,0.71891,No rainfall.
6683,111.4,0.71891,No rainfall.
6684,111.417,0.718911,No rainfall.
6685,111.433,0.718911,No rainfall.
6686,111.45,0.718911,No rainfall.
6687,111.467,0.718911,No rainfall.
6688,111.483,0.718912,No rainfall.
6689,111.5,0.718912,No rainfall.
6690,111.517,0.718912,No rainfall.
6691,111.533,0.718912,No rainfall.
6692,111.55,0.718912,No rainfall.
6693,111.567,0.718912,No rainfall.
6694,111.583,0.718912,No rainfall.
6695,111.6,0.718912,No rainfall.
6696,111.617,0.718912,No rainfall.
6697,111.633,0.718912,No rainfall.
6698,111.65,0.718912,No rainfall.
6699,111.667,0.718912,No rainfall.
6700,111.683,0.718912,No rainfall.
6701,111.7,0.718912,No rainfall.
6702,111.717,0.718912,No rainfall.
6703,111.733,0.718912,No rainfall.
6704,111.75,0.718912,No rainfall.
6705,111.767,0.718912,No rainfall.
6706,111.783,0.718912,No rainfall.
6707,111.8,0.718912,No rainfall.
6708,111.817,0.718912,No rainfall.
6709,111.833,0.718912,No rainfall.
6710,111.85,0.718912,No rainfall.
6711,111.867,0.718913,No rainfall.
6712,111.883,0.718913,No rainfall.
6713,111.9,0.718913,No rainfall.
6714,111.917,0.718913,No rainfall.
6715,111.933,0.718914,No rainfall.
6716,111.95,0.718914,No rainfall.
6717,111.967,0.718913,No rainfall.
6718,111.983,0.718913,No rainfall.
6719,112,0.718913,No rainfall.
6720,112.017,0.718913,No rainfall.
6721,112.033,0.718912,No rainfall.
6722,112.05,0.718912,No rainfall.
6723,112.067,0.718912,No rainfall.
6724,112.083,0.718912,No rainfall.
6725,112.1,0.718911,No rainfall.
6726,112.117,0.718911,No rainfall.
6727,112.133,0.718911,No rainfall.
6728,112.15,0.718911,No rainfall.
6729,112.167,0.718911,No rainfall.
6730,112.183,0.718911,No rainfall.
6731,112.2,0.718911,No rainfall.
6732,112.217,0.718911,No rainfall.
6733,112.233,0.718911,No rainfall.
6734,112.25,0.718911,No rainfall.
6735,112.267,0.718911,No rainfall.
6736,112.283,0.718911,No rainfall.
6737,112.3,0.718911,No rainfall.
6738,112.317,0.718911,No rainfall.
6739,112.333,0.718911,No rainfall.
6740,112.35,0.718911,No rainfall.
6741,112.367,0.718911,No rainfall.
6742,112.383,0.718912,No rainfall.
6743,112.4,0.718912,No rainfall.
6744,112.417,0.718912,No rainfall.
6745,112.433,0.718912,No rainfall.
6746,112.45,0.718913,No rainfall.
6747,112.467,0.718913,No rainfall.
6748,112.483,0.718913,No rainfall.
6749,112.5,0.718913,No rainfall.
6750,112.517,0.718914,No rainfall.
6751,112.533,0.718914,No rainfall.
6752,112.55,0.718914,No rainfall.
6753,112.567,0.718914,No rainfall.
6754,112.583,0.718915,No rainfall.
6755,112.6,0.718915,No rainfall.
6756,112.617,0.718915,No rainfall.
6757,112.633,0.718915,No rainfall.
6758,112.65,0.718915,No rainfall.
6759,112.667,0.718916,No rainfall.
6760,112.683,0.718916,No rainfall.
6761,112.7,0.718916,No rainfall.
6762,112.717,0.718916,No rainfall.
6763,112.733,0.718916,No rainfall.
6764,112.75,0.718916,No rainfall.
6765,112.767,0.718916,No rainfall.
6766,112.783,0.718916,No rainfall.
6767,112.8,0.718916,No rainfall.
6768,112.817,0.718916,No rainfall.
6769,112.833,0.718916,No rainfall.
6770,112.85,0.718916,No rainfall.
6771,112.867,0.718916,No rainfall.
6772,112.883,0.718916,No rainfall.
6773,112.9,0.718915,No rainfall.
6774,112.917,0.718915,No rainfall.
6775,112.933,0.718915,No rainfall.
6776,112.95,0.718915,No rainfall.
6777,112.967,0.718915,No rainfall.
6778,112.983,0.718915,No rainfall.
6779,113,0.718915,No rainfall.
6780,113.017,0.718915,No rainfall.
6781,113.033,0.718915,No rainfall.
6782,113.05,0.718915,No rainfall.
6783,113.067,0.718915,No rainfall.
6784,113.083,0.718915,No rainfall.
6785,113.1,0.718915,No rainfall.
6786,113.117,0.718915,No rainfall.
6787,113.133,0.718915,No rainfall.
6788,113.15,0.718915,No rainfall.
6789,113.167,0.718915,No rainfall.
6790,113.183,0.718915,No rainfall.
6791,113.2,0.718915,No rainfall.
6792,113.217,0.718916,No rainfall.
6793,113.233,0.718916,No rainfall.
6794,113.25,0.718916,No rainfall.
6795,113.267,0.718916,No rainfall.
6796,113.283,0.718916,No rainfall.
6797,113.3,0.718916,No rainfall.
6798,113.317,0.718916,No rainfall.
6799,113.333,0.718916,No rainfall.
6800,113.35,0.718916,No rainfall.
6801,113.367,0.718916,No rainfall.
6802,113.383,0.718916,No rainfall.
6803,113.4,0.718916,No rainfall.
6804,113.417,0.718916,No rainfall.
6805,113.433,0.718916,No rainfall.
6806,113.45,0.718916,No rainfall.
6807,113.467,0.718916,No rainfall.
6808,113.483,0.718916,No rainfall.
6809,113.5,0.718916,No rainfall.
6810,113.517,0.718916,No rainfall.
6811,113.533,0.718916,No rainfall.
6812,113.55,0.718917,No rainfall.
6813,113.567,0.718917,No rainfall.
6814,113.583,0.718917,No rainfall.
6815,113.6,0.718917,No rainfall.
6816,113.617,0.718918,No rainfall.
6817,113.633,0.718918,No rainfall.
6818,113.65,0.718918,No rainfall.
6819,113.667,0.718918,No rainfall.
6820,113.683,0.718919,No rainfall.
6821,113.7,0.718919,No rainfall.
6822,113.717,0.718919,No rainfall.
6823,113.733,0.718919,No rainfall.
6824,113.75,0.718919,No rainfall.
6825,113.767,0.718919,No rainfall.
6826,113.783,0.718919,No rainfall.
6827,113.8,0.718919,No rainfall.
6828,113.817,0.718919,No rainfall.
6829,113.833,0.718919,No rainfall.
6830,113.85,0.718919,No rainfall.
6831,113.867,0.718919,No rainfall.
6832,113.883,0.718919,No rainfall.
6833,113.9,0.718919,No rainfall.
6834,113.917,0.718919,No rainfall.
6835,113.933,0.718919,No rainfall.
6836,113.95,0.718919,No rainfall.
6837,113.967,0.718919,No rainfall.
6838,113.983,0.718919,No rainfall.
6839,114,0.718919,No rainfall.
6840,114.017,0.718919,No rainfall.
6841,114.033,0.718919,No rainfall.
6842,114.05,0.718919,No rainfall.
6843,114.067,0.718919,No rainfall.
6844,114.083,0.718919,No rainfall.
6845,114.1,0.718919,No rainfall.
6846,114.117,0.718919,No rainfall.
6847,114.133,0.718919,No rainfall.
6848,114.15,0.718919,No rainfall.
6849,114.167,0.718919,No rainfall.
6850,114.183,0.718919,No rainfall.
6851,114.2,0.718919,No rainfall.
6852,114.217,0.718919,No rainfall.
6853,114.233,0.718919,No rainfall.
6854,114.25,0.718919,No rainfall.
6855,114.267,0.718919,No rainfall.
6856,114.283,0.718919,No rainfall.
6857,114.3,0.718919,No rainfall.
6858,114.317,0.71892,No rainfall.
6859,114.333,0.71892,No rainfall.
6860,114.35,0.71892,No rainfall.
6861,114.367,0.71892,No rainfall.
6862,114.383,0.71892,No rainfall.
6863,114.4,0.718921,No rainfall.
6864,114.417,0.718921,No rainfall.
6865,114.433,0.718921,No rainfall.
6866,114.45,0.718921,No rainfall.
6867,114.467,0.718922,No rainfall.
6868,114.483,0.718922,No rainfall.
6869,114.5,0.718922,No rainfall.
6870,114.517,0.718922,No rainfall.
6871,114.533,0.718922,No rainfall.
6872,114.55,0.718922,No rainfall.
6873,114.567,0.718922,No rainfall.
6874,114.583,0.718922,No rainfall.
6875,114.6,0.718922,No rainfall.
6876,114.617,0.718922,No rainfall.
6877,114.633,0.718922,No rainfall.
6878,114.65,0.718922,No rainfall.
6879,114.667,0.718922,No rainfall.
6880,114.683,0.718921,No rainfall.
6881,114.7,0.718921,No rainfall.
6882,114.717,0.718921,No rainfall.
6883,114.733,0.718921,No rainfall.
6884,114.75,0.718921,No rainfall.
6885,114.767,0.718921,No rainfall.
6886,114.783,0.718921,No rainfall.
6887,114.8,0.718921,No rainfall.
6888,114.817,0.718921,No rainfall.
6889,114.833,0.718921,No rainfall.
6890,114.85,0.718921,No rainfall.
6891,114.867,0.718921,No rainfall.
6892,114.883,0.718921,No rainfall.
6893,114.9,0.718921,No rainfall.
6894,114.917,0.718921,No rainfall.
6895,114.933,0.718921,No rainfall.
6896,114.95,0.718921,No rainfall.
6897,114.967,0.718921,No rainfall.
6898,114.983,0.718921,No rainfall.
6899,115,0.718921,No rainfall.
6900,115.017,0.718921,No rainfall.
6901,115.033,0.718921,No rainfall.
6902,115.05,0.718921,No rainfall.
6903,115.067,0.718921,No rainfall.
6904,115.083,0.718922,No rainfall.
6905,115.1,0.718922,No rainfall.
6906,115.117,0.718922,No rainfall.
6907,115.133,0.718922,No rainfall.
6908,115.15,0.718923,No rainfall.
6909,115.167,0.718923,No rainfall.
6910,115.183,0.718923,No rainfall.
6911,115.2,0.718923,No rainfall.
6912,115.217,0.718923,No rainfall.
6913,115.233,0.718923,No rainfall.
6914,115.25,0.718923,No rainfall.
6915,115.267,0.718923,No rainfall.
6916,115.283,0.718923,No rainfall.
6917,115.3,0.718923,No rainfall.
6918,115.317,0.718923,No rainfall.
6919,115.333,0.718923,No rainfall.
6920,115.35,0.718923,No rainfall.
6921,115.367,0.718923,No rainfall.
6922,115.383,0.718923,No rainfall.
6923,115.4,0.718923,No rainfall.
6924,115.417,0.718923,No rainfall.
6925,115.433,0.718923,No rainfall.
6926,115.45,0.718923,No rainfall.
6927,115.467,0.718924,No rainfall.
6928,115.483,0.718924,No rainfall.
6929,115.5,0.718924,No rainfall.
6930,115.517,0.718924,No rainfall.
6931,115.533,0.718924,No rainfall.
6932,115.55,0.718924,No rainfall.
6933,115.567,0.718924,No rainfall.
6934,115.583,0.718924,No rainfall.
6935,115.6,0.718924,No rainfall.
6936,115.617,0.718924,No rainfall.
6937,115.633,0.718924,No rainfall.
6938,115.65,0.718924,No rainfall.
6939,115.667,0.718924,No rainfall.
6940,115.683,0.718924,No rainfall.
6941,115.7,0.718924,No rainfall.
6942,115.717,0.718924,No rainfall.
6943,115.733,0.718924,No rainfall.
6944,115.75,0.718924,No rainfall.
6945,115.767,0.718924,No rainfall.
6946,115.783,0.718924,No rainfall.
6947,115.8,0.718924,No rainfall.
6948,115.817,0.718924,No rainfall.
6949,115.833,0.718924,No rainfall.
6950,115.85,0.718924,No rainfall.
6951,115.867,0.718924,No rainfall.
6952,115.883,0.718924,No rainfall.
6953,115.9,0.718924,No rainfall.
6954,115.917,0.718924,No rainfall.
6955,115.933,0.718924,No rainfall.
6956,115.95,0.718924,No rainfall.
6957,115.967,0.718924,No rainfall.
6958,115.983,0.718924,No rainfall.
6959,116,0.718924,No rainfall.
6960,116.017,0.718924,No rainfall.
6961,116.033,0.718924,No rainfall.
6962,116.05,0.718924,No rainfall.
6963,116.067,0.718924,No rainfall.
6964,116.083,0.718924,No rainfall.
6965,116.1,0.718925,No rainfall.
6966,116.117,0.718925,No rainfall.
6967,116.133,0.718925,No rainfall.
6968,116.15,0.718925,No rainfall.
6969,116.167,0.718925,No rainfall.
6970,116.183,0.718926,No rainfall.
6971,116.2,0.718926,No rainfall.
6972,116.217,0.718926,No rainfall.
6973,116.233,0.718926,No rainfall.
6974,116.25,0.718927,No rainfall.
6975,116.267,0.718927,No rainfall.
6976,116.283,0.718927,No rainfall.
6977,116.3,0.718927,No rainfall.
6978,116.317,0.718927,No rainfall.
6979,116.333,0.718927,No rainfall.
6980,116.35,0.718927,No rainfall.
6981,116.367,0.718927,No rainfall.
6982,116.383,0.718928,No rainfall.
6983,116.4,0.718927,No rainfall.
6984,116.417,0.718927,No rainfall.
6985,116.433,0.718927,No rainfall.
6986,116.45,0.718927,No rainfall.
6987,116.467,0.718927,No rainfall.
6988,116.483,0.718927,No rainfall.
6989,116.5,0.718927,No rainfall.
6990,116.517,0.718927,No rainfall.
6991,116.533,0.718927,No rainfall.
6992,116.55,0.718927,No rainfall.
6993,116.567,0.718927,No rainfall.
6994,116.583,0.718927,No rainfall.
6995,116.6,0.718927,No rainfall.
6996,116.617,0.718927,No rainfall.
6997,116.633,0.718927,No rainfall.
6998,116.65,0.718927,No rainfall.
6999,116.667,0.718927,No rainfall.
7000,116.683,0.718927,No rainfall.
7001,116.7,0.718927,No rainfall.
7002,116.717,0.718927,No rainfall.
7003,116.733,0.718927,No rainfall.
7004,116.75,0.718927,No rainfall.
7005,116.767,0.718927,No rainfall.
7006,116.783,0.718927,No rainfall.
7007,116.8,0.718927,No rainfall.
7008,116.817,0.718927,No rainfall.
7009,116.833,0.718928,No rainfall.
7010,116.85,0.718928,No rainfall.
7011,116.867,0.718928,No rainfall.
7012,116.883,0.718928,No rainfall.
7013,116.9,0.718929,No rainfall.
7014,116.917,0.718929,No rainfall.
7015,116.933,0.718929,No rainfall.
7016,116.95,0.718929,No rainfall.
7017,116.967,0.71893,No rainfall.
7018,116.983,0.71893,No rainfall.
7019,117,0.71893,No rainfall.
7020,117.017,0.71893,No rainfall.
7021,117.033,0.71893,No rainfall.
7022,117.05,0.71893,No rainfall.
7023,117.067,0.71893,No rainfall.
7024,117.083,0.71893,No rainfall.
7025,117.1,0.71893,No rainfall.
7026,117.117,0.71893,No rainfall.
7027,117.133,0.71893,No rainfall.
7028,117.15,0.71893,No rainfall.
7029,117.167,0.71893,No rainfall.
7030,117.183,0.71893,No rainfall.
7031,117.2,0.71893,No rainfall.
7032,117.217,0.71893,No rainfall.
7033,117.233,0.71893,No rainfall.
7034,117.25,0.71893,No rainfall.
7035,117.267,0.71893,No rainfall.
7036,117.283,0.71893,No rainfall.
7037,117.3,0.71893,No rainfall.
7038,117.317,0.71893,No rainfall.
7039,117.333,0.71893,No rainfall.
7040,117.35,0.71893,No rainfall.
7041,117.367,0.71893,No rainfall.
7042,117.383,0.71893,No rainfall.
7043,117.4,0.71893,No rainfall.
7044,117.417,0.71893,No rainfall.
7045,117.433,0.71893,No rainfall.
7046,117.45,0.71893,No rainfall.
7047,117.467,0.71893,No rainfall.
7048,117.483,0.71893,No rainfall.
7049,117.5,0.71893,No rainfall.
7050,117.517,0.71893,No rainfall.
7051,117.533,0.71893,No rainfall.
7052,117.55,0.71893,No rainfall.
7053,117.567,0.71893,No rainfall.
7054,117.583,0.71893,No rainfall.
7055,117.6,0.71893,No rainfall.
7056,117.617,0.718931,No rainfall.
7057,117.633,0.718931,No rainfall.
7058,117.65,0.718931,No rainfall.
7059,117.667,0.718931,No rainfall.
7060,117.683,0.718932,No rainfall.
7061,117.7,0.718932,No rainfall.
7062,117.717,0.718932,No rainfall.
7063,117.733,0.718932,No rainfall.
7064,117.75,0.718932,No rainfall.
7065,117.767,0.718932,No rainfall.
7066,117.783,0.718932,No rainfall.
7067,117.8,0.718932,No rainfall.
7068,117.817,0.718932,No rainfall.
7069,117.833,0.718932,No rainfall.
7070,117.85,0.718932,No rainfall.
7071,117.867,0.718932,No rainfall.
7072,117.883,0.718932,No rainfall.
7073,117.9,0.718932,No rainfall.
7074,117.917,0.718932,No rainfall.
7075,117.933,0.718932,No rainfall.
7076,117.95,0.718932,No rainfall.
7077,117.967,0.718932,No rainfall.
7078,117.983,0.718932,No rainfall.
7079,118,0.718932,No rainfall.
7080,118.017,0.718932,No rainfall.
7081,118.033,0.718932,No rainfall.
7082,118.05,0.718933,No rainfall.
7083,118.067,0.718933,No rainfall.
7084,118.083,0.718933,No rainfall.
7085,118.1,0.718933,No rainfall.
7086,118.117,0.718934,No rainfall.
7087,118.133,0.718934,No rainfall.
7088,118.15,0.718934,No rainfall.
7089,118.167,0.718934,No rainfall.
7090,118.183,0.718934,No rainfall.
7091,118.2,0.718934,No rainfall.
7092,118.217,0.718934,No rainfall.
7093,118.233,0.718934,No rainfall.
7094,118.25,0.718934,No rainfall.
7095,118.267,0.718934,No rainfall.
7096,118.283,0.718934,No rainfall.
7097,118.3,0.718934,No rainfall.
7098,118.317,0.718934,No rainfall.
7099,118.333,0.718933,No rainfall.
7100,118.35,0.718933,No rainfall.
7101,118.367,0.718933,No rainfall.
7102,118.383,0.718933,No rainfall.
7103,118.4,0.718932,No rainfall.
7104,118.417,0.718932,No rainfall.
7105,118.433,0.718932,No rainfall.
7106,118.45,0.718932,No rainfall.
7107,118.467,0.718932,No rainfall.
7108,118.483,0.718932,No rainfall.
7109,118.5,0.718932,No rainfall.
7110,118.517,0.718932,No rainfall.
7111,118.533,0.718932,No rainfall.
7112,118.55,0.718932,No rainfall.
7113,118.567,0.718932,No rainfall.
7114,118.583,0.718932,No rainfall.
7115,118.6,0.718932,No rainfall.
7116,118.617,0.718932,No rainfall.
7117,118.633,0.718932,No rainfall.
7118,118.65,0.718932,No rainfall.
7119,118.667,0.718932,No rainfall.
7120,118.683,0.718933,No rainfall.
7121,118.7,0.718933,No rainfall.
7122,118.717,0.718933,No rainfall.
7123,118.733,0.718933,No rainfall.
7124,118.75,0.718934,No rainfall.
7125,118.767,0.718934,No rainfall.
7126,118.783,0.718934,No rainfall.
7127,118.8,0.718934,No rainfall.
7128,118.817,0.718935,No rainfall.
7129,118.833,0.718935,No rainfall.
7130,118.85,0.718935,No rainfall.
7131,118.867,0.718935,No rainfall.
7132,118.883,0.718935,No rainfall.
7133,118.9,0.718936,No rainfall.
7134,118.917,0.718936,No rainfall.
7135,118.933,0.718936,No rainfall.
7136,118.95,0.718936,No rainfall.
7137,118.967,0.718936,No rainfall.
7138,118.983,0.718936,No rainfall.
7139,119,0.718936,No rainfall.
7140,119.017,0.718936,No rainfall.
7141,119.033,0.718936,No rainfall.
7142,119.05,0.718936,No rainfall.
7143,119.067,0.718935,No rainfall.
7144,119.083,0.718935,No rainfall.
7145,119.1,0.718935,No rainfall.
7146,119.117,0.718935,No rainfall.
7147,119.133,0.718935,No rainfall.
7148,119.15,0.718935,No rainfall.
7149,119.167,0.718935,No rainfall.
7150,119.183,0.718935,No rainfall.
7151,119.2,0.718935,No rainfall.
7152,119.217,0.718935,No rainfall.
7153,119.233,0.718935,No rainfall.
7154,119.25,0.718935,No rainfall.
7155,119.267,0.718935,No rainfall.
7156,119.283,0.718935,No rainfall.
7157,119.3,0.718935,No rainfall.
7158,119.317,0.718935,No rainfall.
7159,119.333,0.718935,No rainfall.
7160,119.35,0.718935,No rainfall.
7161,119.367,0.718935,No rainfall.
7162,119.383,0.718935,No rainfall.
7163,119.4,0.718935,No rainfall.
7164,119.417,0.718935,No rainfall.
7165,119.433,0.718935,No rainfall.
7166,119.45,0.718935,No rainfall.
7167,119.467,0.718935,No rainfall.
7168,119.483,0.718935,No rainfall.
7169,119.5,0.718935,No rainfall.
7170,119.517,0.718936,No rainfall.
7171,119.533,0.718936,No rainfall.
7172,119.55,0.718936,No rainfall.
7173,119.567,0.718936,No rainfall.
7174,119.583,0.718936,No rainfall.
7175,119.6,0.718936,No rainfall.
7176,119.617,0.718936,No rainfall.
7177,119.633,0.718936,No rainfall.
7178,119.65,0.718936,No rainfall.
7179,119.667,0.718936,No rainfall.
7180,119.683,0.718936,No rainfall.
7181,119.7,0.718936,No rainfall.
7182,119.717,0.718936,No rainfall.
7183,119.733,0.718936,No rainfall.
7184,119.75,0.718936,No rainfall.
7185,119.767,0.718936,No rainfall.
7186,119.783,0.718936,No rainfall.
7187,119.8,0.718936,No rainfall.
7188,119.817,0.718936,No rainfall.
7189,119.833,0.718936,No rainfall.
7190,119.85,0.718936,No rainfall.
7191,119.867,0.718937,No rainfall.
7192,119.883,0.718937,No rainfall.
7193,119.9,0.718937,No rainfall.
7194,119.917,0.718937,No rainfall.
7195,119.933,0.718938,No rainfall.
7196,119.95,0.718938,No rainfall.
7197,119.967,0.718938,No rainfall.
7198,119.983,0.718938,No rainfall.
7199,120,0.718938,No rainfall.
Simulation time used by my computer for this 120 hours simulation=24.11606257333333 minutes,,,
